Deployment Date,Service,Rollout Success
12.01.2024,access-code-adm-int,TRUE
15.01.2024,access-code-adm-int,TRUE
08.02.2024,access-code-adm-int,TRUE
01.04.2025,access-code-adm-int,TRUE
23.07.2025,access-code-adm-int,TRUE
16.09.2025,access-code-adm-int,TRUE
26.09.2025,access-code-adm-int,TRUE
08.12.2025,access-code-adm-int,TRUE
09.12.2025,access-code-adm-int,TRUE
20.01.2026,access-code-adm-int,TRUE
28.01.2026,access-code-adm-int,TRUE
09.02.2026,access-code-adm-int,TRUE
10.02.2026,access-code-adm-int,TRUE
11.02.2026,access-code-adm-int,TRUE
17.02.2026,access-code-adm-int,TRUE
19.02.2026,access-code-adm-int,TRUE
24.02.2026,access-code-adm-int,TRUE
03.03.2026,access-code-adm-int,TRUE
17.03.2026,access-code-adm-int,TRUE
23.03.2026,access-code-adm-int,TRUE
31.03.2026,access-code-adm-int,TRUE
13.04.2026,access-code-adm-int,TRUE
11.05.2026,access-code-adm-int,TRUE
19.06.2026,access-code-adm-int,TRUE
22.06.2026,access-code-adm-int,TRUE
01.07.2026,access-code-adm-int,TRUE
08.07.2026,access-code-adm-int,TRUE
11.08.2026,access-code-adm-int,TRUE
19.08.2026,access-code-adm-int,TRUE
05.01.2024,access-code,TRUE
05.01.2024,access-code,TRUE
15.01.2024,access-code,TRUE
12.04.2024,access-code,TRUE
11.07.2024,access-code,TRUE
11.07.2024,access-code,TRUE
08.10.2024,access-code,TRUE
10.12.2024,access-code,TRUE
18.12.2024,access-code,TRUE
08.01.2025,access-code,TRUE
03.02.2025,access-code,TRUE
19.02.2025,access-code,TRUE
05.03.2025,access-code,TRUE
17.04.2025,access-code,TRUE
17.04.2025,access-code,TRUE
26.06.2025,access-code,TRUE
11.07.2025,access-code,TRUE
23.07.2025,access-code,TRUE
30.07.2025,access-code,TRUE
06.08.2025,access-code,TRUE
21.08.2025,access-code,TRUE
25.09.2025,access-code,TRUE
19.01.2026,access-code,TRUE
28.01.2026,access-code,TRUE
26.02.2026,access-code,TRUE
17.03.2026,access-code,TRUE
18.03.2026,access-code,TRUE
18.03.2026,access-code,TRUE
01.04.2026,access-code,TRUE
02.04.2026,access-code,TRUE
10.04.2026,access-code,TRUE
16.04.2026,access-code,TRUE
21.04.2026,access-code,TRUE
22.04.2026,access-code,TRUE
27.04.2026,access-code,TRUE
28.04.2026,access-code,TRUE
29.04.2026,access-code,TRUE
04.05.2026,access-code,TRUE
05.05.2026,access-code,TRUE
12.05.2026,access-code,TRUE
12.05.2026,access-code,TRUE
26.05.2026,access-code,TRUE
28.05.2026,access-code,TRUE
29.05.2026,access-code,TRUE
18.06.2026,access-code,TRUE
19.06.2026,access-code,TRUE
25.06.2026,access-code,TRUE
02.07.2026,access-code,TRUE
20.07.2026,access-code,TRUE
20.07.2026,access-code,TRUE
29.07.2026,access-code,TRUE
21.08.2026,access-code,TRUE
24.08.2026,access-code,TRUE
27.08.2026,access-code,TRUE
05.01.2024,activity-library,TRUE
08.01.2024,activity-library,TRUE
12.01.2024,activity-library,TRUE
16.01.2024,activity-library,TRUE
16.01.2024,activity-library,TRUE
19.01.2024,activity-library,TRUE
01.02.2024,activity-library,TRUE
08.02.2024,activity-library,TRUE
12.02.2024,activity-library,TRUE
13.02.2024,activity-library,TRUE
13.02.2024,activity-library,TRUE
16.02.2024,activity-library,TRUE
23.02.2024,activity-library,TRUE
27.02.2024,activity-library,TRUE
27.02.2024,activity-library,TRUE
27.02.2024,activity-library,TRUE
28.02.2024,activity-library,TRUE
29.02.2024,activity-library,TRUE
07.03.2024,activity-library,TRUE
08.03.2024,activity-library,TRUE
13.03.2024,activity-library,TRUE
19.03.2024,activity-library,TRUE
19.03.2024,activity-library,TRUE
20.03.2024,activity-library,TRUE
20.03.2024,activity-library,TRUE
20.03.2024,activity-library,FALSE
20.03.2024,activity-library,TRUE
21.03.2024,activity-library,TRUE
21.03.2024,activity-library,TRUE
25.03.2024,activity-library,TRUE
27.03.2024,activity-library,TRUE
02.04.2024,activity-library,TRUE
02.04.2024,activity-library,TRUE
03.04.2024,activity-library,FALSE
03.04.2024,activity-library,TRUE
04.04.2024,activity-library,TRUE
04.04.2024,activity-library,TRUE
05.04.2024,activity-library,TRUE
05.04.2024,activity-library,TRUE
08.04.2024,activity-library,TRUE
09.04.2024,activity-library,TRUE
09.04.2024,activity-library,TRUE
15.04.2024,activity-library,TRUE
16.04.2024,activity-library,TRUE
16.04.2024,activity-library,TRUE
17.04.2024,activity-library,TRUE
25.04.2024,activity-library,TRUE
29.04.2024,activity-library,TRUE
03.05.2024,activity-library,TRUE
06.05.2024,activity-library,TRUE
07.05.2024,activity-library,TRUE
07.05.2024,activity-library,TRUE
13.05.2024,activity-library,TRUE
21.05.2024,activity-library,TRUE
22.05.2024,activity-library,TRUE
22.05.2024,activity-library,TRUE
23.05.2024,activity-library,TRUE
24.05.2024,activity-library,TRUE
27.05.2024,activity-library,TRUE
27.05.2024,activity-library,TRUE
27.05.2024,activity-library,TRUE
29.05.2024,activity-library,TRUE
03.06.2024,activity-library,TRUE
04.06.2024,activity-library,TRUE
05.06.2024,activity-library,TRUE
07.06.2024,activity-library,TRUE
07.06.2024,activity-library,TRUE
07.06.2024,activity-library,TRUE
11.06.2024,activity-library,TRUE
11.06.2024,activity-library,TRUE
12.06.2024,activity-library,TRUE
14.06.2024,activity-library,TRUE
17.06.2024,activity-library,TRUE
17.06.2024,activity-library,TRUE
18.06.2024,activity-library,TRUE
18.06.2024,activity-library,TRUE
18.06.2024,activity-library,TRUE
21.06.2024,activity-library,TRUE
24.06.2024,activity-library,TRUE
26.06.2024,activity-library,TRUE
26.06.2024,activity-library,TRUE
26.06.2024,activity-library,TRUE
26.06.2024,activity-library,TRUE
27.06.2024,activity-library,TRUE
01.07.2024,activity-library,TRUE
01.07.2024,activity-library,TRUE
02.07.2024,activity-library,TRUE
04.07.2024,activity-library,TRUE
04.07.2024,activity-library,TRUE
04.07.2024,activity-library,TRUE
05.07.2024,activity-library,TRUE
08.07.2024,activity-library,TRUE
10.07.2024,activity-library,TRUE
11.07.2024,activity-library,TRUE
12.07.2024,activity-library,TRUE
16.07.2024,activity-library,TRUE
16.07.2024,activity-library,TRUE
17.07.2024,activity-library,TRUE
18.07.2024,activity-library,TRUE
18.07.2024,activity-library,TRUE
19.07.2024,activity-library,TRUE
23.07.2024,activity-library,TRUE
29.07.2024,activity-library,TRUE
30.07.2024,activity-library,TRUE
01.08.2024,activity-library,TRUE
01.08.2024,activity-library,TRUE
05.08.2024,activity-library,TRUE
07.08.2024,activity-library,TRUE
08.08.2024,activity-library,TRUE
08.08.2024,activity-library,TRUE
09.08.2024,activity-library,TRUE
12.08.2024,activity-library,TRUE
12.08.2024,activity-library,TRUE
12.08.2024,activity-library,TRUE
12.08.2024,activity-library,TRUE
13.08.2024,activity-library,TRUE
13.08.2024,activity-library,TRUE
14.08.2024,activity-library,TRUE
14.08.2024,activity-library,TRUE
20.08.2024,activity-library,TRUE
22.08.2024,activity-library,TRUE
22.08.2024,activity-library,TRUE
22.08.2024,activity-library,TRUE
23.08.2024,activity-library,TRUE
27.08.2024,activity-library,TRUE
27.08.2024,activity-library,TRUE
27.08.2024,activity-library,TRUE
27.08.2024,activity-library,TRUE
30.08.2024,activity-library,TRUE
30.08.2024,activity-library,TRUE
30.08.2024,activity-library,TRUE
02.09.2024,activity-library,TRUE
04.09.2024,activity-library,TRUE
05.09.2024,activity-library,TRUE
06.09.2024,activity-library,TRUE
10.09.2024,activity-library,TRUE
10.09.2024,activity-library,TRUE
13.09.2024,activity-library,TRUE
16.09.2024,activity-library,TRUE
16.09.2024,activity-library,TRUE
19.09.2024,activity-library,TRUE
19.09.2024,activity-library,FALSE
20.09.2024,activity-library,TRUE
20.09.2024,activity-library,FALSE
24.09.2024,activity-library,TRUE
24.09.2024,activity-library,FALSE
24.09.2024,activity-library,TRUE
24.09.2024,activity-library,TRUE
24.09.2024,activity-library,TRUE
27.09.2024,activity-library,TRUE
30.09.2024,activity-library,TRUE
30.09.2024,activity-library,TRUE
30.09.2024,activity-library,FALSE
30.09.2024,activity-library,TRUE
30.09.2024,activity-library,FALSE
01.10.2024,activity-library,TRUE
01.10.2024,activity-library,TRUE
01.10.2024,activity-library,TRUE
02.10.2024,activity-library,TRUE
02.10.2024,activity-library,TRUE
04.10.2024,activity-library,TRUE
04.10.2024,activity-library,TRUE
07.10.2024,activity-library,TRUE
07.10.2024,activity-library,TRUE
08.10.2024,activity-library,TRUE
10.10.2024,activity-library,TRUE
10.10.2024,activity-library,TRUE
14.10.2024,activity-library,TRUE
14.10.2024,activity-library,TRUE
21.10.2024,activity-library,TRUE
21.10.2024,activity-library,TRUE
22.10.2024,activity-library,TRUE
23.10.2024,activity-library,TRUE
25.10.2024,activity-library,TRUE
04.11.2024,activity-library,TRUE
11.11.2024,activity-library,TRUE
12.11.2024,activity-library,TRUE
05.12.2024,activity-library,TRUE
13.12.2024,activity-library,TRUE
16.12.2024,activity-library,TRUE
17.12.2024,activity-library,TRUE
03.01.2025,activity-library,TRUE
03.01.2025,activity-library,TRUE
03.01.2025,activity-library,TRUE
13.01.2025,activity-library,TRUE
14.01.2025,activity-library,TRUE
15.01.2025,activity-library,TRUE
17.01.2025,activity-library,TRUE
17.01.2025,activity-library,TRUE
17.01.2025,activity-library,TRUE
21.01.2025,activity-library,TRUE
23.01.2025,activity-library,TRUE
27.01.2025,activity-library,TRUE
30.01.2025,activity-library,TRUE
30.01.2025,activity-library,TRUE
03.02.2025,activity-library,TRUE
04.02.2025,activity-library,TRUE
04.02.2025,activity-library,TRUE
04.02.2025,activity-library,TRUE
05.02.2025,activity-library,TRUE
05.02.2025,activity-library,TRUE
06.02.2025,activity-library,TRUE
11.02.2025,activity-library,TRUE
11.02.2025,activity-library,TRUE
12.02.2025,activity-library,TRUE
13.02.2025,activity-library,TRUE
17.02.2025,activity-library,TRUE
17.02.2025,activity-library,FALSE
17.02.2025,activity-library,TRUE
19.02.2025,activity-library,TRUE
04.03.2025,activity-library,TRUE
04.03.2025,activity-library,TRUE
06.03.2025,activity-library,TRUE
07.03.2025,activity-library,TRUE
14.03.2025,activity-library,TRUE
02.04.2025,activity-library,TRUE
03.04.2025,activity-library,TRUE
14.04.2025,activity-library,TRUE
24.04.2025,activity-library,TRUE
06.05.2025,activity-library,TRUE
09.05.2025,activity-library,TRUE
09.05.2025,activity-library,TRUE
12.05.2025,activity-library,TRUE
20.05.2025,activity-library,TRUE
20.05.2025,activity-library,TRUE
20.05.2025,activity-library,TRUE
20.05.2025,activity-library,TRUE
21.05.2025,activity-library,TRUE
21.05.2025,activity-library,TRUE
23.05.2025,activity-library,TRUE
23.05.2025,activity-library,FALSE
23.05.2025,activity-library,TRUE
03.06.2025,activity-library,TRUE
12.06.2025,activity-library,TRUE
23.06.2025,activity-library,TRUE
23.06.2025,activity-library,TRUE
25.06.2025,activity-library,TRUE
01.07.2025,activity-library,TRUE
08.07.2025,activity-library,TRUE
10.07.2025,activity-library,TRUE
11.07.2025,activity-library,TRUE
11.07.2025,activity-library,TRUE
15.07.2025,activity-library,TRUE
15.07.2025,activity-library,TRUE
17.07.2025,activity-library,TRUE
23.07.2025,activity-library,TRUE
30.07.2025,activity-library,TRUE
31.07.2025,activity-library,TRUE
08.08.2025,activity-library,TRUE
08.08.2025,activity-library,TRUE
01.09.2025,activity-library,TRUE
02.09.2025,activity-library,TRUE
02.09.2025,activity-library,TRUE
02.09.2025,activity-library,TRUE
08.09.2025,activity-library,TRUE
09.09.2025,activity-library,TRUE
09.09.2025,activity-library,TRUE
09.09.2025,activity-library,TRUE
10.09.2025,activity-library,TRUE
10.09.2025,activity-library,FALSE
10.09.2025,activity-library,TRUE
10.09.2025,activity-library,TRUE
11.09.2025,activity-library,TRUE
11.09.2025,activity-library,TRUE
11.09.2025,activity-library,TRUE
12.09.2025,activity-library,TRUE
15.09.2025,activity-library,TRUE
15.09.2025,activity-library,TRUE
16.09.2025,activity-library,TRUE
17.09.2025,activity-library,TRUE
22.09.2025,activity-library,TRUE
23.09.2025,activity-library,TRUE
24.09.2025,activity-library,TRUE
24.09.2025,activity-library,TRUE
26.09.2025,activity-library,TRUE
29.09.2025,activity-library,TRUE
30.09.2025,activity-library,TRUE
01.10.2025,activity-library,TRUE
01.10.2025,activity-library,TRUE
06.10.2025,activity-library,TRUE
08.10.2025,activity-library,TRUE
09.10.2025,activity-library,TRUE
14.10.2025,activity-library,TRUE
15.10.2025,activity-library,TRUE
15.10.2025,activity-library,TRUE
16.10.2025,activity-library,TRUE
20.10.2025,activity-library,TRUE
28.10.2025,activity-library,TRUE
03.11.2025,activity-library,TRUE
03.11.2025,activity-library,TRUE
06.11.2025,activity-library,TRUE
10.11.2025,activity-library,TRUE
13.11.2025,activity-library,TRUE
14.11.2025,activity-library,TRUE
17.11.2025,activity-library,TRUE
24.11.2025,activity-library,TRUE
24.11.2025,activity-library,TRUE
24.11.2025,activity-library,TRUE
24.11.2025,activity-library,FALSE
28.11.2025,activity-library,TRUE
04.12.2025,activity-library,TRUE
10.12.2025,activity-library,TRUE
15.12.2025,activity-library,TRUE
15.12.2025,activity-library,TRUE
15.12.2025,activity-library,TRUE
15.12.2025,activity-library,TRUE
15.12.2025,activity-library,TRUE
16.12.2025,activity-library,TRUE
22.12.2025,activity-library,TRUE
07.01.2026,activity-library,TRUE
07.01.2026,activity-library,TRUE
07.01.2026,activity-library,TRUE
08.01.2026,activity-library,TRUE
08.01.2026,activity-library,TRUE
19.01.2026,activity-library,TRUE
20.01.2026,activity-library,TRUE
21.01.2026,activity-library,TRUE
26.01.2026,activity-library,TRUE
04.02.2026,activity-library,TRUE
04.02.2026,activity-library,TRUE
06.02.2026,activity-library,TRUE
09.02.2026,activity-library,TRUE
09.02.2026,activity-library,TRUE
09.02.2026,activity-library,TRUE
09.02.2026,activity-library,TRUE
10.02.2026,activity-library,TRUE
10.02.2026,activity-library,TRUE
11.02.2026,activity-library,TRUE
11.02.2026,activity-library,TRUE
18.02.2026,activity-library,TRUE
18.02.2026,activity-library,TRUE
20.02.2026,activity-library,TRUE
24.02.2026,activity-library,TRUE
25.02.2026,activity-library,TRUE
26.02.2026,activity-library,TRUE
04.03.2026,activity-library,TRUE
04.03.2026,activity-library,TRUE
04.03.2026,activity-library,FALSE
04.03.2026,activity-library,TRUE
05.03.2026,activity-library,TRUE
10.03.2026,activity-library,TRUE
11.03.2026,activity-library,TRUE
12.03.2026,activity-library,TRUE
12.03.2026,activity-library,TRUE
16.03.2026,activity-library,TRUE
18.03.2026,activity-library,TRUE
19.03.2026,activity-library,TRUE
19.03.2026,activity-library,TRUE
20.03.2026,activity-library,TRUE
23.03.2026,activity-library,TRUE
27.03.2026,activity-library,TRUE
31.03.2026,activity-library,TRUE
07.04.2026,activity-library,TRUE
08.04.2026,activity-library,TRUE
08.04.2026,activity-library,TRUE
09.04.2026,activity-library,TRUE
09.04.2026,activity-library,TRUE
13.04.2026,activity-library,TRUE
14.04.2026,activity-library,TRUE
15.04.2026,activity-library,TRUE
15.04.2026,activity-library,TRUE
16.04.2026,activity-library,TRUE
16.04.2026,activity-library,TRUE
17.04.2026,activity-library,TRUE
27.04.2026,activity-library,TRUE
29.04.2026,activity-library,TRUE
04.05.2026,activity-library,TRUE
08.05.2026,activity-library,TRUE
12.05.2026,activity-library,TRUE
18.05.2026,activity-library,TRUE
19.05.2026,activity-library,TRUE
20.05.2026,activity-library,TRUE
21.05.2026,activity-library,TRUE
27.05.2026,activity-library,TRUE
28.05.2026,activity-library,TRUE
01.06.2026,activity-library,TRUE
05.06.2026,activity-library,TRUE
08.06.2026,activity-library,TRUE
10.06.2026,activity-library,TRUE
12.06.2026,activity-library,TRUE
17.06.2026,activity-library,TRUE
18.06.2026,activity-library,TRUE
19.06.2026,activity-library,TRUE
23.06.2026,activity-library,TRUE
29.06.2026,activity-library,TRUE
30.06.2026,activity-library,TRUE
07.07.2026,activity-library,TRUE
09.07.2026,activity-library,TRUE
09.07.2026,activity-library,TRUE
10.07.2026,activity-library,TRUE
15.07.2026,activity-library,TRUE
20.07.2026,activity-library,TRUE
21.07.2026,activity-library,TRUE
22.07.2026,activity-library,TRUE
23.07.2026,activity-library,TRUE
27.07.2026,activity-library,TRUE
28.07.2026,activity-library,TRUE
28.07.2026,activity-library,TRUE
30.07.2026,activity-library,TRUE
30.07.2026,activity-library,TRUE
30.07.2026,activity-library,TRUE
30.07.2026,activity-library,TRUE
03.08.2026,activity-library,TRUE
17.08.2026,activity-library,TRUE
24.08.2026,activity-library,TRUE
25.08.2026,activity-library,TRUE
31.08.2026,activity-library,TRUE
15.05.2025,activity-preference-ml,TRUE
15.05.2025,activity-preference-ml,TRUE
11.07.2025,activity-preference-ml,TRUE
04.09.2025,activity-preference-ml,TRUE
22.09.2025,activity-preference-ml,TRUE
10.10.2025,activity-preference-ml,TRUE
14.01.2026,activity-preference-ml,TRUE
11.03.2026,activity-preference-ml,TRUE
05.05.2026,activity-preference-ml,TRUE
05.05.2026,activity-preference-ml,TRUE
05.05.2026,activity-preference-ml,TRUE
20.05.2026,activity-preference-ml,TRUE
21.08.2026,activity-preference-ml,TRUE
07.02.2024,ad-hoc-reports-lmod-monthly,TRUE
08.02.2024,ad-hoc-reports-lmod-monthly,TRUE
01.03.2024,ad-hoc-reports-lmod-monthly,TRUE
03.05.2024,ad-hoc-reports-lmod-monthly,TRUE
03.05.2024,ad-hoc-reports-lmod-monthly,TRUE
03.05.2024,ad-hoc-reports-lmod-monthly,TRUE
18.11.2024,ad-hoc-reports-lmod-monthly,TRUE
07.02.2024,ad-hoc-reports-platform-stats,TRUE
08.02.2024,ad-hoc-reports-platform-stats,TRUE
01.03.2024,ad-hoc-reports-platform-stats,TRUE
03.05.2024,ad-hoc-reports-platform-stats,TRUE
03.05.2024,ad-hoc-reports-platform-stats,TRUE
03.05.2024,ad-hoc-reports-platform-stats,TRUE
18.11.2024,ad-hoc-reports-platform-stats,TRUE
12.01.2024,adm-int-frontend,TRUE
19.01.2024,adm-int-frontend,TRUE
05.02.2024,adm-int-frontend,TRUE
09.02.2024,adm-int-frontend,TRUE
01.03.2024,adm-int-frontend,TRUE
04.03.2024,adm-int-frontend,TRUE
04.03.2024,adm-int-frontend,FALSE
13.03.2024,adm-int-frontend,TRUE
04.04.2024,adm-int-frontend,TRUE
08.04.2024,adm-int-frontend,TRUE
24.04.2024,adm-int-frontend,TRUE
25.04.2024,adm-int-frontend,TRUE
26.04.2024,adm-int-frontend,TRUE
02.05.2024,adm-int-frontend,TRUE
06.05.2024,adm-int-frontend,TRUE
06.05.2024,adm-int-frontend,TRUE
07.05.2024,adm-int-frontend,TRUE
07.05.2024,adm-int-frontend,TRUE
22.05.2024,adm-int-frontend,TRUE
28.05.2024,adm-int-frontend,TRUE
10.06.2024,adm-int-frontend,TRUE
17.07.2024,adm-int-frontend,TRUE
23.07.2024,adm-int-frontend,TRUE
12.08.2024,adm-int-frontend,TRUE
14.08.2024,adm-int-frontend,TRUE
19.08.2024,adm-int-frontend,TRUE
19.08.2024,adm-int-frontend,TRUE
19.08.2024,adm-int-frontend,FALSE
20.08.2024,adm-int-frontend,TRUE
20.08.2024,adm-int-frontend,TRUE
20.08.2024,adm-int-frontend,TRUE
21.08.2024,adm-int-frontend,TRUE
13.09.2024,adm-int-frontend,TRUE
16.10.2024,adm-int-frontend,TRUE
14.11.2024,adm-int-frontend,TRUE
18.12.2024,adm-int-frontend,TRUE
19.12.2024,adm-int-frontend,TRUE
21.01.2025,adm-int-frontend,TRUE
05.02.2025,adm-int-frontend,TRUE
06.02.2025,adm-int-frontend,FALSE
06.02.2025,adm-int-frontend,TRUE
12.02.2025,adm-int-frontend,TRUE
24.02.2025,adm-int-frontend,TRUE
26.02.2025,adm-int-frontend,TRUE
26.02.2025,adm-int-frontend,FALSE
04.03.2025,adm-int-frontend,TRUE
25.03.2025,adm-int-frontend,TRUE
28.03.2025,adm-int-frontend,TRUE
21.05.2025,adm-int-frontend,TRUE
21.05.2025,adm-int-frontend,TRUE
26.06.2025,adm-int-frontend,TRUE
04.07.2025,adm-int-frontend,TRUE
09.07.2025,adm-int-frontend,TRUE
10.07.2025,adm-int-frontend,TRUE
10.07.2025,adm-int-frontend,TRUE
10.07.2025,adm-int-frontend,FALSE
10.07.2025,adm-int-frontend,TRUE
28.07.2025,adm-int-frontend,TRUE
16.09.2025,adm-int-frontend,TRUE
16.10.2025,adm-int-frontend,TRUE
17.10.2025,adm-int-frontend,TRUE
19.11.2025,adm-int-frontend,TRUE
25.11.2025,adm-int-frontend,TRUE
25.11.2025,adm-int-frontend,TRUE
27.11.2025,adm-int-frontend,TRUE
02.01.2026,adm-int-frontend,TRUE
20.01.2026,adm-int-frontend,TRUE
05.02.2026,adm-int-frontend,TRUE
12.02.2026,adm-int-frontend,TRUE
13.02.2026,adm-int-frontend,TRUE
17.02.2026,adm-int-frontend,TRUE
31.03.2026,adm-int-frontend,TRUE
15.04.2026,adm-int-frontend,TRUE
16.04.2026,adm-int-frontend,TRUE
23.04.2026,adm-int-frontend,TRUE
27.04.2026,adm-int-frontend,TRUE
27.04.2026,adm-int-frontend,TRUE
27.04.2026,adm-int-frontend,TRUE
27.05.2026,adm-int-frontend,TRUE
27.05.2026,adm-int-frontend,TRUE
29.05.2026,adm-int-frontend,TRUE
29.06.2026,adm-int-frontend,TRUE
13.07.2026,adm-int-frontend,TRUE
16.07.2026,adm-int-frontend,TRUE
16.07.2026,adm-int-frontend,TRUE
20.07.2026,adm-int-frontend,TRUE
20.07.2026,adm-int-frontend,TRUE
23.07.2026,adm-int-frontend,TRUE
27.07.2026,adm-int-frontend,TRUE
27.07.2026,adm-int-frontend,TRUE
04.08.2026,adm-int-frontend,TRUE
05.08.2026,adm-int-frontend,TRUE
07.08.2026,adm-int-frontend,TRUE
20.02.2024,adm-int-grpc-gateway,TRUE
05.06.2024,adm-int-grpc-gateway,TRUE
05.06.2024,adm-int-grpc-gateway,TRUE
17.06.2024,adm-int-grpc-gateway,TRUE
27.08.2024,adm-int-grpc-gateway,TRUE
10.09.2024,adm-int-grpc-gateway,TRUE
05.06.2025,adm-int-grpc-gateway,TRUE
16.02.2026,adm-int-grpc-gateway,TRUE
17.06.2026,adm-int-grpc-gateway,TRUE
27.07.2026,adm-int-grpc-gateway,TRUE
27.07.2026,adm-int-grpc-gateway,TRUE
08.01.2024,adm-int,TRUE
15.01.2024,adm-int,TRUE
05.02.2024,adm-int,TRUE
21.02.2024,adm-int,TRUE
28.02.2024,adm-int,TRUE
01.03.2024,adm-int,TRUE
04.03.2024,adm-int,TRUE
13.03.2024,adm-int,TRUE
13.03.2024,adm-int,FALSE
20.03.2024,adm-int,TRUE
27.03.2024,adm-int,TRUE
03.04.2024,adm-int,TRUE
09.04.2024,adm-int,TRUE
09.04.2024,adm-int,TRUE
02.05.2024,adm-int,TRUE
02.05.2024,adm-int,TRUE
02.05.2024,adm-int,TRUE
03.05.2024,adm-int,TRUE
06.05.2024,adm-int,TRUE
07.05.2024,adm-int,TRUE
08.05.2024,adm-int,TRUE
13.05.2024,adm-int,TRUE
22.05.2024,adm-int,TRUE
23.05.2024,adm-int,TRUE
05.06.2024,adm-int,TRUE
10.06.2024,adm-int,TRUE
10.06.2024,adm-int,TRUE
12.06.2024,adm-int,TRUE
17.06.2024,adm-int,TRUE
24.06.2024,adm-int,TRUE
26.06.2024,adm-int,TRUE
28.06.2024,adm-int,TRUE
10.07.2024,adm-int,TRUE
17.07.2024,adm-int,TRUE
18.07.2024,adm-int,TRUE
19.07.2024,adm-int,TRUE
22.07.2024,adm-int,TRUE
23.07.2024,adm-int,TRUE
23.07.2024,adm-int,TRUE
25.07.2024,adm-int,TRUE
26.07.2024,adm-int,TRUE
07.08.2024,adm-int,TRUE
14.08.2024,adm-int,TRUE
29.08.2024,adm-int,TRUE
04.09.2024,adm-int,TRUE
05.09.2024,adm-int,TRUE
09.09.2024,adm-int,TRUE
09.09.2024,adm-int,TRUE
11.09.2024,adm-int,TRUE
11.09.2024,adm-int,TRUE
13.09.2024,adm-int,TRUE
16.09.2024,adm-int,TRUE
23.09.2024,adm-int,TRUE
26.09.2024,adm-int,TRUE
30.09.2024,adm-int,TRUE
07.10.2024,adm-int,TRUE
08.10.2024,adm-int,TRUE
15.10.2024,adm-int,TRUE
15.10.2024,adm-int,TRUE
18.10.2024,adm-int,TRUE
18.10.2024,adm-int,TRUE
21.10.2024,adm-int,TRUE
24.10.2024,adm-int,TRUE
24.10.2024,adm-int,TRUE
06.11.2024,adm-int,TRUE
07.11.2024,adm-int,TRUE
08.11.2024,adm-int,TRUE
11.11.2024,adm-int,TRUE
14.11.2024,adm-int,TRUE
14.11.2024,adm-int,TRUE
18.11.2024,adm-int,TRUE
20.11.2024,adm-int,TRUE
25.11.2024,adm-int,TRUE
28.11.2024,adm-int,TRUE
02.12.2024,adm-int,TRUE
02.12.2024,adm-int,FALSE
02.12.2024,adm-int,TRUE
02.12.2024,adm-int,TRUE
03.12.2024,adm-int,TRUE
04.12.2024,adm-int,TRUE
13.12.2024,adm-int,TRUE
19.12.2024,adm-int,TRUE
20.12.2024,adm-int,TRUE
23.12.2024,adm-int,TRUE
03.02.2025,adm-int,TRUE
03.02.2025,adm-int,TRUE
07.02.2025,adm-int,TRUE
10.02.2025,adm-int,TRUE
11.02.2025,adm-int,TRUE
12.02.2025,adm-int,TRUE
12.02.2025,adm-int,TRUE
14.02.2025,adm-int,TRUE
25.02.2025,adm-int,TRUE
24.03.2025,adm-int,TRUE
25.03.2025,adm-int,TRUE
25.03.2025,adm-int,TRUE
27.03.2025,adm-int,TRUE
09.04.2025,adm-int,TRUE
15.05.2025,adm-int,TRUE
16.05.2025,adm-int,TRUE
26.05.2025,adm-int,TRUE
27.05.2025,adm-int,TRUE
06.06.2025,adm-int,TRUE
12.06.2025,adm-int,TRUE
25.06.2025,adm-int,TRUE
25.06.2025,adm-int,TRUE
26.06.2025,adm-int,TRUE
30.06.2025,adm-int,TRUE
30.06.2025,adm-int,TRUE
01.07.2025,adm-int,TRUE
28.07.2025,adm-int,TRUE
30.07.2025,adm-int,TRUE
30.07.2025,adm-int,TRUE
13.08.2025,adm-int,TRUE
19.08.2025,adm-int,TRUE
19.08.2025,adm-int,TRUE
26.08.2025,adm-int,TRUE
03.09.2025,adm-int,TRUE
15.10.2025,adm-int,TRUE
10.11.2025,adm-int,TRUE
10.11.2025,adm-int,TRUE
10.11.2025,adm-int,TRUE
14.11.2025,adm-int,TRUE
05.02.2026,adm-int,TRUE
10.02.2026,adm-int,TRUE
12.02.2026,adm-int,TRUE
17.02.2026,adm-int,TRUE
23.02.2026,adm-int,TRUE
03.03.2026,adm-int,TRUE
05.03.2026,adm-int,TRUE
05.03.2026,adm-int,TRUE
06.03.2026,adm-int,TRUE
17.03.2026,adm-int,TRUE
17.03.2026,adm-int,TRUE
19.03.2026,adm-int,FALSE
19.03.2026,adm-int,TRUE
27.03.2026,adm-int,TRUE
27.03.2026,adm-int,TRUE
27.03.2026,adm-int,TRUE
27.03.2026,adm-int,TRUE
31.03.2026,adm-int,TRUE
16.04.2026,adm-int,TRUE
17.04.2026,adm-int,TRUE
07.05.2026,adm-int,TRUE
27.05.2026,adm-int,TRUE
29.05.2026,adm-int,TRUE
29.05.2026,adm-int,TRUE
23.06.2026,adm-int,TRUE
24.06.2026,adm-int,TRUE
29.06.2026,adm-int,TRUE
13.07.2026,adm-int,TRUE
20.07.2026,adm-int,TRUE
28.07.2026,adm-int,TRUE
03.08.2026,adm-int,TRUE
05.08.2026,adm-int,TRUE
19.08.2026,adm-int,TRUE
24.08.2026,adm-int,TRUE
16.01.2024,advanced-workouts,TRUE
04.01.2024,analysis,TRUE
16.01.2024,analysis,TRUE
23.01.2024,analysis,TRUE
29.01.2024,analysis,TRUE
01.02.2024,analysis,TRUE
26.03.2024,analysis,TRUE
08.05.2024,analysis,TRUE
30.05.2024,analysis,TRUE
05.06.2024,analysis,TRUE
14.08.2024,analysis,TRUE
14.08.2024,analysis,TRUE
20.08.2024,analysis,TRUE
10.09.2024,analysis,TRUE
16.09.2024,analysis,TRUE
26.09.2024,analysis,TRUE
11.10.2024,analysis,TRUE
30.10.2024,analysis,TRUE
30.10.2024,analysis,TRUE
30.10.2024,analysis,TRUE
11.11.2024,analysis,TRUE
11.11.2024,analysis,TRUE
11.11.2024,analysis,TRUE
14.11.2024,analysis,TRUE
14.11.2024,analysis,TRUE
15.11.2024,analysis,TRUE
15.11.2024,analysis,TRUE
15.11.2024,analysis,TRUE
18.11.2024,analysis,TRUE
18.11.2024,analysis,TRUE
18.11.2024,analysis,TRUE
18.11.2024,analysis,TRUE
19.11.2024,analysis,TRUE
20.11.2024,analysis,TRUE
22.11.2024,analysis,TRUE
22.11.2024,analysis,TRUE
22.11.2024,analysis,TRUE
25.11.2024,analysis,TRUE
25.11.2024,analysis,TRUE
26.11.2024,analysis,TRUE
26.11.2024,analysis,TRUE
26.11.2024,analysis,TRUE
26.11.2024,analysis,TRUE
26.11.2024,analysis,TRUE
26.11.2024,analysis,TRUE
27.11.2024,analysis,TRUE
27.11.2024,analysis,TRUE
27.11.2024,analysis,TRUE
27.11.2024,analysis,TRUE
28.11.2024,analysis,TRUE
29.11.2024,analysis,TRUE
29.11.2024,analysis,TRUE
05.12.2024,analysis,TRUE
09.12.2024,analysis,TRUE
11.12.2024,analysis,TRUE
13.12.2024,analysis,TRUE
13.12.2024,analysis,TRUE
16.12.2024,analysis,TRUE
19.12.2024,analysis,TRUE
19.12.2024,analysis,TRUE
19.12.2024,analysis,TRUE
19.12.2024,analysis,TRUE
19.12.2024,analysis,TRUE
20.12.2024,analysis,TRUE
20.12.2024,analysis,TRUE
20.12.2024,analysis,TRUE
20.12.2024,analysis,TRUE
20.12.2024,analysis,TRUE
20.12.2024,analysis,TRUE
20.12.2024,analysis,TRUE
21.12.2024,analysis,TRUE
23.12.2024,analysis,TRUE
23.12.2024,analysis,TRUE
25.12.2024,analysis,TRUE
25.12.2024,analysis,TRUE
25.12.2024,analysis,TRUE
26.12.2024,analysis,TRUE
26.12.2024,analysis,TRUE
26.12.2024,analysis,TRUE
26.12.2024,analysis,TRUE
26.12.2024,analysis,TRUE
27.12.2024,analysis,TRUE
01.01.2025,analysis,TRUE
01.01.2025,analysis,TRUE
02.01.2025,analysis,TRUE
02.01.2025,analysis,TRUE
02.01.2025,analysis,TRUE
02.01.2025,analysis,TRUE
03.01.2025,analysis,TRUE
03.01.2025,analysis,TRUE
03.01.2025,analysis,TRUE
03.01.2025,analysis,TRUE
03.01.2025,analysis,TRUE
06.01.2025,analysis,TRUE
06.01.2025,analysis,TRUE
06.01.2025,analysis,TRUE
07.01.2025,analysis,TRUE
07.01.2025,analysis,TRUE
07.01.2025,analysis,TRUE
08.01.2025,analysis,TRUE
08.01.2025,analysis,TRUE
08.01.2025,analysis,TRUE
08.01.2025,analysis,TRUE
08.01.2025,analysis,TRUE
10.01.2025,analysis,TRUE
13.01.2025,analysis,TRUE
13.01.2025,analysis,TRUE
13.01.2025,analysis,TRUE
14.01.2025,analysis,TRUE
16.01.2025,analysis,TRUE
16.01.2025,analysis,TRUE
21.01.2025,analysis,TRUE
24.01.2025,analysis,TRUE
04.02.2025,analysis,TRUE
06.02.2025,analysis,TRUE
06.02.2025,analysis,TRUE
06.02.2025,analysis,TRUE
06.02.2025,analysis,TRUE
07.02.2025,analysis,TRUE
07.02.2025,analysis,TRUE
07.02.2025,analysis,TRUE
07.02.2025,analysis,TRUE
07.02.2025,analysis,TRUE
07.02.2025,analysis,TRUE
10.02.2025,analysis,TRUE
10.02.2025,analysis,TRUE
11.02.2025,analysis,TRUE
11.02.2025,analysis,TRUE
11.02.2025,analysis,TRUE
11.02.2025,analysis,TRUE
11.02.2025,analysis,TRUE
12.02.2025,analysis,TRUE
12.02.2025,analysis,TRUE
17.02.2025,analysis,TRUE
17.02.2025,analysis,TRUE
24.02.2025,analysis,TRUE
25.02.2025,analysis,TRUE
25.02.2025,analysis,TRUE
25.02.2025,analysis,TRUE
25.02.2025,analysis,TRUE
25.02.2025,analysis,TRUE
25.02.2025,analysis,TRUE
26.02.2025,analysis,TRUE
26.02.2025,analysis,TRUE
07.03.2025,analysis,TRUE
07.03.2025,analysis,TRUE
11.03.2025,analysis,TRUE
07.04.2025,analysis,TRUE
14.05.2025,analysis,TRUE
11.06.2025,analysis,TRUE
12.06.2025,analysis,TRUE
12.06.2025,analysis,TRUE
16.06.2025,analysis,TRUE
16.06.2025,analysis,TRUE
17.06.2025,analysis,TRUE
17.06.2025,analysis,TRUE
24.06.2025,analysis,TRUE
24.06.2025,analysis,TRUE
26.06.2025,analysis,TRUE
26.06.2025,analysis,TRUE
26.06.2025,analysis,TRUE
09.07.2025,analysis,TRUE
09.07.2025,analysis,TRUE
06.08.2025,analysis,TRUE
19.08.2025,analysis,TRUE
20.08.2025,analysis,TRUE
20.08.2025,analysis,TRUE
26.08.2025,analysis,TRUE
26.08.2025,analysis,TRUE
16.09.2025,analysis,TRUE
24.09.2025,analysis,TRUE
15.10.2025,analysis,TRUE
31.10.2025,analysis,TRUE
04.11.2025,analysis,TRUE
07.11.2025,analysis,TRUE
07.11.2025,analysis,TRUE
10.11.2025,analysis,TRUE
11.11.2025,analysis,TRUE
13.11.2025,analysis,TRUE
13.11.2025,analysis,TRUE
17.11.2025,analysis,TRUE
18.11.2025,analysis,TRUE
25.11.2025,analysis,TRUE
08.12.2025,analysis,TRUE
09.12.2025,analysis,TRUE
11.12.2025,analysis,TRUE
16.12.2025,analysis,TRUE
16.12.2025,analysis,TRUE
16.12.2025,analysis,TRUE
06.01.2026,analysis,TRUE
08.01.2026,analysis,TRUE
14.01.2026,analysis,TRUE
14.01.2026,analysis,TRUE
19.01.2026,analysis,TRUE
21.01.2026,analysis,TRUE
26.01.2026,analysis,TRUE
27.01.2026,analysis,TRUE
20.02.2026,analysis,TRUE
09.03.2026,analysis,TRUE
19.03.2026,analysis,TRUE
30.03.2026,analysis,TRUE
01.04.2026,analysis,TRUE
01.04.2026,analysis,TRUE
02.04.2026,analysis,TRUE
02.04.2026,analysis,TRUE
02.04.2026,analysis,TRUE
02.04.2026,analysis,TRUE
07.04.2026,analysis,TRUE
07.04.2026,analysis,TRUE
07.04.2026,analysis,TRUE
29.04.2026,analysis,TRUE
30.04.2026,analysis,TRUE
04.05.2026,analysis,TRUE
13.05.2026,analysis,TRUE
20.05.2026,analysis,TRUE
20.05.2026,analysis,TRUE
21.05.2026,analysis,TRUE
22.05.2026,analysis,TRUE
29.05.2026,analysis,TRUE
01.06.2026,analysis,TRUE
08.06.2026,analysis,TRUE
09.06.2026,analysis,TRUE
18.06.2026,analysis,TRUE
19.06.2026,analysis,TRUE
22.06.2026,analysis,TRUE
23.06.2026,analysis,TRUE
24.06.2026,analysis,TRUE
25.06.2026,analysis,TRUE
29.06.2026,analysis,TRUE
02.07.2026,analysis,TRUE
06.07.2026,analysis,TRUE
08.07.2026,analysis,TRUE
15.07.2026,analysis,TRUE
15.07.2026,analysis,TRUE
16.07.2026,analysis,TRUE
20.07.2026,analysis,TRUE
20.07.2026,analysis,TRUE
21.07.2026,analysis,TRUE
22.07.2026,analysis,TRUE
27.07.2026,analysis,TRUE
28.07.2026,analysis,TRUE
29.07.2026,analysis,TRUE
29.07.2026,analysis,TRUE
29.07.2026,analysis,TRUE
29.07.2026,analysis,TRUE
30.07.2026,analysis,TRUE
07.08.2026,analysis,TRUE
11.08.2026,analysis,TRUE
11.08.2026,analysis,TRUE
11.08.2026,analysis,TRUE
27.08.2026,analysis,TRUE
28.07.2025,analytics-sync,TRUE
08.08.2025,analytics-sync,TRUE
20.09.2025,analytics-sync,TRUE
22.09.2025,analytics-sync,TRUE
22.09.2025,analytics-sync,TRUE
24.09.2025,analytics-sync,TRUE
08.10.2025,analytics-sync,TRUE
09.10.2025,analytics-sync,TRUE
15.10.2025,analytics-sync,TRUE
20.10.2025,analytics-sync,TRUE
23.10.2025,analytics-sync,TRUE
28.10.2025,analytics-sync,TRUE
03.11.2025,analytics-sync,TRUE
07.11.2025,analytics-sync,TRUE
07.11.2025,analytics-sync,TRUE
10.11.2025,analytics-sync,TRUE
18.11.2025,analytics-sync,TRUE
19.11.2025,analytics-sync,TRUE
06.01.2026,analytics-sync,TRUE
21.01.2026,analytics-sync,TRUE
30.01.2026,analytics-sync,TRUE
02.02.2026,analytics-sync,TRUE
03.02.2026,analytics-sync,TRUE
04.03.2026,analytics-sync,TRUE
27.03.2026,analytics-sync,TRUE
14.04.2026,analytics-sync,TRUE
16.04.2026,analytics-sync,TRUE
22.04.2026,analytics-sync,TRUE
23.04.2026,analytics-sync,TRUE
27.04.2026,analytics-sync,TRUE
27.04.2026,analytics-sync,TRUE
28.04.2026,analytics-sync,TRUE
04.05.2026,analytics-sync,TRUE
07.05.2026,analytics-sync,TRUE
08.05.2026,analytics-sync,TRUE
20.05.2026,analytics-sync,TRUE
22.05.2026,analytics-sync,TRUE
22.05.2026,analytics-sync,TRUE
27.05.2026,analytics-sync,TRUE
02.06.2026,analytics-sync,TRUE
03.06.2026,analytics-sync,TRUE
04.06.2026,analytics-sync,TRUE
09.06.2026,analytics-sync,TRUE
11.06.2026,analytics-sync,TRUE
11.06.2026,analytics-sync,TRUE
15.06.2026,analytics-sync,TRUE
19.06.2026,analytics-sync,TRUE
22.06.2026,analytics-sync,TRUE
22.06.2026,analytics-sync,TRUE
23.06.2026,analytics-sync,TRUE
23.06.2026,analytics-sync,TRUE
24.06.2026,analytics-sync,TRUE
24.06.2026,analytics-sync,TRUE
25.06.2026,analytics-sync,TRUE
29.06.2026,analytics-sync,TRUE
07.07.2026,analytics-sync,TRUE
13.07.2026,analytics-sync,TRUE
14.07.2026,analytics-sync,TRUE
21.07.2026,analytics-sync,TRUE
22.07.2026,analytics-sync,TRUE
24.07.2026,analytics-sync,TRUE
03.08.2026,analytics-sync,TRUE
06.08.2026,analytics-sync,TRUE
07.08.2026,analytics-sync,TRUE
17.08.2026,analytics-sync,TRUE
11.07.2025,anticorr-abc-v2,TRUE
11.07.2025,anticorr-abc-v2,TRUE
11.07.2025,anticorr-abc-v2,TRUE
18.07.2025,anticorr-abc-v2,TRUE
21.07.2025,anticorr-abc-v2,TRUE
22.07.2025,anticorr-abc-v2,TRUE
22.07.2025,anticorr-abc-v2,TRUE
23.07.2025,anticorr-abc-v2,TRUE
06.08.2025,anticorr-abc-v2,TRUE
14.08.2025,anticorr-abc-v2,TRUE
15.08.2025,anticorr-abc-v2,TRUE
01.09.2025,anticorr-abc-v2,TRUE
01.09.2025,anticorr-abc-v2,TRUE
03.09.2025,anticorr-abc-v2,TRUE
05.09.2025,anticorr-abc-v2,TRUE
11.09.2025,anticorr-abc-v2,TRUE
12.09.2025,anticorr-abc-v2,TRUE
16.09.2025,anticorr-abc-v2,TRUE
25.09.2025,anticorr-abc-v2,TRUE
07.10.2025,anticorr-abc-v2,TRUE
09.10.2025,anticorr-abc-v2,TRUE
13.10.2025,anticorr-abc-v2,TRUE
17.10.2025,anticorr-abc-v2,TRUE
28.10.2025,anticorr-abc-v2,TRUE
28.10.2025,anticorr-abc-v2,TRUE
10.11.2025,anticorr-abc-v2,TRUE
11.11.2025,anticorr-abc-v2,TRUE
12.12.2025,anticorr-abc-v2,TRUE
22.12.2025,anticorr-abc-v2,TRUE
23.12.2025,anticorr-abc-v2,FALSE
23.12.2025,anticorr-abc-v2,TRUE
23.12.2025,anticorr-abc-v2,TRUE
02.01.2026,anticorr-abc-v2,TRUE
06.01.2026,anticorr-abc-v2,TRUE
30.01.2026,anticorr-abc-v2,TRUE
30.01.2026,anticorr-abc-v2,TRUE
02.02.2026,anticorr-abc-v2,TRUE
17.02.2026,anticorr-abc-v2,TRUE
17.02.2026,anticorr-abc-v2,TRUE
19.03.2026,anticorr-abc-v2,TRUE
26.03.2026,anticorr-abc-v2,TRUE
30.03.2026,anticorr-abc-v2,TRUE
14.04.2026,anticorr-abc-v2,TRUE
28.04.2026,anticorr-abc-v2,TRUE
13.05.2026,anticorr-abc-v2,TRUE
02.06.2026,anticorr-abc-v2,TRUE
03.06.2026,anticorr-abc-v2,TRUE
05.06.2026,anticorr-abc-v2,TRUE
06.07.2026,anticorr-abc-v2,TRUE
06.07.2026,anticorr-abc-v2,TRUE
10.07.2026,anticorr-abc-v2,TRUE
13.07.2026,anticorr-abc-v2,TRUE
16.07.2026,anticorr-abc-v2,TRUE
21.07.2026,anticorr-abc-v2,TRUE
29.07.2026,anticorr-abc-v2,TRUE
04.08.2026,anticorr-abc-v2,TRUE
04.08.2026,anticorr-abc-v2,TRUE
12.08.2026,anticorr-abc-v2,TRUE
12.08.2026,anticorr-abc-v2,FALSE
13.08.2026,anticorr-abc-v2,TRUE
20.08.2026,anticorr-abc-v2,TRUE
25.08.2026,anticorr-abc-v2,TRUE
26.08.2026,anticorr-abc-v2,TRUE
03.01.2024,anticorr-abc,TRUE
03.01.2024,anticorr-abc,TRUE
25.01.2024,anticorr-abc,TRUE
25.01.2024,anticorr-abc,TRUE
06.02.2024,anticorr-abc,TRUE
06.02.2024,anticorr-abc,TRUE
06.02.2024,anticorr-abc,TRUE
06.02.2024,anticorr-abc,TRUE
15.02.2024,anticorr-abc,TRUE
15.02.2024,anticorr-abc,TRUE
15.02.2024,anticorr-abc,TRUE
15.02.2024,anticorr-abc,TRUE
15.02.2024,anticorr-abc,TRUE
15.02.2024,anticorr-abc,TRUE
15.02.2024,anticorr-abc,TRUE
15.02.2024,anticorr-abc,TRUE
15.02.2024,anticorr-abc,TRUE
15.02.2024,anticorr-abc,TRUE
15.02.2024,anticorr-abc,TRUE
15.02.2024,anticorr-abc,TRUE
15.02.2024,anticorr-abc,TRUE
15.02.2024,anticorr-abc,TRUE
15.02.2024,anticorr-abc,TRUE
15.02.2024,anticorr-abc,TRUE
27.02.2024,anticorr-abc,TRUE
27.02.2024,anticorr-abc,TRUE
01.03.2024,anticorr-abc,TRUE
01.03.2024,anticorr-abc,TRUE
01.03.2024,anticorr-abc,TRUE
01.03.2024,anticorr-abc,TRUE
29.03.2024,anticorr-abc,TRUE
29.03.2024,anticorr-abc,TRUE
19.04.2024,anticorr-abc,TRUE
19.04.2024,anticorr-abc,TRUE
14.05.2024,anticorr-abc,TRUE
14.05.2024,anticorr-abc,TRUE
20.05.2024,anticorr-abc,TRUE
20.05.2024,anticorr-abc,TRUE
21.05.2024,anticorr-abc,TRUE
21.05.2024,anticorr-abc,TRUE
29.05.2024,anticorr-abc,TRUE
29.05.2024,anticorr-abc,TRUE
11.06.2024,anticorr-abc,TRUE
11.06.2024,anticorr-abc,TRUE
11.06.2024,anticorr-abc,TRUE
11.06.2024,anticorr-abc,TRUE
18.06.2024,anticorr-abc,TRUE
18.06.2024,anticorr-abc,TRUE
19.06.2024,anticorr-abc,TRUE
19.06.2024,anticorr-abc,TRUE
20.06.2024,anticorr-abc,TRUE
20.06.2024,anticorr-abc,TRUE
20.06.2024,anticorr-abc,TRUE
20.06.2024,anticorr-abc,TRUE
28.06.2024,anticorr-abc,TRUE
28.06.2024,anticorr-abc,TRUE
28.06.2024,anticorr-abc,TRUE
28.06.2024,anticorr-abc,TRUE
28.06.2024,anticorr-abc,TRUE
28.06.2024,anticorr-abc,TRUE
28.06.2024,anticorr-abc,TRUE
28.06.2024,anticorr-abc,TRUE
11.09.2024,anticorr-abc,TRUE
11.09.2024,anticorr-abc,TRUE
01.10.2024,anticorr-abc,TRUE
01.10.2024,anticorr-abc,TRUE
08.10.2024,anticorr-abc,TRUE
08.10.2024,anticorr-abc,TRUE
05.11.2024,anticorr-abc,TRUE
05.11.2024,anticorr-abc,TRUE
07.11.2024,anticorr-abc,TRUE
07.11.2024,anticorr-abc,TRUE
11.11.2024,anticorr-abc,TRUE
11.11.2024,anticorr-abc,TRUE
22.11.2024,anticorr-abc,TRUE
22.11.2024,anticorr-abc,TRUE
09.12.2024,anticorr-abc,TRUE
09.12.2024,anticorr-abc,TRUE
12.12.2024,anticorr-abc,TRUE
12.12.2024,anticorr-abc,TRUE
12.12.2024,anticorr-abc,TRUE
12.12.2024,anticorr-abc,TRUE
12.12.2024,anticorr-abc,TRUE
12.12.2024,anticorr-abc,TRUE
12.12.2024,anticorr-abc,TRUE
12.12.2024,anticorr-abc,TRUE
12.12.2024,anticorr-abc,TRUE
12.12.2024,anticorr-abc,TRUE
13.12.2024,anticorr-abc,TRUE
13.12.2024,anticorr-abc,TRUE
25.12.2024,anticorr-abc,TRUE
25.12.2024,anticorr-abc,TRUE
25.12.2024,anticorr-abc,TRUE
25.12.2024,anticorr-abc,TRUE
26.12.2024,anticorr-abc,TRUE
26.12.2024,anticorr-abc,TRUE
17.01.2025,anticorr-abc,TRUE
17.01.2025,anticorr-abc,TRUE
17.01.2025,anticorr-abc,TRUE
17.01.2025,anticorr-abc,TRUE
17.01.2025,anticorr-abc,TRUE
17.01.2025,anticorr-abc,TRUE
17.01.2025,anticorr-abc,TRUE
17.01.2025,anticorr-abc,TRUE
23.01.2025,anticorr-abc,TRUE
23.01.2025,anticorr-abc,TRUE
23.01.2025,anticorr-abc,TRUE
23.01.2025,anticorr-abc,TRUE
25.02.2025,anticorr-abc,TRUE
25.02.2025,anticorr-abc,TRUE
25.02.2025,anticorr-abc,TRUE
25.02.2025,anticorr-abc,TRUE
25.02.2025,anticorr-abc,TRUE
25.02.2025,anticorr-abc,TRUE
25.02.2025,anticorr-abc,TRUE
25.02.2025,anticorr-abc,TRUE
25.02.2025,anticorr-abc,TRUE
25.02.2025,anticorr-abc,TRUE
28.03.2025,anticorr-abc,TRUE
28.03.2025,anticorr-abc,TRUE
28.03.2025,anticorr-abc,TRUE
28.03.2025,anticorr-abc,TRUE
10.04.2025,anticorr-abc,TRUE
10.04.2025,anticorr-abc,TRUE
14.04.2025,anticorr-abc,TRUE
14.04.2025,anticorr-abc,TRUE
16.04.2025,anticorr-abc,TRUE
16.04.2025,anticorr-abc,TRUE
17.04.2025,anticorr-abc,TRUE
17.04.2025,anticorr-abc,TRUE
30.04.2025,anticorr-abc,TRUE
30.04.2025,anticorr-abc,TRUE
21.05.2025,anticorr-abc,TRUE
21.05.2025,anticorr-abc,TRUE
05.06.2025,anticorr-abc,TRUE
05.06.2025,anticorr-abc,TRUE
12.06.2025,anticorr-abc,TRUE
12.06.2025,anticorr-abc,TRUE
08.08.2025,anticorr-abc,TRUE
08.08.2025,anticorr-abc,TRUE
24.09.2025,anticorr-abc,TRUE
24.09.2025,anticorr-abc,TRUE
02.10.2025,anticorr-abc,TRUE
02.10.2025,anticorr-abc,TRUE
15.10.2025,anticorr-abc,TRUE
15.10.2025,anticorr-abc,TRUE
07.11.2025,anticorr-abc,TRUE
07.11.2025,anticorr-abc,TRUE
10.11.2025,anticorr-abc,TRUE
10.11.2025,anticorr-abc,TRUE
10.11.2025,anticorr-abc,TRUE
10.11.2025,anticorr-abc,TRUE
24.02.2026,anticorr-abc,TRUE
24.02.2026,anticorr-abc,TRUE
16.03.2026,anticorr-abc,TRUE
16.03.2026,anticorr-abc,TRUE
11.06.2026,anticorr-abc,TRUE
11.06.2026,anticorr-abc,TRUE
07.07.2026,anticorr-abc,TRUE
07.07.2026,anticorr-abc,TRUE
24.07.2026,anticorr-abc,TRUE
24.07.2026,anticorr-abc,TRUE
24.07.2026,anticorr-abc,TRUE
24.07.2026,anticorr-abc,TRUE
11.08.2026,anticorr-abc,TRUE
11.08.2026,anticorr-abc,TRUE
28.08.2026,anticorr-abc,TRUE
28.08.2026,anticorr-abc,TRUE
28.08.2026,anticorr-abc,TRUE
19.12.2025,anticorr-arketa,TRUE
24.12.2025,anticorr-arketa,TRUE
08.01.2026,anticorr-arketa,TRUE
19.01.2026,anticorr-arketa,TRUE
22.01.2026,anticorr-arketa,TRUE
23.01.2026,anticorr-arketa,TRUE
26.01.2026,anticorr-arketa,TRUE
30.01.2026,anticorr-arketa,TRUE
04.02.2026,anticorr-arketa,TRUE
04.03.2026,anticorr-arketa,TRUE
21.04.2026,anticorr-arketa,TRUE
08.06.2026,anticorr-arketa,TRUE
09.06.2026,anticorr-arketa,TRUE
16.06.2026,anticorr-arketa,TRUE
03.07.2026,anticorr-arketa,TRUE
03.07.2026,anticorr-arketa,TRUE
07.07.2026,anticorr-arketa,TRUE
08.07.2026,anticorr-arketa,TRUE
08.07.2026,anticorr-arketa,TRUE
08.07.2026,anticorr-arketa,TRUE
14.07.2026,anticorr-arketa,TRUE
14.07.2026,anticorr-arketa,TRUE
21.07.2026,anticorr-arketa,TRUE
25.08.2026,anticorr-arketa,TRUE
25.08.2026,anticorr-arketa,TRUE
25.08.2026,anticorr-arketa,TRUE
26.08.2026,anticorr-arketa,TRUE
03.01.2024,anticorr-asf,TRUE
12.01.2024,anticorr-asf,TRUE
12.01.2024,anticorr-asf,TRUE
25.01.2024,anticorr-asf,TRUE
25.01.2024,anticorr-asf,TRUE
26.01.2024,anticorr-asf,TRUE
23.04.2024,anticorr-asf,TRUE
21.05.2024,anticorr-asf,TRUE
04.07.2024,anticorr-asf,TRUE
20.08.2024,anticorr-asf,TRUE
28.08.2024,anticorr-asf,TRUE
28.08.2024,anticorr-asf,TRUE
12.09.2024,anticorr-asf,TRUE
08.10.2024,anticorr-asf,TRUE
12.12.2024,anticorr-asf,TRUE
12.12.2024,anticorr-asf,TRUE
17.12.2024,anticorr-asf,TRUE
25.03.2025,anticorr-asf,TRUE
28.04.2025,anticorr-asf,TRUE
14.07.2025,anticorr-asf,TRUE
17.09.2025,anticorr-asf,TRUE
01.12.2025,anticorr-asf,TRUE
16.03.2026,anticorr-asf,TRUE
10.07.2026,anticorr-asf,TRUE
29.04.2025,anticorr-bsport,TRUE
29.04.2025,anticorr-bsport,TRUE
07.05.2025,anticorr-bsport,TRUE
14.05.2025,anticorr-bsport,TRUE
15.05.2025,anticorr-bsport,TRUE
21.05.2025,anticorr-bsport,TRUE
22.05.2025,anticorr-bsport,TRUE
23.05.2025,anticorr-bsport,TRUE
23.05.2025,anticorr-bsport,TRUE
08.07.2025,anticorr-bsport,TRUE
08.07.2025,anticorr-bsport,TRUE
09.07.2025,anticorr-bsport,TRUE
15.07.2025,anticorr-bsport,TRUE
17.07.2025,anticorr-bsport,TRUE
22.07.2025,anticorr-bsport,TRUE
07.08.2025,anticorr-bsport,TRUE
22.08.2025,anticorr-bsport,TRUE
25.08.2025,anticorr-bsport,TRUE
27.08.2025,anticorr-bsport,TRUE
28.08.2025,anticorr-bsport,TRUE
29.08.2025,anticorr-bsport,TRUE
02.09.2025,anticorr-bsport,TRUE
03.09.2025,anticorr-bsport,TRUE
11.09.2025,anticorr-bsport,TRUE
12.09.2025,anticorr-bsport,TRUE
03.10.2025,anticorr-bsport,TRUE
10.11.2025,anticorr-bsport,TRUE
17.11.2025,anticorr-bsport,TRUE
18.11.2025,anticorr-bsport,TRUE
24.11.2025,anticorr-bsport,TRUE
23.01.2026,anticorr-bsport,TRUE
26.01.2026,anticorr-bsport,TRUE
10.03.2026,anticorr-bsport,TRUE
24.03.2026,anticorr-bsport,TRUE
07.07.2026,anticorr-bsport,TRUE
17.07.2026,anticorr-bsport,TRUE
17.07.2026,anticorr-bsport,TRUE
21.07.2026,anticorr-bsport,TRUE
20.08.2026,anticorr-bsport,TRUE
20.08.2026,anticorr-bsport,TRUE
20.08.2026,anticorr-bsport,TRUE
03.01.2024,anticorr-clubautomation,TRUE
04.07.2024,anticorr-clubautomation,TRUE
12.07.2024,anticorr-clubautomation,TRUE
03.09.2024,anticorr-clubautomation,TRUE
04.09.2024,anticorr-clubautomation,TRUE
11.09.2024,anticorr-clubautomation,TRUE
20.12.2024,anticorr-clubautomation,TRUE
26.03.2025,anticorr-clubautomation,TRUE
12.06.2025,anticorr-clubautomation,TRUE
26.06.2025,anticorr-clubautomation,TRUE
14.07.2025,anticorr-clubautomation,TRUE
17.09.2025,anticorr-clubautomation,TRUE
18.09.2025,anticorr-clubautomation,TRUE
18.03.2026,anticorr-clubautomation,TRUE
11.05.2026,anticorr-clubautomation,TRUE
10.07.2026,anticorr-clubautomation,TRUE
07.10.2024,anticorr-clubready,TRUE
07.10.2024,anticorr-clubready,TRUE
08.10.2024,anticorr-clubready,TRUE
21.10.2024,anticorr-clubready,TRUE
18.12.2024,anticorr-clubready,TRUE
27.03.2025,anticorr-clubready,TRUE
28.03.2025,anticorr-clubready,TRUE
10.06.2025,anticorr-clubready,TRUE
19.06.2025,anticorr-clubready,TRUE
26.06.2025,anticorr-clubready,TRUE
05.08.2025,anticorr-clubready,TRUE
19.08.2025,anticorr-clubready,TRUE
07.10.2025,anticorr-clubready,TRUE
21.10.2025,anticorr-clubready,TRUE
12.12.2025,anticorr-clubready,TRUE
12.12.2025,anticorr-clubready,TRUE
24.12.2025,anticorr-clubready,TRUE
19.02.2026,anticorr-clubready,TRUE
06.04.2026,anticorr-clubready,TRUE
20.04.2026,anticorr-clubready,TRUE
05.05.2026,anticorr-clubready,TRUE
12.05.2026,anticorr-clubready,TRUE
15.05.2026,anticorr-clubready,TRUE
20.05.2026,anticorr-clubready,TRUE
20.07.2026,anticorr-clubready,TRUE
06.08.2026,anticorr-clubready,TRUE
10.08.2026,anticorr-clubready,TRUE
28.08.2026,anticorr-clubready,TRUE
03.01.2024,anticorr-clubsystems,TRUE
11.01.2024,anticorr-clubsystems,TRUE
11.01.2024,anticorr-clubsystems,TRUE
25.01.2024,anticorr-clubsystems,TRUE
21.05.2024,anticorr-clubsystems,TRUE
22.07.2024,anticorr-clubsystems,TRUE
31.07.2024,anticorr-clubsystems,TRUE
31.07.2024,anticorr-clubsystems,TRUE
31.07.2024,anticorr-clubsystems,TRUE
15.08.2024,anticorr-clubsystems,TRUE
13.09.2024,anticorr-clubsystems,TRUE
25.03.2025,anticorr-clubsystems,TRUE
02.07.2025,anticorr-clubsystems,TRUE
02.07.2025,anticorr-clubsystems,TRUE
02.07.2025,anticorr-clubsystems,TRUE
27.08.2025,anticorr-clubsystems,TRUE
09.03.2026,anticorr-clubsystems,TRUE
26.03.2026,anticorr-clubsystems,TRUE
10.07.2026,anticorr-clubsystems,TRUE
02.01.2024,anticorr-crunch,TRUE
03.01.2024,anticorr-crunch,TRUE
03.01.2024,anticorr-crunch,TRUE
08.01.2024,anticorr-crunch,TRUE
09.01.2024,anticorr-crunch,TRUE
09.01.2024,anticorr-crunch,TRUE
09.01.2024,anticorr-crunch,TRUE
15.01.2024,anticorr-crunch,TRUE
15.01.2024,anticorr-crunch,TRUE
22.01.2024,anticorr-crunch,TRUE
22.01.2024,anticorr-crunch,TRUE
25.01.2024,anticorr-crunch,TRUE
30.01.2024,anticorr-crunch,TRUE
05.02.2024,anticorr-crunch,TRUE
12.02.2024,anticorr-crunch,TRUE
19.02.2024,anticorr-crunch,TRUE
26.02.2024,anticorr-crunch,TRUE
04.03.2024,anticorr-crunch,TRUE
11.03.2024,anticorr-crunch,TRUE
26.03.2024,anticorr-crunch,TRUE
01.04.2024,anticorr-crunch,TRUE
08.04.2024,anticorr-crunch,TRUE
15.04.2024,anticorr-crunch,TRUE
22.04.2024,anticorr-crunch,TRUE
13.05.2024,anticorr-crunch,TRUE
20.05.2024,anticorr-crunch,TRUE
21.05.2024,anticorr-crunch,TRUE
27.05.2024,anticorr-crunch,TRUE
27.05.2024,anticorr-crunch,TRUE
03.06.2024,anticorr-crunch,TRUE
10.06.2024,anticorr-crunch,TRUE
01.07.2024,anticorr-crunch,TRUE
01.07.2024,anticorr-crunch,TRUE
08.07.2024,anticorr-crunch,TRUE
11.07.2024,anticorr-crunch,TRUE
12.07.2024,anticorr-crunch,TRUE
22.07.2024,anticorr-crunch,TRUE
29.07.2024,anticorr-crunch,TRUE
31.07.2024,anticorr-crunch,FALSE
31.07.2024,anticorr-crunch,TRUE
31.07.2024,anticorr-crunch,TRUE
05.08.2024,anticorr-crunch,TRUE
05.08.2024,anticorr-crunch,TRUE
12.08.2024,anticorr-crunch,TRUE
12.08.2024,anticorr-crunch,TRUE
19.08.2024,anticorr-crunch,TRUE
19.08.2024,anticorr-crunch,TRUE
02.09.2024,anticorr-crunch,TRUE
03.09.2024,anticorr-crunch,TRUE
03.09.2024,anticorr-crunch,TRUE
09.09.2024,anticorr-crunch,TRUE
16.09.2024,anticorr-crunch,TRUE
23.09.2024,anticorr-crunch,TRUE
24.10.2024,anticorr-crunch,TRUE
30.10.2024,anticorr-crunch,TRUE
30.10.2024,anticorr-crunch,TRUE
30.10.2024,anticorr-crunch,TRUE
14.11.2024,anticorr-crunch,TRUE
15.11.2024,anticorr-crunch,TRUE
20.11.2024,anticorr-crunch,TRUE
21.11.2024,anticorr-crunch,TRUE
02.12.2024,anticorr-crunch,TRUE
09.12.2024,anticorr-crunch,TRUE
07.01.2025,anticorr-crunch,TRUE
08.01.2025,anticorr-crunch,TRUE
08.01.2025,anticorr-crunch,TRUE
09.01.2025,anticorr-crunch,TRUE
13.01.2025,anticorr-crunch,TRUE
12.03.2025,anticorr-crunch,TRUE
12.03.2025,anticorr-crunch,TRUE
13.03.2025,anticorr-crunch,TRUE
13.03.2025,anticorr-crunch,TRUE
25.03.2025,anticorr-crunch,TRUE
14.04.2025,anticorr-crunch,TRUE
08.07.2025,anticorr-crunch,TRUE
26.08.2025,anticorr-crunch,TRUE
27.08.2025,anticorr-crunch,TRUE
29.08.2025,anticorr-crunch,TRUE
26.09.2025,anticorr-crunch,TRUE
14.11.2025,anticorr-crunch,TRUE
17.11.2025,anticorr-crunch,TRUE
18.11.2025,anticorr-crunch,TRUE
21.11.2025,anticorr-crunch,TRUE
10.12.2025,anticorr-crunch,TRUE
22.12.2025,anticorr-crunch,TRUE
26.12.2025,anticorr-crunch,TRUE
15.01.2026,anticorr-crunch,TRUE
15.01.2026,anticorr-crunch,TRUE
16.01.2026,anticorr-crunch,TRUE
23.01.2026,anticorr-crunch,TRUE
26.01.2026,anticorr-crunch,TRUE
26.01.2026,anticorr-crunch,TRUE
10.03.2026,anticorr-crunch,TRUE
11.03.2026,anticorr-crunch,TRUE
12.03.2026,anticorr-crunch,TRUE
12.03.2026,anticorr-crunch,TRUE
12.03.2026,anticorr-crunch,TRUE
12.03.2026,anticorr-crunch,TRUE
12.03.2026,anticorr-crunch,TRUE
25.03.2026,anticorr-crunch,TRUE
26.03.2026,anticorr-crunch,TRUE
03.06.2026,anticorr-crunch,TRUE
10.06.2026,anticorr-crunch,TRUE
11.06.2026,anticorr-crunch,TRUE
11.06.2026,anticorr-crunch,TRUE
29.06.2026,anticorr-crunch,TRUE
09.07.2026,anticorr-crunch,TRUE
09.07.2026,anticorr-crunch,TRUE
09.07.2026,anticorr-crunch,TRUE
09.07.2026,anticorr-crunch,TRUE
14.07.2026,anticorr-crunch,TRUE
28.07.2026,anticorr-crunch,TRUE
03.08.2026,anticorr-crunch,TRUE
06.08.2026,anticorr-crunch,TRUE
18.08.2026,anticorr-crunch,TRUE
31.08.2026,anticorr-crunch,TRUE
12.06.2024,anticorr-daxko,TRUE
12.06.2024,anticorr-daxko,TRUE
12.06.2024,anticorr-daxko,TRUE
14.06.2024,anticorr-daxko,TRUE
01.07.2024,anticorr-daxko,TRUE
02.07.2024,anticorr-daxko,TRUE
02.07.2024,anticorr-daxko,TRUE
02.07.2024,anticorr-daxko,TRUE
14.08.2024,anticorr-daxko,TRUE
05.09.2024,anticorr-daxko,TRUE
07.11.2024,anticorr-daxko,TRUE
08.11.2024,anticorr-daxko,TRUE
06.12.2024,anticorr-daxko,TRUE
28.04.2025,anticorr-daxko,TRUE
28.04.2025,anticorr-daxko,TRUE
06.06.2025,anticorr-daxko,TRUE
27.06.2025,anticorr-daxko,TRUE
01.07.2025,anticorr-daxko,TRUE
18.08.2025,anticorr-daxko,TRUE
19.08.2025,anticorr-daxko,TRUE
13.10.2025,anticorr-daxko,TRUE
17.11.2025,anticorr-daxko,TRUE
12.12.2025,anticorr-daxko,TRUE
24.12.2025,anticorr-daxko,TRUE
12.02.2026,anticorr-daxko,TRUE
12.02.2026,anticorr-daxko,TRUE
07.04.2026,anticorr-daxko,TRUE
20.04.2026,anticorr-daxko,TRUE
27.04.2026,anticorr-daxko,TRUE
05.05.2026,anticorr-daxko,TRUE
07.05.2026,anticorr-daxko,TRUE
12.05.2026,anticorr-daxko,TRUE
18.05.2026,anticorr-daxko,TRUE
19.05.2026,anticorr-daxko,TRUE
20.07.2026,anticorr-daxko,TRUE
06.08.2026,anticorr-daxko,TRUE
28.08.2026,anticorr-daxko,TRUE
27.05.2025,anticorr-deciplus,TRUE
10.06.2025,anticorr-deciplus,TRUE
23.06.2025,anticorr-deciplus,TRUE
24.06.2025,anticorr-deciplus,TRUE
27.06.2025,anticorr-deciplus,TRUE
08.07.2025,anticorr-deciplus,TRUE
08.07.2025,anticorr-deciplus,TRUE
07.08.2025,anticorr-deciplus,TRUE
13.08.2025,anticorr-deciplus,TRUE
19.08.2025,anticorr-deciplus,TRUE
22.08.2025,anticorr-deciplus,TRUE
28.08.2025,anticorr-deciplus,TRUE
28.08.2025,anticorr-deciplus,TRUE
03.09.2025,anticorr-deciplus,TRUE
03.10.2025,anticorr-deciplus,TRUE
07.10.2025,anticorr-deciplus,TRUE
22.10.2025,anticorr-deciplus,TRUE
13.11.2025,anticorr-deciplus,TRUE
20.11.2025,anticorr-deciplus,TRUE
21.11.2025,anticorr-deciplus,TRUE
24.11.2025,anticorr-deciplus,TRUE
24.11.2025,anticorr-deciplus,TRUE
25.11.2025,anticorr-deciplus,TRUE
28.11.2025,anticorr-deciplus,TRUE
05.12.2025,anticorr-deciplus,TRUE
18.12.2025,anticorr-deciplus,TRUE
18.12.2025,anticorr-deciplus,TRUE
05.01.2026,anticorr-deciplus,TRUE
21.01.2026,anticorr-deciplus,TRUE
23.01.2026,anticorr-deciplus,TRUE
23.01.2026,anticorr-deciplus,FALSE
26.01.2026,anticorr-deciplus,TRUE
26.01.2026,anticorr-deciplus,TRUE
27.01.2026,anticorr-deciplus,TRUE
27.01.2026,anticorr-deciplus,TRUE
11.03.2026,anticorr-deciplus,TRUE
30.03.2026,anticorr-deciplus,TRUE
31.03.2026,anticorr-deciplus,TRUE
27.04.2026,anticorr-deciplus,TRUE
07.07.2026,anticorr-deciplus,TRUE
16.07.2026,anticorr-deciplus,TRUE
21.07.2026,anticorr-deciplus,TRUE
12.08.2026,anticorr-deciplus,TRUE
18.08.2026,anticorr-deciplus,TRUE
18.08.2026,anticorr-deciplus,TRUE
18.08.2026,anticorr-deciplus,TRUE
27.08.2026,anticorr-deciplus,TRUE
27.08.2026,anticorr-deciplus,TRUE
27.08.2026,anticorr-deciplus,TRUE
03.01.2024,anticorr-dws,TRUE
04.01.2024,anticorr-dws,TRUE
10.01.2024,anticorr-dws,TRUE
10.01.2024,anticorr-dws,TRUE
25.01.2024,anticorr-dws,TRUE
26.01.2024,anticorr-dws,TRUE
20.05.2024,anticorr-dws,TRUE
21.05.2024,anticorr-dws,TRUE
25.07.2024,anticorr-dws,TRUE
12.08.2024,anticorr-dws,TRUE
21.08.2024,anticorr-dws,TRUE
06.09.2024,anticorr-dws,TRUE
06.09.2024,anticorr-dws,TRUE
13.09.2024,anticorr-dws,TRUE
13.09.2024,anticorr-dws,TRUE
13.09.2024,anticorr-dws,TRUE
13.09.2024,anticorr-dws,TRUE
23.09.2024,anticorr-dws,TRUE
25.09.2024,anticorr-dws,TRUE
20.03.2025,anticorr-dws,TRUE
11.06.2025,anticorr-dws,TRUE
14.07.2025,anticorr-dws,TRUE
18.08.2025,anticorr-dws,TRUE
22.10.2025,anticorr-dws,TRUE
28.11.2025,anticorr-dws,TRUE
01.12.2025,anticorr-dws,TRUE
01.12.2025,anticorr-dws,TRUE
01.12.2025,anticorr-dws,TRUE
01.12.2025,anticorr-dws,TRUE
01.12.2025,anticorr-dws,TRUE
01.12.2025,anticorr-dws,TRUE
01.12.2025,anticorr-dws,TRUE
01.12.2025,anticorr-dws,TRUE
01.12.2025,anticorr-dws,TRUE
01.12.2025,anticorr-dws,TRUE
02.12.2025,anticorr-dws,TRUE
02.12.2025,anticorr-dws,TRUE
02.12.2025,anticorr-dws,TRUE
02.12.2025,anticorr-dws,TRUE
03.12.2025,anticorr-dws,TRUE
03.12.2025,anticorr-dws,TRUE
03.12.2025,anticorr-dws,TRUE
04.12.2025,anticorr-dws,TRUE
04.12.2025,anticorr-dws,TRUE
05.12.2025,anticorr-dws,TRUE
05.12.2025,anticorr-dws,TRUE
05.12.2025,anticorr-dws,TRUE
08.12.2025,anticorr-dws,TRUE
08.12.2025,anticorr-dws,TRUE
09.12.2025,anticorr-dws,TRUE
11.12.2025,anticorr-dws,TRUE
11.12.2025,anticorr-dws,TRUE
15.12.2025,anticorr-dws,TRUE
18.12.2025,anticorr-dws,TRUE
22.12.2025,anticorr-dws,TRUE
23.12.2025,anticorr-dws,TRUE
23.12.2025,anticorr-dws,TRUE
25.12.2025,anticorr-dws,TRUE
07.01.2026,anticorr-dws,TRUE
08.01.2026,anticorr-dws,TRUE
08.01.2026,anticorr-dws,TRUE
13.01.2026,anticorr-dws,TRUE
26.01.2026,anticorr-dws,TRUE
11.02.2026,anticorr-dws,TRUE
05.03.2026,anticorr-dws,TRUE
05.03.2026,anticorr-dws,TRUE
05.03.2026,anticorr-dws,TRUE
16.03.2026,anticorr-dws,TRUE
18.03.2026,anticorr-dws,TRUE
18.05.2026,anticorr-dws,TRUE
18.05.2026,anticorr-dws,TRUE
18.05.2026,anticorr-dws,TRUE
18.05.2026,anticorr-dws,TRUE
18.05.2026,anticorr-dws,TRUE
18.05.2026,anticorr-dws,TRUE
19.05.2026,anticorr-dws,TRUE
20.05.2026,anticorr-dws,TRUE
21.05.2026,anticorr-dws,TRUE
22.05.2026,anticorr-dws,TRUE
25.05.2026,anticorr-dws,TRUE
25.05.2026,anticorr-dws,TRUE
16.06.2026,anticorr-dws,TRUE
06.07.2026,anticorr-dws,TRUE
13.07.2026,anticorr-dws,TRUE
18.08.2026,anticorr-dws,TRUE
19.08.2026,anticorr-dws,TRUE
03.01.2024,anticorr-easysolution,TRUE
03.01.2024,anticorr-easysolution,TRUE
25.01.2024,anticorr-easysolution,TRUE
06.02.2024,anticorr-easysolution,TRUE
21.05.2024,anticorr-easysolution,TRUE
26.07.2024,anticorr-easysolution,TRUE
31.07.2024,anticorr-easysolution,FALSE
31.07.2024,anticorr-easysolution,TRUE
31.07.2024,anticorr-easysolution,TRUE
25.03.2025,anticorr-easysolution,TRUE
03.01.2024,anticorr-easysolutionv3,TRUE
25.01.2024,anticorr-easysolutionv3,TRUE
26.01.2024,anticorr-easysolutionv3,TRUE
06.02.2024,anticorr-easysolutionv3,TRUE
14.05.2024,anticorr-easysolutionv3,TRUE
21.05.2024,anticorr-easysolutionv3,TRUE
31.07.2024,anticorr-easysolutionv3,FALSE
31.07.2024,anticorr-easysolutionv3,TRUE
31.07.2024,anticorr-easysolutionv3,TRUE
01.08.2024,anticorr-easysolutionv3,TRUE
01.08.2024,anticorr-easysolutionv3,TRUE
13.09.2024,anticorr-easysolutionv3,TRUE
25.03.2025,anticorr-easysolutionv3,TRUE
04.01.2024,anticorr-elan,TRUE
11.01.2024,anticorr-elan,TRUE
11.01.2024,anticorr-elan,TRUE
25.01.2024,anticorr-elan,TRUE
21.05.2024,anticorr-elan,TRUE
26.07.2024,anticorr-elan,TRUE
31.07.2024,anticorr-elan,FALSE
31.07.2024,anticorr-elan,TRUE
31.07.2024,anticorr-elan,TRUE
10.09.2024,anticorr-elan,TRUE
20.03.2025,anticorr-elan,TRUE
14.07.2025,anticorr-elan,TRUE
17.09.2025,anticorr-elan,TRUE
09.03.2026,anticorr-elan,TRUE
25.03.2026,anticorr-elan,TRUE
10.07.2026,anticorr-elan,TRUE
02.01.2024,anticorr-elements,TRUE
03.01.2024,anticorr-elements,TRUE
04.01.2024,anticorr-elements,TRUE
08.01.2024,anticorr-elements,TRUE
09.01.2024,anticorr-elements,TRUE
09.01.2024,anticorr-elements,TRUE
09.01.2024,anticorr-elements,TRUE
15.01.2024,anticorr-elements,TRUE
15.01.2024,anticorr-elements,TRUE
22.01.2024,anticorr-elements,TRUE
22.01.2024,anticorr-elements,TRUE
25.01.2024,anticorr-elements,TRUE
30.01.2024,anticorr-elements,TRUE
05.02.2024,anticorr-elements,TRUE
12.02.2024,anticorr-elements,TRUE
19.02.2024,anticorr-elements,TRUE
26.02.2024,anticorr-elements,TRUE
04.03.2024,anticorr-elements,TRUE
11.03.2024,anticorr-elements,TRUE
28.03.2024,anticorr-elements,TRUE
01.04.2024,anticorr-elements,TRUE
08.04.2024,anticorr-elements,TRUE
15.04.2024,anticorr-elements,TRUE
22.04.2024,anticorr-elements,TRUE
13.05.2024,anticorr-elements,TRUE
21.05.2024,anticorr-elements,TRUE
27.05.2024,anticorr-elements,TRUE
03.06.2024,anticorr-elements,TRUE
10.06.2024,anticorr-elements,TRUE
01.07.2024,anticorr-elements,TRUE
08.07.2024,anticorr-elements,TRUE
16.07.2024,anticorr-elements,TRUE
22.07.2024,anticorr-elements,TRUE
30.07.2024,anticorr-elements,TRUE
31.07.2024,anticorr-elements,TRUE
03.09.2024,anticorr-elements,TRUE
19.09.2024,anticorr-elements,TRUE
15.10.2024,anticorr-elements,TRUE
15.10.2024,anticorr-elements,TRUE
11.11.2024,anticorr-elements,TRUE
13.11.2024,anticorr-elements,TRUE
13.11.2024,anticorr-elements,TRUE
13.11.2024,anticorr-elements,TRUE
14.11.2024,anticorr-elements,TRUE
25.11.2024,anticorr-elements,TRUE
06.01.2025,anticorr-elements,TRUE
09.01.2025,anticorr-elements,TRUE
13.01.2025,anticorr-elements,TRUE
27.01.2025,anticorr-elements,TRUE
03.02.2025,anticorr-elements,TRUE
17.02.2025,anticorr-elements,TRUE
17.02.2025,anticorr-elements,TRUE
18.02.2025,anticorr-elements,TRUE
19.02.2025,anticorr-elements,TRUE
19.02.2025,anticorr-elements,TRUE
19.02.2025,anticorr-elements,TRUE
20.02.2025,anticorr-elements,TRUE
20.02.2025,anticorr-elements,TRUE
21.02.2025,anticorr-elements,TRUE
21.02.2025,anticorr-elements,TRUE
24.02.2025,anticorr-elements,TRUE
03.03.2025,anticorr-elements,TRUE
31.03.2025,anticorr-elements,TRUE
07.04.2025,anticorr-elements,TRUE
14.04.2025,anticorr-elements,TRUE
22.04.2025,anticorr-elements,TRUE
25.04.2025,anticorr-elements,TRUE
12.05.2025,anticorr-elements,TRUE
19.05.2025,anticorr-elements,TRUE
27.05.2025,anticorr-elements,TRUE
02.06.2025,anticorr-elements,TRUE
16.06.2025,anticorr-elements,TRUE
23.06.2025,anticorr-elements,TRUE
01.07.2025,anticorr-elements,TRUE
07.07.2025,anticorr-elements,TRUE
16.07.2025,anticorr-elements,TRUE
21.07.2025,anticorr-elements,TRUE
28.07.2025,anticorr-elements,TRUE
04.08.2025,anticorr-elements,TRUE
11.08.2025,anticorr-elements,TRUE
18.08.2025,anticorr-elements,TRUE
26.08.2025,anticorr-elements,TRUE
01.09.2025,anticorr-elements,TRUE
22.09.2025,anticorr-elements,TRUE
26.09.2025,anticorr-elements,TRUE
29.09.2025,anticorr-elements,TRUE
02.10.2025,anticorr-elements,TRUE
06.10.2025,anticorr-elements,TRUE
06.10.2025,anticorr-elements,TRUE
08.10.2025,anticorr-elements,TRUE
09.10.2025,anticorr-elements,TRUE
13.10.2025,anticorr-elements,TRUE
20.10.2025,anticorr-elements,TRUE
27.10.2025,anticorr-elements,TRUE
03.11.2025,anticorr-elements,TRUE
07.11.2025,anticorr-elements,TRUE
10.11.2025,anticorr-elements,TRUE
12.11.2025,anticorr-elements,TRUE
17.11.2025,anticorr-elements,TRUE
24.11.2025,anticorr-elements,TRUE
27.11.2025,anticorr-elements,TRUE
27.11.2025,anticorr-elements,TRUE
28.11.2025,anticorr-elements,TRUE
01.12.2025,anticorr-elements,TRUE
01.12.2025,anticorr-elements,TRUE
03.12.2025,anticorr-elements,TRUE
08.12.2025,anticorr-elements,TRUE
11.12.2025,anticorr-elements,TRUE
11.12.2025,anticorr-elements,TRUE
15.12.2025,anticorr-elements,TRUE
16.12.2025,anticorr-elements,TRUE
18.12.2025,anticorr-elements,TRUE
22.12.2025,anticorr-elements,TRUE
24.12.2025,anticorr-elements,TRUE
05.01.2026,anticorr-elements,TRUE
12.01.2026,anticorr-elements,TRUE
19.01.2026,anticorr-elements,TRUE
26.01.2026,anticorr-elements,TRUE
29.01.2026,anticorr-elements,TRUE
05.02.2026,anticorr-elements,TRUE
13.02.2026,anticorr-elements,TRUE
05.05.2026,anticorr-elements,TRUE
15.06.2026,anticorr-elements,TRUE
10.07.2026,anticorr-elements,TRUE
17.07.2026,anticorr-elements,TRUE
23.07.2026,anticorr-elements,TRUE
30.07.2026,anticorr-elements,TRUE
06.08.2026,anticorr-elements,TRUE
20.08.2026,anticorr-elements,TRUE
16.01.2024,anticorr-eversports,TRUE
31.01.2024,anticorr-eversports,TRUE
31.01.2024,anticorr-eversports,TRUE
19.03.2024,anticorr-eversports,TRUE
21.03.2024,anticorr-eversports,TRUE
09.04.2024,anticorr-eversports,TRUE
13.06.2024,anticorr-eversports,TRUE
04.07.2024,anticorr-eversports,TRUE
16.07.2024,anticorr-eversports,TRUE
25.07.2024,anticorr-eversports,TRUE
26.07.2024,anticorr-eversports,TRUE
06.08.2024,anticorr-eversports,TRUE
27.03.2025,anticorr-eversports,TRUE
28.03.2025,anticorr-eversports,TRUE
01.04.2025,anticorr-eversports,TRUE
22.05.2025,anticorr-eversports,TRUE
26.05.2025,anticorr-eversports,TRUE
26.05.2025,anticorr-eversports,TRUE
07.08.2025,anticorr-eversports,TRUE
22.08.2025,anticorr-eversports,TRUE
22.08.2025,anticorr-eversports,FALSE
22.08.2025,anticorr-eversports,TRUE
28.08.2025,anticorr-eversports,TRUE
03.09.2025,anticorr-eversports,TRUE
02.10.2025,anticorr-eversports,TRUE
08.10.2025,anticorr-eversports,TRUE
10.10.2025,anticorr-eversports,TRUE
15.10.2025,anticorr-eversports,TRUE
24.10.2025,anticorr-eversports,TRUE
28.10.2025,anticorr-eversports,TRUE
29.10.2025,anticorr-eversports,TRUE
24.11.2025,anticorr-eversports,TRUE
27.11.2025,anticorr-eversports,TRUE
26.01.2026,anticorr-eversports,TRUE
26.01.2026,anticorr-eversports,TRUE
08.07.2026,anticorr-eversports,TRUE
08.07.2026,anticorr-eversports,TRUE
15.07.2026,anticorr-eversports,TRUE
15.07.2026,anticorr-eversports,TRUE
21.07.2026,anticorr-eversports,TRUE
23.07.2026,anticorr-eversports,TRUE
23.07.2026,anticorr-eversports,TRUE
23.07.2026,anticorr-eversports,TRUE
30.07.2026,anticorr-eversports,TRUE
30.07.2026,anticorr-eversports,TRUE
06.08.2026,anticorr-eversports,TRUE
24.08.2026,anticorr-eversports,TRUE
04.01.2024,anticorr-ggcalendar,TRUE
10.01.2024,anticorr-ggcalendar,TRUE
10.01.2024,anticorr-ggcalendar,TRUE
25.01.2024,anticorr-ggcalendar,TRUE
21.05.2024,anticorr-ggcalendar,TRUE
19.07.2024,anticorr-ggcalendar,TRUE
19.08.2024,anticorr-ggcalendar,TRUE
13.09.2024,anticorr-ggcalendar,TRUE
13.09.2024,anticorr-ggcalendar,TRUE
25.11.2024,anticorr-ggcalendar,TRUE
13.12.2024,anticorr-ggcalendar,TRUE
13.12.2024,anticorr-ggcalendar,TRUE
13.12.2024,anticorr-ggcalendar,TRUE
25.03.2025,anticorr-ggcalendar,TRUE
19.05.2025,anticorr-ggcalendar,TRUE
17.09.2025,anticorr-ggcalendar,TRUE
30.12.2025,anticorr-ggcalendar,TRUE
04.01.2024,anticorr-gladstone,TRUE
10.01.2024,anticorr-gladstone,TRUE
10.01.2024,anticorr-gladstone,TRUE
25.01.2024,anticorr-gladstone,TRUE
26.01.2024,anticorr-gladstone,TRUE
23.04.2024,anticorr-gladstone,TRUE
21.05.2024,anticorr-gladstone,TRUE
28.05.2024,anticorr-gladstone,TRUE
19.08.2024,anticorr-gladstone,TRUE
28.11.2024,anticorr-gladstone,TRUE
11.03.2025,anticorr-gladstone,TRUE
09.07.2025,anticorr-gladstone,TRUE
17.09.2025,anticorr-gladstone,TRUE
21.01.2026,anticorr-gladstone,TRUE
21.01.2026,anticorr-gladstone,TRUE
26.01.2026,anticorr-gladstone,TRUE
09.03.2026,anticorr-gladstone,TRUE
26.03.2026,anticorr-gladstone,TRUE
10.07.2026,anticorr-gladstone,TRUE
04.01.2024,anticorr-groupexpro,TRUE
12.01.2024,anticorr-groupexpro,TRUE
12.01.2024,anticorr-groupexpro,TRUE
25.01.2024,anticorr-groupexpro,TRUE
26.01.2024,anticorr-groupexpro,TRUE
12.02.2024,anticorr-groupexpro,TRUE
12.02.2024,anticorr-groupexpro,TRUE
14.05.2024,anticorr-groupexpro,TRUE
21.05.2024,anticorr-groupexpro,TRUE
19.08.2024,anticorr-groupexpro,TRUE
20.03.2025,anticorr-groupexpro,TRUE
27.05.2025,anticorr-groupexpro,TRUE
11.07.2025,anticorr-groupexpro,TRUE
29.07.2025,anticorr-groupexpro,TRUE
12.08.2025,anticorr-groupexpro,TRUE
13.08.2025,anticorr-groupexpro,TRUE
27.08.2025,anticorr-groupexpro,TRUE
09.03.2026,anticorr-groupexpro,TRUE
26.03.2026,anticorr-groupexpro,TRUE
10.07.2026,anticorr-groupexpro,TRUE
14.07.2025,anticorr-heitz,TRUE
14.07.2025,anticorr-heitz,TRUE
22.07.2025,anticorr-heitz,TRUE
23.07.2025,anticorr-heitz,TRUE
25.07.2025,anticorr-heitz,TRUE
29.07.2025,anticorr-heitz,TRUE
31.07.2025,anticorr-heitz,TRUE
04.08.2025,anticorr-heitz,TRUE
07.08.2025,anticorr-heitz,TRUE
07.08.2025,anticorr-heitz,TRUE
22.08.2025,anticorr-heitz,TRUE
28.08.2025,anticorr-heitz,TRUE
03.09.2025,anticorr-heitz,TRUE
05.09.2025,anticorr-heitz,TRUE
03.10.2025,anticorr-heitz,TRUE
16.10.2025,anticorr-heitz,TRUE
24.11.2025,anticorr-heitz,TRUE
04.12.2025,anticorr-heitz,TRUE
21.01.2026,anticorr-heitz,TRUE
23.01.2026,anticorr-heitz,TRUE
23.01.2026,anticorr-heitz,TRUE
26.01.2026,anticorr-heitz,TRUE
26.01.2026,anticorr-heitz,TRUE
05.02.2026,anticorr-heitz,TRUE
10.02.2026,anticorr-heitz,TRUE
17.02.2026,anticorr-heitz,TRUE
05.05.2026,anticorr-heitz,TRUE
07.07.2026,anticorr-heitz,TRUE
16.07.2026,anticorr-heitz,TRUE
16.07.2026,anticorr-heitz,TRUE
16.07.2026,anticorr-heitz,TRUE
21.07.2026,anticorr-heitz,TRUE
21.08.2026,anticorr-heitz,TRUE
26.08.2026,anticorr-heitz,TRUE
26.08.2026,anticorr-heitz,TRUE
03.01.2024,anticorr-injoy,TRUE
03.01.2024,anticorr-injoy,TRUE
03.01.2024,anticorr-injoy,TRUE
03.01.2024,anticorr-injoy,TRUE
04.01.2024,anticorr-injoy,TRUE
05.01.2024,anticorr-injoy,TRUE
05.01.2024,anticorr-injoy,TRUE
08.01.2024,anticorr-injoy,TRUE
08.01.2024,anticorr-injoy,TRUE
09.01.2024,anticorr-injoy,TRUE
09.01.2024,anticorr-injoy,TRUE
15.01.2024,anticorr-injoy,TRUE
15.01.2024,anticorr-injoy,TRUE
22.01.2024,anticorr-injoy,TRUE
22.01.2024,anticorr-injoy,TRUE
25.01.2024,anticorr-injoy,TRUE
30.01.2024,anticorr-injoy,TRUE
05.02.2024,anticorr-injoy,TRUE
12.02.2024,anticorr-injoy,TRUE
19.02.2024,anticorr-injoy,TRUE
26.02.2024,anticorr-injoy,TRUE
04.03.2024,anticorr-injoy,TRUE
11.03.2024,anticorr-injoy,TRUE
26.03.2024,anticorr-injoy,TRUE
01.04.2024,anticorr-injoy,TRUE
08.04.2024,anticorr-injoy,TRUE
15.04.2024,anticorr-injoy,TRUE
22.04.2024,anticorr-injoy,TRUE
13.05.2024,anticorr-injoy,TRUE
20.05.2024,anticorr-injoy,TRUE
21.05.2024,anticorr-injoy,TRUE
27.05.2024,anticorr-injoy,TRUE
03.06.2024,anticorr-injoy,TRUE
10.06.2024,anticorr-injoy,TRUE
01.07.2024,anticorr-injoy,TRUE
08.07.2024,anticorr-injoy,TRUE
22.07.2024,anticorr-injoy,TRUE
29.07.2024,anticorr-injoy,TRUE
31.07.2024,anticorr-injoy,FALSE
31.07.2024,anticorr-injoy,TRUE
05.08.2024,anticorr-injoy,TRUE
05.08.2024,anticorr-injoy,TRUE
19.08.2024,anticorr-injoy,TRUE
02.09.2024,anticorr-injoy,TRUE
03.09.2024,anticorr-injoy,TRUE
09.09.2024,anticorr-injoy,TRUE
16.09.2024,anticorr-injoy,TRUE
23.09.2024,anticorr-injoy,TRUE
07.10.2024,anticorr-injoy,TRUE
14.10.2024,anticorr-injoy,TRUE
28.10.2024,anticorr-injoy,TRUE
04.11.2024,anticorr-injoy,TRUE
11.11.2024,anticorr-injoy,TRUE
18.11.2024,anticorr-injoy,TRUE
25.11.2024,anticorr-injoy,TRUE
25.11.2024,anticorr-injoy,TRUE
26.11.2024,anticorr-injoy,TRUE
27.11.2024,anticorr-injoy,TRUE
27.11.2024,anticorr-injoy,TRUE
09.12.2024,anticorr-injoy,TRUE
16.12.2024,anticorr-injoy,TRUE
23.12.2024,anticorr-injoy,TRUE
06.01.2025,anticorr-injoy,TRUE
09.01.2025,anticorr-injoy,TRUE
20.01.2025,anticorr-injoy,TRUE
27.01.2025,anticorr-injoy,TRUE
03.02.2025,anticorr-injoy,TRUE
24.02.2025,anticorr-injoy,TRUE
03.03.2025,anticorr-injoy,TRUE
31.03.2025,anticorr-injoy,TRUE
07.04.2025,anticorr-injoy,TRUE
14.04.2025,anticorr-injoy,TRUE
22.04.2025,anticorr-injoy,TRUE
25.04.2025,anticorr-injoy,TRUE
12.05.2025,anticorr-injoy,TRUE
19.05.2025,anticorr-injoy,TRUE
27.05.2025,anticorr-injoy,TRUE
02.06.2025,anticorr-injoy,TRUE
16.06.2025,anticorr-injoy,TRUE
23.06.2025,anticorr-injoy,TRUE
01.07.2025,anticorr-injoy,TRUE
07.07.2025,anticorr-injoy,TRUE
21.07.2025,anticorr-injoy,TRUE
28.07.2025,anticorr-injoy,TRUE
04.08.2025,anticorr-injoy,TRUE
11.08.2025,anticorr-injoy,TRUE
18.08.2025,anticorr-injoy,TRUE
26.08.2025,anticorr-injoy,TRUE
01.09.2025,anticorr-injoy,TRUE
22.09.2025,anticorr-injoy,TRUE
29.09.2025,anticorr-injoy,TRUE
06.10.2025,anticorr-injoy,TRUE
06.10.2025,anticorr-injoy,TRUE
07.10.2025,anticorr-injoy,TRUE
10.10.2025,anticorr-injoy,TRUE
10.10.2025,anticorr-injoy,TRUE
13.10.2025,anticorr-injoy,TRUE
20.10.2025,anticorr-injoy,TRUE
27.10.2025,anticorr-injoy,TRUE
03.11.2025,anticorr-injoy,TRUE
10.11.2025,anticorr-injoy,TRUE
17.11.2025,anticorr-injoy,TRUE
18.11.2025,anticorr-injoy,TRUE
18.11.2025,anticorr-injoy,TRUE
24.11.2025,anticorr-injoy,TRUE
26.11.2025,anticorr-injoy,TRUE
27.11.2025,anticorr-injoy,TRUE
28.11.2025,anticorr-injoy,TRUE
01.12.2025,anticorr-injoy,TRUE
08.12.2025,anticorr-injoy,TRUE
11.12.2025,anticorr-injoy,TRUE
15.12.2025,anticorr-injoy,TRUE
17.12.2025,anticorr-injoy,TRUE
22.12.2025,anticorr-injoy,TRUE
05.01.2026,anticorr-injoy,TRUE
12.01.2026,anticorr-injoy,TRUE
19.01.2026,anticorr-injoy,TRUE
26.01.2026,anticorr-injoy,TRUE
09.02.2026,anticorr-injoy,TRUE
07.07.2026,anticorr-injoy,TRUE
13.07.2026,anticorr-injoy,TRUE
04.01.2024,anticorr-jazzercise,TRUE
04.01.2024,anticorr-jazzercise,TRUE
04.01.2024,anticorr-jazzercise,TRUE
16.01.2024,anticorr-jazzercise,TRUE
25.01.2024,anticorr-jazzercise,TRUE
29.01.2024,anticorr-jazzercise,TRUE
29.03.2024,anticorr-jazzercise,TRUE
22.04.2024,anticorr-jazzercise,TRUE
20.05.2024,anticorr-jazzercise,TRUE
21.05.2024,anticorr-jazzercise,TRUE
29.05.2024,anticorr-jazzercise,TRUE
26.07.2024,anticorr-jazzercise,TRUE
26.07.2024,anticorr-jazzercise,TRUE
11.10.2024,anticorr-jazzercise,TRUE
11.10.2024,anticorr-jazzercise,TRUE
04.11.2024,anticorr-jazzercise,TRUE
04.11.2024,anticorr-jazzercise,TRUE
28.04.2025,anticorr-jazzercise,TRUE
11.06.2025,anticorr-jazzercise,TRUE
12.06.2025,anticorr-jazzercise,TRUE
17.06.2025,anticorr-jazzercise,TRUE
27.06.2025,anticorr-jazzercise,TRUE
07.07.2025,anticorr-jazzercise,TRUE
15.07.2025,anticorr-jazzercise,TRUE
19.08.2025,anticorr-jazzercise,TRUE
10.10.2025,anticorr-jazzercise,TRUE
10.11.2025,anticorr-jazzercise,TRUE
11.12.2025,anticorr-jazzercise,TRUE
12.12.2025,anticorr-jazzercise,TRUE
16.01.2026,anticorr-jazzercise,TRUE
23.02.2026,anticorr-jazzercise,TRUE
09.04.2026,anticorr-jazzercise,TRUE
20.04.2026,anticorr-jazzercise,TRUE
30.04.2026,anticorr-jazzercise,TRUE
04.05.2026,anticorr-jazzercise,FALSE
04.05.2026,anticorr-jazzercise,TRUE
11.05.2026,anticorr-jazzercise,TRUE
12.05.2026,anticorr-jazzercise,TRUE
14.05.2026,anticorr-jazzercise,TRUE
15.05.2026,anticorr-jazzercise,TRUE
08.06.2026,anticorr-jazzercise,TRUE
10.06.2026,anticorr-jazzercise,TRUE
22.06.2026,anticorr-jazzercise,TRUE
30.06.2026,anticorr-jazzercise,TRUE
14.07.2026,anticorr-jazzercise,TRUE
06.08.2026,anticorr-jazzercise,TRUE
10.08.2026,anticorr-jazzercise,TRUE
19.08.2026,anticorr-jazzercise,TRUE
02.01.2024,anticorr-jonas,TRUE
04.01.2024,anticorr-jonas,TRUE
12.01.2024,anticorr-jonas,TRUE
12.01.2024,anticorr-jonas,TRUE
18.01.2024,anticorr-jonas,TRUE
18.01.2024,anticorr-jonas,TRUE
18.01.2024,anticorr-jonas,TRUE
18.01.2024,anticorr-jonas,TRUE
18.01.2024,anticorr-jonas,TRUE
19.01.2024,anticorr-jonas,TRUE
19.01.2024,anticorr-jonas,TRUE
19.01.2024,anticorr-jonas,TRUE
19.01.2024,anticorr-jonas,TRUE
19.01.2024,anticorr-jonas,TRUE
19.01.2024,anticorr-jonas,TRUE
19.01.2024,anticorr-jonas,TRUE
19.01.2024,anticorr-jonas,TRUE
22.01.2024,anticorr-jonas,TRUE
22.01.2024,anticorr-jonas,TRUE
22.01.2024,anticorr-jonas,TRUE
22.01.2024,anticorr-jonas,TRUE
22.01.2024,anticorr-jonas,TRUE
25.01.2024,anticorr-jonas,TRUE
26.01.2024,anticorr-jonas,TRUE
29.01.2024,anticorr-jonas,TRUE
29.01.2024,anticorr-jonas,TRUE
31.01.2024,anticorr-jonas,TRUE
05.02.2024,anticorr-jonas,TRUE
07.02.2024,anticorr-jonas,TRUE
20.02.2024,anticorr-jonas,TRUE
29.02.2024,anticorr-jonas,TRUE
12.03.2024,anticorr-jonas,TRUE
13.03.2024,anticorr-jonas,TRUE
17.04.2024,anticorr-jonas,TRUE
14.05.2024,anticorr-jonas,TRUE
15.05.2024,anticorr-jonas,TRUE
21.05.2024,anticorr-jonas,TRUE
23.05.2024,anticorr-jonas,TRUE
10.07.2024,anticorr-jonas,TRUE
18.07.2024,anticorr-jonas,TRUE
21.08.2024,anticorr-jonas,TRUE
21.08.2024,anticorr-jonas,TRUE
22.08.2024,anticorr-jonas,TRUE
13.09.2024,anticorr-jonas,TRUE
26.09.2024,anticorr-jonas,TRUE
09.10.2024,anticorr-jonas,TRUE
09.10.2024,anticorr-jonas,TRUE
09.10.2024,anticorr-jonas,TRUE
09.10.2024,anticorr-jonas,TRUE
09.10.2024,anticorr-jonas,TRUE
29.10.2024,anticorr-jonas,TRUE
06.11.2024,anticorr-jonas,TRUE
07.11.2024,anticorr-jonas,TRUE
20.11.2024,anticorr-jonas,TRUE
26.11.2024,anticorr-jonas,TRUE
13.12.2024,anticorr-jonas,TRUE
17.12.2024,anticorr-jonas,TRUE
17.12.2024,anticorr-jonas,TRUE
24.12.2024,anticorr-jonas,TRUE
25.12.2024,anticorr-jonas,TRUE
26.12.2024,anticorr-jonas,TRUE
27.12.2024,anticorr-jonas,TRUE
07.02.2025,anticorr-jonas,TRUE
27.02.2025,anticorr-jonas,TRUE
13.03.2025,anticorr-jonas,TRUE
11.04.2025,anticorr-jonas,TRUE
29.04.2025,anticorr-jonas,TRUE
12.06.2025,anticorr-jonas,TRUE
04.07.2025,anticorr-jonas,TRUE
30.07.2025,anticorr-jonas,TRUE
06.08.2025,anticorr-jonas,TRUE
06.08.2025,anticorr-jonas,TRUE
06.08.2025,anticorr-jonas,TRUE
07.08.2025,anticorr-jonas,TRUE
14.08.2025,anticorr-jonas,TRUE
14.08.2025,anticorr-jonas,TRUE
19.08.2025,anticorr-jonas,TRUE
11.09.2025,anticorr-jonas,TRUE
24.09.2025,anticorr-jonas,TRUE
24.09.2025,anticorr-jonas,TRUE
10.10.2025,anticorr-jonas,TRUE
27.11.2025,anticorr-jonas,TRUE
09.03.2026,anticorr-jonas,TRUE
26.03.2026,anticorr-jonas,TRUE
08.04.2026,anticorr-jonas,TRUE
10.07.2026,anticorr-jonas,TRUE
27.06.2025,anticorr-keepcool,TRUE
08.07.2025,anticorr-keepcool,TRUE
14.07.2025,anticorr-keepcool,TRUE
15.07.2025,anticorr-keepcool,TRUE
31.07.2025,anticorr-keepcool,TRUE
07.08.2025,anticorr-keepcool,TRUE
22.08.2025,anticorr-keepcool,TRUE
28.08.2025,anticorr-keepcool,TRUE
03.09.2025,anticorr-keepcool,TRUE
12.09.2025,anticorr-keepcool,TRUE
03.10.2025,anticorr-keepcool,TRUE
06.10.2025,anticorr-keepcool,TRUE
24.11.2025,anticorr-keepcool,TRUE
16.01.2026,anticorr-keepcool,TRUE
21.01.2026,anticorr-keepcool,TRUE
23.01.2026,anticorr-keepcool,TRUE
26.01.2026,anticorr-keepcool,TRUE
03.02.2026,anticorr-keepcool,TRUE
05.05.2026,anticorr-keepcool,TRUE
06.07.2026,anticorr-keepcool,TRUE
14.07.2026,anticorr-keepcool,TRUE
14.07.2026,anticorr-keepcool,TRUE
21.08.2026,anticorr-keepcool,TRUE
21.08.2026,anticorr-keepcool,TRUE
21.08.2026,anticorr-keepcool,TRUE
21.08.2026,anticorr-keepcool,TRUE
26.08.2026,anticorr-keepcool,TRUE
04.01.2024,anticorr-legend,TRUE
12.01.2024,anticorr-legend,TRUE
12.01.2024,anticorr-legend,TRUE
25.01.2024,anticorr-legend,TRUE
21.05.2024,anticorr-legend,TRUE
28.05.2024,anticorr-legend,TRUE
19.08.2024,anticorr-legend,TRUE
13.09.2024,anticorr-legend,TRUE
13.09.2024,anticorr-legend,TRUE
20.12.2024,anticorr-legend,TRUE
25.03.2025,anticorr-legend,TRUE
07.05.2025,anticorr-legend,TRUE
19.08.2025,anticorr-legend,TRUE
09.09.2025,anticorr-legend,TRUE
09.09.2025,anticorr-legend,TRUE
12.09.2025,anticorr-legend,TRUE
23.09.2025,anticorr-legend,TRUE
26.09.2025,anticorr-legend,TRUE
23.10.2025,anticorr-legend,TRUE
24.10.2025,anticorr-legend,TRUE
28.10.2025,anticorr-legend,TRUE
30.10.2025,anticorr-legend,TRUE
31.10.2025,anticorr-legend,TRUE
17.11.2025,anticorr-legend,TRUE
09.03.2026,anticorr-legend,TRUE
25.03.2026,anticorr-legend,TRUE
10.07.2026,anticorr-legend,TRUE
03.08.2026,anticorr-legend,TRUE
08.01.2024,anticorr-lesmills,TRUE
19.01.2024,anticorr-lesmills,TRUE
06.02.2024,anticorr-lesmills,TRUE
01.04.2024,anticorr-lesmills,TRUE
22.04.2024,anticorr-lesmills,TRUE
05.06.2024,anticorr-lesmills,TRUE
09.07.2024,anticorr-lesmills,TRUE
10.07.2024,anticorr-lesmills,TRUE
10.07.2024,anticorr-lesmills,TRUE
17.09.2024,anticorr-lesmills,TRUE
03.01.2024,anticorr-magicline,TRUE
08.01.2024,anticorr-magicline,TRUE
09.01.2024,anticorr-magicline,TRUE
11.01.2024,anticorr-magicline,TRUE
12.01.2024,anticorr-magicline,TRUE
15.01.2024,anticorr-magicline,TRUE
17.01.2024,anticorr-magicline,TRUE
22.01.2024,anticorr-magicline,TRUE
24.01.2024,anticorr-magicline,TRUE
30.01.2024,anticorr-magicline,TRUE
30.01.2024,anticorr-magicline,TRUE
01.02.2024,anticorr-magicline,TRUE
01.02.2024,anticorr-magicline,TRUE
07.02.2024,anticorr-magicline,TRUE
08.02.2024,anticorr-magicline,TRUE
08.02.2024,anticorr-magicline,TRUE
16.02.2024,anticorr-magicline,TRUE
16.02.2024,anticorr-magicline,TRUE
19.02.2024,anticorr-magicline,TRUE
21.02.2024,anticorr-magicline,TRUE
28.02.2024,anticorr-magicline,TRUE
28.02.2024,anticorr-magicline,TRUE
29.02.2024,anticorr-magicline,TRUE
20.03.2024,anticorr-magicline,TRUE
01.04.2024,anticorr-magicline,TRUE
09.04.2024,anticorr-magicline,TRUE
16.04.2024,anticorr-magicline,TRUE
17.04.2024,anticorr-magicline,TRUE
17.04.2024,anticorr-magicline,TRUE
25.04.2024,anticorr-magicline,TRUE
30.04.2024,anticorr-magicline,TRUE
09.05.2024,anticorr-magicline,TRUE
14.05.2024,anticorr-magicline,TRUE
17.05.2024,anticorr-magicline,TRUE
20.05.2024,anticorr-magicline,TRUE
28.05.2024,anticorr-magicline,TRUE
30.05.2024,anticorr-magicline,TRUE
03.06.2024,anticorr-magicline,TRUE
13.06.2024,anticorr-magicline,TRUE
18.06.2024,anticorr-magicline,TRUE
25.06.2024,anticorr-magicline,TRUE
01.07.2024,anticorr-magicline,TRUE
01.07.2024,anticorr-magicline,TRUE
05.07.2024,anticorr-magicline,TRUE
09.07.2024,anticorr-magicline,TRUE
10.07.2024,anticorr-magicline,TRUE
12.07.2024,anticorr-magicline,TRUE
14.08.2024,anticorr-magicline,TRUE
27.08.2024,anticorr-magicline,TRUE
03.09.2024,anticorr-magicline,TRUE
09.09.2024,anticorr-magicline,TRUE
18.09.2024,anticorr-magicline,TRUE
18.09.2024,anticorr-magicline,TRUE
23.09.2024,anticorr-magicline,TRUE
23.09.2024,anticorr-magicline,TRUE
26.09.2024,anticorr-magicline,TRUE
27.09.2024,anticorr-magicline,TRUE
02.10.2024,anticorr-magicline,TRUE
03.10.2024,anticorr-magicline,TRUE
08.10.2024,anticorr-magicline,TRUE
10.10.2024,anticorr-magicline,TRUE
14.10.2024,anticorr-magicline,TRUE
23.10.2024,anticorr-magicline,TRUE
04.11.2024,anticorr-magicline,TRUE
06.11.2024,anticorr-magicline,FALSE
06.11.2024,anticorr-magicline,TRUE
07.11.2024,anticorr-magicline,TRUE
08.11.2024,anticorr-magicline,TRUE
08.11.2024,anticorr-magicline,TRUE
11.11.2024,anticorr-magicline,TRUE
11.11.2024,anticorr-magicline,TRUE
12.11.2024,anticorr-magicline,TRUE
13.11.2024,anticorr-magicline,TRUE
14.11.2024,anticorr-magicline,TRUE
15.11.2024,anticorr-magicline,TRUE
15.11.2024,anticorr-magicline,TRUE
19.11.2024,anticorr-magicline,TRUE
20.11.2024,anticorr-magicline,TRUE
21.11.2024,anticorr-magicline,TRUE
28.11.2024,anticorr-magicline,TRUE
03.12.2024,anticorr-magicline,TRUE
04.12.2024,anticorr-magicline,TRUE
11.12.2024,anticorr-magicline,TRUE
11.12.2024,anticorr-magicline,TRUE
11.12.2024,anticorr-magicline,TRUE
12.12.2024,anticorr-magicline,TRUE
13.12.2024,anticorr-magicline,TRUE
16.12.2024,anticorr-magicline,TRUE
17.12.2024,anticorr-magicline,TRUE
17.12.2024,anticorr-magicline,TRUE
20.12.2024,anticorr-magicline,TRUE
03.01.2025,anticorr-magicline,TRUE
03.01.2025,anticorr-magicline,TRUE
10.01.2025,anticorr-magicline,TRUE
14.01.2025,anticorr-magicline,TRUE
14.01.2025,anticorr-magicline,TRUE
15.01.2025,anticorr-magicline,TRUE
15.01.2025,anticorr-magicline,TRUE
16.01.2025,anticorr-magicline,TRUE
16.01.2025,anticorr-magicline,TRUE
16.01.2025,anticorr-magicline,TRUE
22.01.2025,anticorr-magicline,TRUE
23.01.2025,anticorr-magicline,TRUE
24.01.2025,anticorr-magicline,TRUE
31.01.2025,anticorr-magicline,TRUE
05.02.2025,anticorr-magicline,TRUE
06.02.2025,anticorr-magicline,TRUE
11.02.2025,anticorr-magicline,TRUE
13.02.2025,anticorr-magicline,TRUE
04.03.2025,anticorr-magicline,TRUE
11.03.2025,anticorr-magicline,TRUE
12.03.2025,anticorr-magicline,TRUE
13.03.2025,anticorr-magicline,TRUE
14.03.2025,anticorr-magicline,TRUE
27.03.2025,anticorr-magicline,TRUE
02.04.2025,anticorr-magicline,TRUE
03.04.2025,anticorr-magicline,TRUE
04.04.2025,anticorr-magicline,TRUE
04.04.2025,anticorr-magicline,TRUE
30.04.2025,anticorr-magicline,TRUE
21.05.2025,anticorr-magicline,TRUE
25.06.2025,anticorr-magicline,TRUE
13.08.2025,anticorr-magicline,TRUE
21.08.2025,anticorr-magicline,TRUE
22.08.2025,anticorr-magicline,TRUE
29.08.2025,anticorr-magicline,TRUE
15.09.2025,anticorr-magicline,TRUE
18.09.2025,anticorr-magicline,TRUE
23.09.2025,anticorr-magicline,TRUE
01.10.2025,anticorr-magicline,TRUE
02.10.2025,anticorr-magicline,TRUE
07.10.2025,anticorr-magicline,TRUE
15.10.2025,anticorr-magicline,TRUE
21.10.2025,anticorr-magicline,TRUE
29.10.2025,anticorr-magicline,TRUE
10.11.2025,anticorr-magicline,TRUE
13.11.2025,anticorr-magicline,TRUE
08.12.2025,anticorr-magicline,TRUE
12.12.2025,anticorr-magicline,TRUE
12.12.2025,anticorr-magicline,TRUE
15.12.2025,anticorr-magicline,TRUE
16.12.2025,anticorr-magicline,TRUE
29.01.2026,anticorr-magicline,TRUE
30.01.2026,anticorr-magicline,TRUE
04.02.2026,anticorr-magicline,TRUE
18.02.2026,anticorr-magicline,TRUE
18.02.2026,anticorr-magicline,TRUE
27.02.2026,anticorr-magicline,TRUE
10.03.2026,anticorr-magicline,TRUE
10.03.2026,anticorr-magicline,TRUE
18.03.2026,anticorr-magicline,TRUE
18.03.2026,anticorr-magicline,TRUE
19.03.2026,anticorr-magicline,TRUE
19.03.2026,anticorr-magicline,TRUE
30.03.2026,anticorr-magicline,TRUE
01.04.2026,anticorr-magicline,TRUE
03.04.2026,anticorr-magicline,TRUE
06.04.2026,anticorr-magicline,TRUE
09.04.2026,anticorr-magicline,TRUE
16.04.2026,anticorr-magicline,TRUE
21.04.2026,anticorr-magicline,TRUE
28.04.2026,anticorr-magicline,TRUE
14.05.2026,anticorr-magicline,TRUE
22.05.2026,anticorr-magicline,TRUE
09.06.2026,anticorr-magicline,TRUE
10.06.2026,anticorr-magicline,TRUE
10.06.2026,anticorr-magicline,TRUE
10.06.2026,anticorr-magicline,TRUE
16.06.2026,anticorr-magicline,TRUE
16.06.2026,anticorr-magicline,TRUE
16.06.2026,anticorr-magicline,FALSE
18.06.2026,anticorr-magicline,TRUE
24.06.2026,anticorr-magicline,TRUE
03.07.2026,anticorr-magicline,TRUE
06.07.2026,anticorr-magicline,TRUE
13.07.2026,anticorr-magicline,TRUE
18.08.2026,anticorr-magicline,TRUE
19.08.2026,anticorr-magicline,TRUE
25.08.2026,anticorr-magicline,TRUE
28.08.2026,anticorr-magicline,TRUE
12.02.2025,anticorr-marianatek,TRUE
18.02.2025,anticorr-marianatek,TRUE
19.02.2025,anticorr-marianatek,TRUE
20.02.2025,anticorr-marianatek,TRUE
21.02.2025,anticorr-marianatek,TRUE
27.02.2025,anticorr-marianatek,TRUE
03.03.2025,anticorr-marianatek,TRUE
07.03.2025,anticorr-marianatek,TRUE
01.04.2025,anticorr-marianatek,TRUE
22.05.2025,anticorr-marianatek,TRUE
14.08.2025,anticorr-marianatek,TRUE
22.08.2025,anticorr-marianatek,TRUE
28.08.2025,anticorr-marianatek,TRUE
03.09.2025,anticorr-marianatek,TRUE
03.09.2025,anticorr-marianatek,TRUE
08.09.2025,anticorr-marianatek,TRUE
11.09.2025,anticorr-marianatek,TRUE
19.09.2025,anticorr-marianatek,TRUE
02.10.2025,anticorr-marianatek,TRUE
15.10.2025,anticorr-marianatek,TRUE
29.10.2025,anticorr-marianatek,TRUE
29.10.2025,anticorr-marianatek,TRUE
24.11.2025,anticorr-marianatek,TRUE
15.12.2025,anticorr-marianatek,TRUE
23.01.2026,anticorr-marianatek,TRUE
26.01.2026,anticorr-marianatek,TRUE
28.01.2026,anticorr-marianatek,TRUE
07.07.2026,anticorr-marianatek,TRUE
13.07.2026,anticorr-marianatek,TRUE
13.07.2026,anticorr-marianatek,TRUE
16.07.2026,anticorr-marianatek,TRUE
21.07.2026,anticorr-marianatek,TRUE
20.08.2026,anticorr-marianatek,TRUE
20.08.2026,anticorr-marianatek,TRUE
20.08.2026,anticorr-marianatek,TRUE
26.08.2026,anticorr-marianatek,TRUE
14.01.2025,anticorr-mindbody,TRUE
15.01.2025,anticorr-mindbody,TRUE
28.01.2025,anticorr-mindbody,TRUE
31.01.2025,anticorr-mindbody,TRUE
03.02.2025,anticorr-mindbody,TRUE
04.02.2025,anticorr-mindbody,TRUE
07.02.2025,anticorr-mindbody,TRUE
11.02.2025,anticorr-mindbody,TRUE
20.02.2025,anticorr-mindbody,TRUE
24.02.2025,anticorr-mindbody,TRUE
27.02.2025,anticorr-mindbody,TRUE
06.03.2025,anticorr-mindbody,TRUE
11.03.2025,anticorr-mindbody,TRUE
14.03.2025,anticorr-mindbody,TRUE
01.04.2025,anticorr-mindbody,TRUE
29.04.2025,anticorr-mindbody,TRUE
14.05.2025,anticorr-mindbody,TRUE
22.05.2025,anticorr-mindbody,TRUE
11.06.2025,anticorr-mindbody,TRUE
17.06.2025,anticorr-mindbody,TRUE
20.06.2025,anticorr-mindbody,TRUE
26.06.2025,anticorr-mindbody,TRUE
15.07.2025,anticorr-mindbody,TRUE
31.07.2025,anticorr-mindbody,TRUE
31.07.2025,anticorr-mindbody,TRUE
07.08.2025,anticorr-mindbody,TRUE
22.08.2025,anticorr-mindbody,TRUE
28.08.2025,anticorr-mindbody,TRUE
03.09.2025,anticorr-mindbody,TRUE
03.09.2025,anticorr-mindbody,TRUE
04.09.2025,anticorr-mindbody,TRUE
11.09.2025,anticorr-mindbody,TRUE
17.09.2025,anticorr-mindbody,TRUE
29.09.2025,anticorr-mindbody,TRUE
02.10.2025,anticorr-mindbody,TRUE
07.10.2025,anticorr-mindbody,TRUE
10.11.2025,anticorr-mindbody,TRUE
11.11.2025,anticorr-mindbody,TRUE
17.11.2025,anticorr-mindbody,TRUE
24.11.2025,anticorr-mindbody,TRUE
24.11.2025,anticorr-mindbody,TRUE
27.11.2025,anticorr-mindbody,TRUE
26.01.2026,anticorr-mindbody,TRUE
26.01.2026,anticorr-mindbody,TRUE
26.01.2026,anticorr-mindbody,TRUE
30.01.2026,anticorr-mindbody,TRUE
18.02.2026,anticorr-mindbody,TRUE
24.06.2026,anticorr-mindbody,TRUE
02.07.2026,anticorr-mindbody,TRUE
07.07.2026,anticorr-mindbody,TRUE
08.07.2026,anticorr-mindbody,TRUE
14.07.2026,anticorr-mindbody,TRUE
27.07.2026,anticorr-mindbody,TRUE
27.07.2026,anticorr-mindbody,TRUE
05.08.2026,anticorr-mindbody,TRUE
05.08.2026,anticorr-mindbody,TRUE
18.08.2026,anticorr-mindbody,TRUE
21.08.2026,anticorr-mindbody,TRUE
24.08.2026,anticorr-mindbody,TRUE
24.08.2026,anticorr-mindbody,TRUE
24.08.2026,anticorr-mindbody,TRUE
24.08.2026,anticorr-mindbody,TRUE
10.06.2026,anticorr-momence,TRUE
07.07.2026,anticorr-momence,TRUE
07.07.2026,anticorr-momence,TRUE
15.07.2026,anticorr-momence,TRUE
06.08.2026,anticorr-momence,TRUE
12.08.2026,anticorr-momence,TRUE
20.08.2026,anticorr-momence,TRUE
21.08.2026,anticorr-momence,TRUE
24.08.2026,anticorr-momence,TRUE
25.08.2026,anticorr-momence,TRUE
25.08.2026,anticorr-momence,TRUE
25.08.2026,anticorr-momence,TRUE
12.03.2025,anticorr-monday,TRUE
19.03.2025,anticorr-monday,TRUE
20.03.2025,anticorr-monday,TRUE
25.03.2025,anticorr-monday,TRUE
28.03.2025,anticorr-monday,TRUE
01.04.2025,anticorr-monday,TRUE
01.04.2025,anticorr-monday,TRUE
02.04.2025,anticorr-monday,TRUE
28.04.2025,anticorr-monday,TRUE
22.05.2025,anticorr-monday,TRUE
11.07.2025,anticorr-monday,TRUE
15.07.2025,anticorr-monday,TRUE
04.08.2025,anticorr-monday,TRUE
07.08.2025,anticorr-monday,TRUE
22.08.2025,anticorr-monday,TRUE
28.08.2025,anticorr-monday,TRUE
02.09.2025,anticorr-monday,TRUE
03.09.2025,anticorr-monday,TRUE
11.09.2025,anticorr-monday,TRUE
16.09.2025,anticorr-monday,TRUE
30.09.2025,anticorr-monday,TRUE
30.09.2025,anticorr-monday,TRUE
02.10.2025,anticorr-monday,TRUE
08.10.2025,anticorr-monday,TRUE
09.10.2025,anticorr-monday,TRUE
09.10.2025,anticorr-monday,TRUE
30.10.2025,anticorr-monday,TRUE
30.10.2025,anticorr-monday,TRUE
02.12.2025,anticorr-monday,TRUE
10.12.2025,anticorr-monday,TRUE
23.01.2026,anticorr-monday,TRUE
26.01.2026,anticorr-monday,TRUE
26.01.2026,anticorr-monday,TRUE
02.02.2026,anticorr-monday,TRUE
17.02.2026,anticorr-monday,TRUE
06.05.2026,anticorr-monday,TRUE
24.06.2026,anticorr-monday,TRUE
08.07.2026,anticorr-monday,TRUE
09.07.2026,anticorr-monday,TRUE
14.07.2026,anticorr-monday,TRUE
04.01.2024,anticorr-moso,TRUE
08.01.2024,anticorr-moso,TRUE
08.01.2024,anticorr-moso,TRUE
25.01.2024,anticorr-moso,TRUE
26.01.2024,anticorr-moso,TRUE
21.05.2024,anticorr-moso,TRUE
23.05.2024,anticorr-moso,TRUE
06.06.2024,anticorr-moso,TRUE
27.08.2024,anticorr-moso,TRUE
10.09.2024,anticorr-moso,TRUE
29.10.2024,anticorr-moso,TRUE
12.11.2024,anticorr-moso,TRUE
12.11.2024,anticorr-moso,TRUE
22.11.2024,anticorr-moso,TRUE
17.12.2024,anticorr-moso,TRUE
20.12.2024,anticorr-moso,TRUE
25.12.2024,anticorr-moso,TRUE
14.01.2025,anticorr-moso,TRUE
20.03.2025,anticorr-moso,TRUE
29.04.2025,anticorr-moso,TRUE
14.07.2025,anticorr-moso,TRUE
17.09.2025,anticorr-moso,TRUE
22.09.2025,anticorr-moso,TRUE
10.03.2026,anticorr-moso,TRUE
26.03.2026,anticorr-moso,TRUE
10.07.2026,anticorr-moso,TRUE
09.02.2026,anticorr-perfect-gym-next,TRUE
10.02.2026,anticorr-perfect-gym-next,TRUE
10.02.2026,anticorr-perfect-gym-next,TRUE
11.02.2026,anticorr-perfect-gym-next,TRUE
23.02.2026,anticorr-perfect-gym-next,TRUE
10.03.2026,anticorr-perfect-gym-next,TRUE
10.03.2026,anticorr-perfect-gym-next,TRUE
26.03.2026,anticorr-perfect-gym-next,TRUE
06.04.2026,anticorr-perfect-gym-next,TRUE
09.04.2026,anticorr-perfect-gym-next,TRUE
16.04.2026,anticorr-perfect-gym-next,TRUE
28.04.2026,anticorr-perfect-gym-next,TRUE
16.06.2026,anticorr-perfect-gym-next,TRUE
10.08.2026,anticorr-perfect-gym-next,TRUE
19.08.2026,anticorr-perfect-gym-next,TRUE
25.08.2026,anticorr-perfect-gym-next,TRUE
26.08.2026,anticorr-perfect-gym-next,TRUE
28.08.2026,anticorr-perfect-gym-next,TRUE
31.07.2024,anticorr-perfectgym-v2,TRUE
31.07.2024,anticorr-perfectgym-v2,TRUE
28.08.2024,anticorr-perfectgym-v2,TRUE
03.09.2024,anticorr-perfectgym-v2,TRUE
12.03.2025,anticorr-perfectgym-v2,TRUE
12.03.2025,anticorr-perfectgym-v2,TRUE
14.03.2025,anticorr-perfectgym-v2,TRUE
26.03.2025,anticorr-perfectgym-v2,TRUE
13.05.2025,anticorr-perfectgym-v2,TRUE
21.05.2025,anticorr-perfectgym-v2,TRUE
23.05.2025,anticorr-perfectgym-v2,TRUE
01.07.2025,anticorr-perfectgym-v2,TRUE
19.08.2025,anticorr-perfectgym-v2,TRUE
08.09.2025,anticorr-perfectgym-v2,TRUE
29.01.2026,anticorr-perfectgym-v2,TRUE
29.01.2026,anticorr-perfectgym-v2,TRUE
04.01.2024,anticorr-perfectgym,TRUE
08.01.2024,anticorr-perfectgym,TRUE
08.01.2024,anticorr-perfectgym,TRUE
25.01.2024,anticorr-perfectgym,TRUE
26.01.2024,anticorr-perfectgym,TRUE
07.05.2024,anticorr-perfectgym,TRUE
21.05.2024,anticorr-perfectgym,TRUE
20.06.2024,anticorr-perfectgym,TRUE
18.07.2024,anticorr-perfectgym,TRUE
26.07.2024,anticorr-perfectgym,TRUE
02.09.2024,anticorr-perfectgym,TRUE
02.09.2024,anticorr-perfectgym,TRUE
03.09.2024,anticorr-perfectgym,TRUE
03.09.2024,anticorr-perfectgym,TRUE
12.09.2024,anticorr-perfectgym,TRUE
12.09.2024,anticorr-perfectgym,TRUE
09.12.2024,anticorr-perfectgym,TRUE
19.12.2024,anticorr-perfectgym,TRUE
20.12.2024,anticorr-perfectgym,TRUE
23.12.2024,anticorr-perfectgym,TRUE
23.12.2024,anticorr-perfectgym,TRUE
23.12.2024,anticorr-perfectgym,TRUE
24.12.2024,anticorr-perfectgym,TRUE
25.12.2024,anticorr-perfectgym,TRUE
25.03.2025,anticorr-perfectgym,TRUE
28.04.2025,anticorr-perfectgym,TRUE
07.05.2025,anticorr-perfectgym,TRUE
27.05.2025,anticorr-perfectgym,TRUE
28.05.2025,anticorr-perfectgym,TRUE
29.05.2025,anticorr-perfectgym,TRUE
30.05.2025,anticorr-perfectgym,TRUE
03.06.2025,anticorr-perfectgym,TRUE
30.06.2025,anticorr-perfectgym,TRUE
08.07.2025,anticorr-perfectgym,TRUE
22.07.2025,anticorr-perfectgym,TRUE
24.07.2025,anticorr-perfectgym,TRUE
25.07.2025,anticorr-perfectgym,TRUE
30.07.2025,anticorr-perfectgym,TRUE
19.08.2025,anticorr-perfectgym,TRUE
17.09.2025,anticorr-perfectgym,TRUE
02.02.2026,anticorr-perfectgym,TRUE
13.02.2026,anticorr-perfectgym,TRUE
26.03.2026,anticorr-perfectgym,TRUE
10.07.2026,anticorr-perfectgym,TRUE
04.01.2024,anticorr-resamania,TRUE
05.01.2024,anticorr-resamania,TRUE
05.01.2024,anticorr-resamania,TRUE
25.01.2024,anticorr-resamania,TRUE
21.05.2024,anticorr-resamania,TRUE
28.05.2024,anticorr-resamania,TRUE
06.06.2024,anticorr-resamania,TRUE
21.08.2024,anticorr-resamania,TRUE
10.09.2024,anticorr-resamania,TRUE
10.09.2024,anticorr-resamania,TRUE
20.03.2025,anticorr-resamania,TRUE
23.05.2025,anticorr-resamania,TRUE
09.06.2025,anticorr-resamania,TRUE
16.06.2025,anticorr-resamania,TRUE
19.06.2025,anticorr-resamania,TRUE
23.06.2025,anticorr-resamania,TRUE
25.06.2025,anticorr-resamania,TRUE
02.07.2025,anticorr-resamania,TRUE
03.07.2025,anticorr-resamania,TRUE
03.09.2025,anticorr-resamania,TRUE
04.09.2025,anticorr-resamania,TRUE
04.09.2025,anticorr-resamania,TRUE
29.10.2025,anticorr-resamania,TRUE
04.12.2025,anticorr-resamania,TRUE
23.12.2025,anticorr-resamania,TRUE
08.01.2026,anticorr-resamania,TRUE
09.03.2026,anticorr-resamania,TRUE
26.03.2026,anticorr-resamania,TRUE
17.04.2026,anticorr-resamania,TRUE
24.04.2026,anticorr-resamania,TRUE
29.04.2026,anticorr-resamania,TRUE
04.05.2026,anticorr-resamania,TRUE
07.05.2026,anticorr-resamania,TRUE
11.05.2026,anticorr-resamania,TRUE
12.05.2026,anticorr-resamania,TRUE
14.05.2026,anticorr-resamania,TRUE
18.05.2026,anticorr-resamania,TRUE
22.05.2026,anticorr-resamania,TRUE
29.05.2026,anticorr-resamania,TRUE
03.06.2026,anticorr-resamania,TRUE
10.06.2026,anticorr-resamania,TRUE
12.06.2026,anticorr-resamania,TRUE
19.06.2026,anticorr-resamania,TRUE
10.07.2026,anticorr-resamania,TRUE
13.07.2026,anticorr-resamania,TRUE
21.07.2026,anticorr-resamania,TRUE
11.08.2026,anticorr-resamania,TRUE
17.08.2026,anticorr-resamania,TRUE
02.10.2025,anticorr-sportigo,TRUE
13.10.2025,anticorr-sportigo,TRUE
14.10.2025,anticorr-sportigo,TRUE
17.10.2025,anticorr-sportigo,TRUE
17.10.2025,anticorr-sportigo,TRUE
20.10.2025,anticorr-sportigo,TRUE
22.10.2025,anticorr-sportigo,TRUE
04.11.2025,anticorr-sportigo,TRUE
04.11.2025,anticorr-sportigo,TRUE
14.01.2026,anticorr-sportigo,TRUE
23.01.2026,anticorr-sportigo,TRUE
26.01.2026,anticorr-sportigo,TRUE
17.02.2026,anticorr-sportigo,TRUE
04.03.2026,anticorr-sportigo,TRUE
08.07.2026,anticorr-sportigo,TRUE
16.07.2026,anticorr-sportigo,TRUE
16.07.2026,anticorr-sportigo,TRUE
21.07.2026,anticorr-sportigo,TRUE
24.08.2026,anticorr-sportigo,TRUE
24.08.2026,anticorr-sportigo,TRUE
24.08.2026,anticorr-sportigo,TRUE
04.01.2024,anticorr-tac,TRUE
19.01.2024,anticorr-tac,TRUE
25.01.2024,anticorr-tac,TRUE
26.01.2024,anticorr-tac,TRUE
13.03.2024,anticorr-tac,TRUE
21.05.2024,anticorr-tac,TRUE
29.07.2024,anticorr-tac,TRUE
31.07.2024,anticorr-tac,TRUE
06.08.2024,anticorr-tac,TRUE
09.08.2024,anticorr-tac,TRUE
22.08.2024,anticorr-tac,TRUE
11.09.2024,anticorr-tac,TRUE
12.09.2024,anticorr-tac,TRUE
02.10.2024,anticorr-tac,TRUE
07.10.2024,anticorr-tac,TRUE
07.10.2024,anticorr-tac,TRUE
04.12.2024,anticorr-tac,TRUE
04.12.2024,anticorr-tac,TRUE
10.01.2025,anticorr-tac,TRUE
03.02.2025,anticorr-tac,TRUE
04.02.2025,anticorr-tac,TRUE
05.02.2025,anticorr-tac,TRUE
07.02.2025,anticorr-tac,TRUE
08.02.2025,anticorr-tac,TRUE
14.04.2025,anticorr-tac,TRUE
11.06.2025,anticorr-tac,TRUE
11.06.2025,anticorr-tac,TRUE
12.06.2025,anticorr-tac,TRUE
12.06.2025,anticorr-tac,TRUE
17.07.2025,anticorr-tac,TRUE
21.07.2025,anticorr-tac,TRUE
22.07.2025,anticorr-tac,TRUE
23.07.2025,anticorr-tac,TRUE
23.07.2025,anticorr-tac,TRUE
05.08.2025,anticorr-tac,TRUE
09.10.2025,anticorr-tac,TRUE
16.10.2025,anticorr-tac,TRUE
24.10.2025,anticorr-tac,TRUE
24.10.2025,anticorr-tac,TRUE
24.10.2025,anticorr-tac,TRUE
24.10.2025,anticorr-tac,TRUE
24.10.2025,anticorr-tac,TRUE
27.10.2025,anticorr-tac,TRUE
27.10.2025,anticorr-tac,TRUE
28.10.2025,anticorr-tac,TRUE
28.10.2025,anticorr-tac,TRUE
28.10.2025,anticorr-tac,TRUE
17.11.2025,anticorr-tac,TRUE
17.11.2025,anticorr-tac,TRUE
21.11.2025,anticorr-tac,TRUE
21.11.2025,anticorr-tac,TRUE
25.11.2025,anticorr-tac,TRUE
25.11.2025,anticorr-tac,TRUE
25.11.2025,anticorr-tac,TRUE
25.11.2025,anticorr-tac,TRUE
25.11.2025,anticorr-tac,TRUE
31.12.2025,anticorr-tac,TRUE
31.12.2025,anticorr-tac,TRUE
31.12.2025,anticorr-tac,TRUE
05.01.2026,anticorr-tac,TRUE
20.01.2026,anticorr-tac,TRUE
20.01.2026,anticorr-tac,TRUE
26.01.2026,anticorr-tac,TRUE
30.01.2026,anticorr-tac,TRUE
18.02.2026,anticorr-tac,TRUE
19.02.2026,anticorr-tac,TRUE
24.02.2026,anticorr-tac,TRUE
26.02.2026,anticorr-tac,TRUE
27.02.2026,anticorr-tac,TRUE
07.04.2026,anticorr-tac,TRUE
07.04.2026,anticorr-tac,TRUE
15.04.2026,anticorr-tac,TRUE
17.04.2026,anticorr-tac,TRUE
21.04.2026,anticorr-tac,TRUE
04.05.2026,anticorr-tac,TRUE
19.05.2026,anticorr-tac,TRUE
19.06.2026,anticorr-tac,TRUE
19.06.2026,anticorr-tac,TRUE
30.06.2026,anticorr-tac,TRUE
09.07.2026,anticorr-tac,TRUE
14.07.2026,anticorr-tac,TRUE
20.07.2026,anticorr-tac,TRUE
18.08.2026,anticorr-tac,TRUE
18.08.2026,anticorr-tac,TRUE
21.08.2026,anticorr-tac,TRUE
25.08.2026,anticorr-tac,TRUE
04.01.2024,anticorr-thegymgroup,TRUE
09.01.2024,anticorr-thegymgroup,TRUE
18.01.2024,anticorr-thegymgroup,TRUE
18.01.2024,anticorr-thegymgroup,TRUE
25.01.2024,anticorr-thegymgroup,TRUE
26.01.2024,anticorr-thegymgroup,TRUE
22.05.2024,anticorr-thegymgroup,TRUE
23.05.2024,anticorr-thegymgroup,TRUE
31.05.2024,anticorr-thegymgroup,TRUE
06.06.2024,anticorr-thegymgroup,TRUE
11.06.2024,anticorr-thegymgroup,TRUE
11.06.2024,anticorr-thegymgroup,TRUE
13.06.2024,anticorr-thegymgroup,TRUE
13.06.2024,anticorr-thegymgroup,TRUE
13.06.2024,anticorr-thegymgroup,TRUE
14.06.2024,anticorr-thegymgroup,TRUE
14.06.2024,anticorr-thegymgroup,TRUE
17.06.2024,anticorr-thegymgroup,TRUE
19.06.2024,anticorr-thegymgroup,TRUE
20.06.2024,anticorr-thegymgroup,TRUE
20.06.2024,anticorr-thegymgroup,TRUE
20.06.2024,anticorr-thegymgroup,TRUE
08.07.2024,anticorr-thegymgroup,TRUE
16.07.2024,anticorr-thegymgroup,TRUE
18.07.2024,anticorr-thegymgroup,TRUE
31.07.2024,anticorr-thegymgroup,TRUE
02.09.2024,anticorr-thegymgroup,TRUE
12.09.2024,anticorr-thegymgroup,TRUE
12.09.2024,anticorr-thegymgroup,TRUE
17.09.2024,anticorr-thegymgroup,TRUE
19.09.2024,anticorr-thegymgroup,TRUE
24.09.2024,anticorr-thegymgroup,TRUE
16.10.2024,anticorr-thegymgroup,TRUE
17.10.2024,anticorr-thegymgroup,TRUE
22.10.2024,anticorr-thegymgroup,TRUE
13.11.2024,anticorr-thegymgroup,TRUE
18.11.2024,anticorr-thegymgroup,TRUE
19.11.2024,anticorr-thegymgroup,TRUE
19.11.2024,anticorr-thegymgroup,TRUE
19.11.2024,anticorr-thegymgroup,TRUE
29.11.2024,anticorr-thegymgroup,TRUE
04.12.2024,anticorr-thegymgroup,TRUE
05.12.2024,anticorr-thegymgroup,TRUE
19.12.2024,anticorr-thegymgroup,TRUE
08.01.2025,anticorr-thegymgroup,TRUE
09.01.2025,anticorr-thegymgroup,TRUE
14.01.2025,anticorr-thegymgroup,TRUE
15.01.2025,anticorr-thegymgroup,TRUE
17.01.2025,anticorr-thegymgroup,TRUE
20.01.2025,anticorr-thegymgroup,TRUE
22.01.2025,anticorr-thegymgroup,TRUE
23.01.2025,anticorr-thegymgroup,TRUE
23.01.2025,anticorr-thegymgroup,TRUE
23.01.2025,anticorr-thegymgroup,TRUE
24.01.2025,anticorr-thegymgroup,TRUE
26.01.2025,anticorr-thegymgroup,TRUE
26.01.2025,anticorr-thegymgroup,TRUE
07.02.2025,anticorr-thegymgroup,TRUE
14.02.2025,anticorr-thegymgroup,TRUE
18.03.2025,anticorr-thegymgroup,TRUE
25.03.2025,anticorr-thegymgroup,TRUE
09.04.2025,anticorr-thegymgroup,TRUE
22.04.2025,anticorr-thegymgroup,TRUE
22.04.2025,anticorr-thegymgroup,TRUE
22.04.2025,anticorr-thegymgroup,TRUE
24.04.2025,anticorr-thegymgroup,TRUE
29.04.2025,anticorr-thegymgroup,TRUE
29.04.2025,anticorr-thegymgroup,TRUE
30.04.2025,anticorr-thegymgroup,TRUE
07.05.2025,anticorr-thegymgroup,TRUE
21.05.2025,anticorr-thegymgroup,TRUE
11.06.2025,anticorr-thegymgroup,TRUE
18.06.2025,anticorr-thegymgroup,TRUE
23.06.2025,anticorr-thegymgroup,TRUE
23.06.2025,anticorr-thegymgroup,TRUE
24.06.2025,anticorr-thegymgroup,TRUE
24.06.2025,anticorr-thegymgroup,TRUE
24.06.2025,anticorr-thegymgroup,TRUE
30.06.2025,anticorr-thegymgroup,TRUE
01.07.2025,anticorr-thegymgroup,TRUE
08.07.2025,anticorr-thegymgroup,TRUE
08.07.2025,anticorr-thegymgroup,TRUE
17.07.2025,anticorr-thegymgroup,TRUE
18.07.2025,anticorr-thegymgroup,TRUE
30.07.2025,anticorr-thegymgroup,TRUE
01.08.2025,anticorr-thegymgroup,TRUE
01.08.2025,anticorr-thegymgroup,TRUE
06.08.2025,anticorr-thegymgroup,TRUE
06.08.2025,anticorr-thegymgroup,TRUE
07.08.2025,anticorr-thegymgroup,TRUE
07.08.2025,anticorr-thegymgroup,TRUE
11.08.2025,anticorr-thegymgroup,TRUE
12.08.2025,anticorr-thegymgroup,TRUE
13.08.2025,anticorr-thegymgroup,TRUE
15.08.2025,anticorr-thegymgroup,TRUE
26.08.2025,anticorr-thegymgroup,TRUE
08.09.2025,anticorr-thegymgroup,TRUE
11.09.2025,anticorr-thegymgroup,TRUE
11.09.2025,anticorr-thegymgroup,TRUE
17.09.2025,anticorr-thegymgroup,TRUE
24.09.2025,anticorr-thegymgroup,TRUE
13.10.2025,anticorr-thegymgroup,TRUE
16.10.2025,anticorr-thegymgroup,TRUE
17.10.2025,anticorr-thegymgroup,TRUE
23.10.2025,anticorr-thegymgroup,TRUE
27.10.2025,anticorr-thegymgroup,TRUE
27.10.2025,anticorr-thegymgroup,TRUE
20.11.2025,anticorr-thegymgroup,TRUE
18.12.2025,anticorr-thegymgroup,TRUE
02.02.2026,anticorr-thegymgroup,TRUE
03.02.2026,anticorr-thegymgroup,TRUE
19.02.2026,anticorr-thegymgroup,TRUE
12.03.2026,anticorr-thegymgroup,TRUE
19.03.2026,anticorr-thegymgroup,TRUE
25.03.2026,anticorr-thegymgroup,TRUE
09.04.2026,anticorr-thegymgroup,TRUE
14.04.2026,anticorr-thegymgroup,TRUE
06.05.2026,anticorr-thegymgroup,TRUE
09.06.2026,anticorr-thegymgroup,TRUE
15.06.2026,anticorr-thegymgroup,TRUE
23.06.2026,anticorr-thegymgroup,TRUE
23.06.2026,anticorr-thegymgroup,TRUE
23.06.2026,anticorr-thegymgroup,TRUE
23.06.2026,anticorr-thegymgroup,TRUE
03.07.2026,anticorr-thegymgroup,TRUE
06.07.2026,anticorr-thegymgroup,TRUE
07.07.2026,anticorr-thegymgroup,TRUE
07.07.2026,anticorr-thegymgroup,TRUE
07.07.2026,anticorr-thegymgroup,TRUE
08.07.2026,anticorr-thegymgroup,TRUE
09.07.2026,anticorr-thegymgroup,TRUE
17.07.2026,anticorr-thegymgroup,TRUE
20.07.2026,anticorr-thegymgroup,TRUE
23.07.2026,anticorr-thegymgroup,TRUE
03.08.2026,anticorr-thegymgroup,TRUE
06.08.2026,anticorr-thegymgroup,TRUE
06.08.2026,anticorr-thegymgroup,TRUE
07.08.2026,anticorr-thegymgroup,TRUE
07.08.2026,anticorr-thegymgroup,TRUE
10.08.2026,anticorr-thegymgroup,TRUE
11.08.2026,anticorr-thegymgroup,TRUE
12.08.2026,anticorr-thegymgroup,TRUE
12.08.2026,anticorr-thegymgroup,TRUE
12.08.2026,anticorr-thegymgroup,TRUE
18.08.2026,anticorr-thegymgroup,TRUE
25.08.2026,anticorr-thegymgroup,TRUE
31.08.2026,anticorr-thegymgroup,TRUE
04.01.2024,anticorr-tinnova,TRUE
04.01.2024,anticorr-tinnova,TRUE
04.01.2024,anticorr-tinnova,TRUE
25.01.2024,anticorr-tinnova,TRUE
26.01.2024,anticorr-tinnova,TRUE
21.05.2024,anticorr-tinnova,TRUE
19.07.2024,anticorr-tinnova,TRUE
06.08.2024,anticorr-tinnova,TRUE
06.08.2024,anticorr-tinnova,TRUE
06.08.2024,anticorr-tinnova,TRUE
15.08.2024,anticorr-tinnova,TRUE
23.09.2024,anticorr-tinnova,TRUE
25.03.2025,anticorr-tinnova,TRUE
26.05.2025,anticorr-tinnova,TRUE
27.05.2025,anticorr-tinnova,TRUE
28.05.2025,anticorr-tinnova,TRUE
14.07.2025,anticorr-tinnova,TRUE
17.09.2025,anticorr-tinnova,TRUE
09.03.2026,anticorr-tinnova,TRUE
26.03.2026,anticorr-tinnova,TRUE
07.05.2026,anticorr-tinnova,TRUE
10.07.2026,anticorr-tinnova,TRUE
01.04.2026,anticorr-validic,TRUE
01.04.2026,anticorr-validic,TRUE
10.04.2026,anticorr-validic,TRUE
10.04.2026,anticorr-validic,TRUE
16.04.2026,anticorr-validic,TRUE
20.04.2026,anticorr-validic,TRUE
28.04.2026,anticorr-validic,TRUE
02.06.2026,anticorr-validic,TRUE
08.06.2026,anticorr-validic,TRUE
08.06.2026,anticorr-validic,TRUE
08.06.2026,anticorr-validic,TRUE
16.06.2026,anticorr-validic,TRUE
18.06.2026,anticorr-validic,TRUE
25.06.2026,anticorr-validic,TRUE
01.07.2026,anticorr-validic,TRUE
10.07.2026,anticorr-validic,TRUE
06.08.2026,anticorr-validic,TRUE
10.08.2026,anticorr-validic,TRUE
19.01.2024,anticorr-vimeo,TRUE
06.02.2024,anticorr-vimeo,TRUE
29.03.2024,anticorr-vimeo,TRUE
09.07.2024,anticorr-vimeo,TRUE
10.07.2024,anticorr-vimeo,TRUE
10.07.2024,anticorr-vimeo,TRUE
26.07.2024,anticorr-vimeo,TRUE
26.07.2024,anticorr-vimeo,TRUE
26.07.2024,anticorr-vimeo,TRUE
08.08.2024,anticorr-vimeo,TRUE
24.12.2024,anticorr-vimeo,TRUE
25.04.2025,anticorr-vimeo,TRUE
25.04.2025,anticorr-vimeo,TRUE
05.06.2025,anticorr-vimeo,TRUE
17.06.2025,anticorr-vimeo,TRUE
01.07.2025,anticorr-vimeo,TRUE
24.09.2025,anticorr-vimeo,TRUE
07.10.2025,anticorr-vimeo,TRUE
17.10.2025,anticorr-vimeo,TRUE
24.12.2025,anticorr-vimeo,TRUE
09.04.2026,anticorr-vimeo,TRUE
12.05.2026,anticorr-vimeo,TRUE
19.05.2026,anticorr-vimeo,TRUE
24.06.2026,anticorr-vimeo,TRUE
26.06.2026,anticorr-vimeo,TRUE
08.07.2026,anticorr-vimeo,TRUE
08.07.2026,anticorr-vimeo,TRUE
14.07.2026,anticorr-vimeo,TRUE
20.07.2026,anticorr-vimeo,TRUE
27.07.2026,anticorr-vimeo,TRUE
30.07.2026,anticorr-vimeo,TRUE
30.07.2026,anticorr-vimeo,TRUE
30.07.2026,anticorr-vimeo,TRUE
20.08.2026,anticorr-vimeo,TRUE
20.08.2026,anticorr-vimeo,TRUE
24.08.2026,anticorr-vimeo,TRUE
25.08.2026,anticorr-vimeo,TRUE
28.08.2026,anticorr-vimeo,TRUE
28.08.2026,anticorr-vimeo,TRUE
02.01.2024,anticorr-vimeogcal,TRUE
04.01.2024,anticorr-vimeogcal,TRUE
08.01.2024,anticorr-vimeogcal,TRUE
09.01.2024,anticorr-vimeogcal,TRUE
15.01.2024,anticorr-vimeogcal,TRUE
22.01.2024,anticorr-vimeogcal,TRUE
25.01.2024,anticorr-vimeogcal,TRUE
30.01.2024,anticorr-vimeogcal,TRUE
05.02.2024,anticorr-vimeogcal,TRUE
12.02.2024,anticorr-vimeogcal,TRUE
19.02.2024,anticorr-vimeogcal,TRUE
26.02.2024,anticorr-vimeogcal,TRUE
04.03.2024,anticorr-vimeogcal,TRUE
11.03.2024,anticorr-vimeogcal,TRUE
26.03.2024,anticorr-vimeogcal,TRUE
01.04.2024,anticorr-vimeogcal,TRUE
08.04.2024,anticorr-vimeogcal,TRUE
15.04.2024,anticorr-vimeogcal,TRUE
15.04.2024,anticorr-vimeogcal,TRUE
22.04.2024,anticorr-vimeogcal,TRUE
13.05.2024,anticorr-vimeogcal,TRUE
20.05.2024,anticorr-vimeogcal,TRUE
21.05.2024,anticorr-vimeogcal,TRUE
27.05.2024,anticorr-vimeogcal,TRUE
27.05.2024,anticorr-vimeogcal,TRUE
03.06.2024,anticorr-vimeogcal,TRUE
10.06.2024,anticorr-vimeogcal,TRUE
01.07.2024,anticorr-vimeogcal,TRUE
08.07.2024,anticorr-vimeogcal,TRUE
22.07.2024,anticorr-vimeogcal,TRUE
29.07.2024,anticorr-vimeogcal,TRUE
31.07.2024,anticorr-vimeogcal,FALSE
31.07.2024,anticorr-vimeogcal,TRUE
05.08.2024,anticorr-vimeogcal,TRUE
05.08.2024,anticorr-vimeogcal,TRUE
12.08.2024,anticorr-vimeogcal,TRUE
12.08.2024,anticorr-vimeogcal,TRUE
19.08.2024,anticorr-vimeogcal,TRUE
19.08.2024,anticorr-vimeogcal,TRUE
02.09.2024,anticorr-vimeogcal,TRUE
02.09.2024,anticorr-vimeogcal,TRUE
03.09.2024,anticorr-vimeogcal,TRUE
03.09.2024,anticorr-vimeogcal,TRUE
09.09.2024,anticorr-vimeogcal,TRUE
09.09.2024,anticorr-vimeogcal,TRUE
16.09.2024,anticorr-vimeogcal,TRUE
16.09.2024,anticorr-vimeogcal,TRUE
23.09.2024,anticorr-vimeogcal,TRUE
23.09.2024,anticorr-vimeogcal,TRUE
07.10.2024,anticorr-vimeogcal,TRUE
28.10.2024,anticorr-vimeogcal,TRUE
04.11.2024,anticorr-vimeogcal,TRUE
11.11.2024,anticorr-vimeogcal,TRUE
18.11.2024,anticorr-vimeogcal,TRUE
25.11.2024,anticorr-vimeogcal,TRUE
25.11.2024,anticorr-vimeogcal,TRUE
25.11.2024,anticorr-vimeogcal,TRUE
02.12.2024,anticorr-vimeogcal,TRUE
09.12.2024,anticorr-vimeogcal,TRUE
16.12.2024,anticorr-vimeogcal,TRUE
23.12.2024,anticorr-vimeogcal,TRUE
08.01.2025,anticorr-vimeogcal,TRUE
20.06.2025,anticorr-vimeogcal,TRUE
16.07.2025,anticorr-vimeogcal,TRUE
22.09.2025,anticorr-vimeogcal,TRUE
30.03.2026,anticorr-vimeogcal,TRUE
10.04.2026,anticorr-vimeogcal,TRUE
15.07.2026,anticorr-vimeogcal,TRUE
01.08.2025,anticorr-wellnessliving,TRUE
07.08.2025,anticorr-wellnessliving,TRUE
07.08.2025,anticorr-wellnessliving,TRUE
14.08.2025,anticorr-wellnessliving,TRUE
22.08.2025,anticorr-wellnessliving,TRUE
26.08.2025,anticorr-wellnessliving,TRUE
28.08.2025,anticorr-wellnessliving,TRUE
03.09.2025,anticorr-wellnessliving,TRUE
03.09.2025,anticorr-wellnessliving,TRUE
05.09.2025,anticorr-wellnessliving,TRUE
11.09.2025,anticorr-wellnessliving,TRUE
02.10.2025,anticorr-wellnessliving,TRUE
02.10.2025,anticorr-wellnessliving,TRUE
10.11.2025,anticorr-wellnessliving,TRUE
24.11.2025,anticorr-wellnessliving,TRUE
25.11.2025,anticorr-wellnessliving,TRUE
03.12.2025,anticorr-wellnessliving,TRUE
12.12.2025,anticorr-wellnessliving,TRUE
08.01.2026,anticorr-wellnessliving,TRUE
14.01.2026,anticorr-wellnessliving,TRUE
14.01.2026,anticorr-wellnessliving,TRUE
21.01.2026,anticorr-wellnessliving,TRUE
23.01.2026,anticorr-wellnessliving,TRUE
26.01.2026,anticorr-wellnessliving,TRUE
05.02.2026,anticorr-wellnessliving,TRUE
09.03.2026,anticorr-wellnessliving,TRUE
20.03.2026,anticorr-wellnessliving,TRUE
04.05.2026,anticorr-wellnessliving,TRUE
23.06.2026,anticorr-wellnessliving,TRUE
06.07.2026,anticorr-wellnessliving,TRUE
10.07.2026,anticorr-wellnessliving,TRUE
14.07.2026,anticorr-wellnessliving,TRUE
14.07.2026,anticorr-wellnessliving,TRUE
21.07.2026,anticorr-wellnessliving,TRUE
21.08.2026,anticorr-wellnessliving,TRUE
26.08.2026,anticorr-wellnessliving,TRUE
05.01.2024,anticorr-ycharlotteondemand,TRUE
23.07.2024,anticorr-ycharlotteondemand,TRUE
01.08.2024,anticorr-ycharlotteondemand,TRUE
01.08.2024,anticorr-ycharlotteondemand,TRUE
08.08.2024,anticorr-ycharlotteondemand,TRUE
23.09.2024,anticorr-ycharlotteondemand,TRUE
04.01.2024,anticorr-ymcagch,TRUE
04.01.2024,anticorr-ymcagch,TRUE
04.01.2024,anticorr-ymcagch,TRUE
25.01.2024,anticorr-ymcagch,TRUE
26.01.2024,anticorr-ymcagch,TRUE
21.05.2024,anticorr-ymcagch,TRUE
26.07.2024,anticorr-ymcagch,TRUE
31.07.2024,anticorr-ymcagch,TRUE
31.07.2024,anticorr-ymcagch,TRUE
06.09.2024,anticorr-ymcagch,TRUE
08.01.2025,anticorr-ymcagch,TRUE
17.03.2025,anticorr-ymcagch,TRUE
17.03.2025,anticorr-ymcagch,TRUE
17.03.2025,anticorr-ymcagch,TRUE
18.03.2025,anticorr-ymcagch,TRUE
25.03.2025,anticorr-ymcagch,TRUE
08.04.2025,anticorr-zenoti,TRUE
22.04.2025,anticorr-zenoti,TRUE
23.04.2025,anticorr-zenoti,TRUE
07.05.2025,anticorr-zenoti,TRUE
07.05.2025,anticorr-zenoti,TRUE
13.05.2025,anticorr-zenoti,TRUE
13.05.2025,anticorr-zenoti,TRUE
13.05.2025,anticorr-zenoti,TRUE
15.05.2025,anticorr-zenoti,TRUE
16.05.2025,anticorr-zenoti,TRUE
22.05.2025,anticorr-zenoti,TRUE
16.06.2025,anticorr-zenoti,TRUE
18.06.2025,anticorr-zenoti,TRUE
19.06.2025,anticorr-zenoti,TRUE
23.06.2025,anticorr-zenoti,TRUE
07.08.2025,anticorr-zenoti,TRUE
22.08.2025,anticorr-zenoti,TRUE
28.08.2025,anticorr-zenoti,TRUE
02.09.2025,anticorr-zenoti,TRUE
02.09.2025,anticorr-zenoti,TRUE
09.09.2025,anticorr-zenoti,TRUE
01.10.2025,anticorr-zenoti,TRUE
09.10.2025,anticorr-zenoti,TRUE
05.11.2025,anticorr-zenoti,TRUE
06.11.2025,anticorr-zenoti,TRUE
24.11.2025,anticorr-zenoti,TRUE
04.12.2025,anticorr-zenoti,TRUE
23.01.2026,anticorr-zenoti,TRUE
26.01.2026,anticorr-zenoti,TRUE
10.03.2026,anticorr-zenoti,TRUE
17.04.2026,anticorr-zenoti,TRUE
20.04.2026,anticorr-zenoti,TRUE
07.07.2026,anticorr-zenoti,TRUE
15.07.2026,anticorr-zenoti,TRUE
21.07.2026,anticorr-zenoti,TRUE
21.07.2026,anticorr-zenoti,TRUE
21.08.2026,anticorr-zenoti,TRUE
24.08.2026,anticorr-zenoti,TRUE
24.08.2026,anticorr-zenoti,TRUE
05.02.2026,api-proxy,TRUE
06.02.2026,api-proxy,TRUE
12.02.2026,api-proxy,TRUE
12.02.2026,api-proxy,TRUE
12.02.2026,api-proxy,TRUE
13.02.2026,api-proxy,TRUE
20.02.2026,api-proxy,TRUE
24.02.2026,api-proxy,TRUE
24.02.2026,api-proxy,TRUE
24.02.2026,api-proxy,TRUE
14.04.2026,api-proxy,TRUE
14.04.2026,api-proxy,TRUE
16.04.2026,api-proxy,TRUE
22.04.2026,api-proxy,TRUE
11.01.2024,app-configurator-portal,TRUE
13.02.2024,app-configurator-portal,TRUE
19.02.2024,app-configurator-portal,TRUE
09.05.2024,app-configurator-portal,TRUE
09.10.2024,app-configurator-portal,TRUE
14.10.2024,app-configurator-portal,TRUE
27.11.2024,app-configurator-portal,TRUE
23.12.2024,app-configurator-portal,TRUE
04.03.2025,app-configurator-portal,TRUE
18.03.2025,app-configurator-portal,TRUE
14.05.2025,app-configurator-portal,TRUE
24.06.2025,app-configurator-portal,TRUE
22.07.2025,app-configurator-portal,TRUE
05.08.2025,app-configurator-portal,TRUE
13.08.2025,app-configurator-portal,TRUE
22.08.2025,app-configurator-portal,TRUE
22.08.2025,app-configurator-portal,TRUE
27.08.2025,app-configurator-portal,TRUE
10.02.2026,app-configurator-portal,TRUE
19.02.2026,app-configurator-portal,TRUE
25.02.2026,app-configurator-portal,TRUE
06.03.2026,app-configurator-portal,TRUE
06.03.2026,app-configurator-portal,TRUE
06.03.2026,app-configurator-portal,TRUE
06.03.2026,app-configurator-portal,TRUE
06.03.2026,app-configurator-portal,TRUE
31.03.2026,app-configurator-portal,TRUE
01.04.2026,app-configurator-portal,TRUE
02.04.2026,app-configurator-portal,TRUE
02.04.2026,app-configurator-portal,TRUE
13.04.2026,app-configurator-portal,TRUE
14.05.2026,app-configurator-portal,TRUE
25.05.2026,app-configurator-portal,TRUE
09.06.2026,app-configurator-portal,TRUE
25.06.2026,app-configurator-portal,TRUE
25.06.2026,app-configurator-portal,TRUE
03.07.2026,app-configurator-portal,TRUE
07.07.2026,app-configurator-portal,TRUE
08.07.2026,app-configurator-portal,TRUE
10.07.2026,app-configurator-portal,TRUE
21.07.2026,app-configurator-portal,TRUE
03.08.2026,app-configurator-portal,TRUE
05.08.2026,app-configurator-portal,TRUE
13.08.2026,app-configurator-portal,TRUE
18.08.2026,app-configurator-portal,TRUE
20.08.2026,app-configurator-portal,TRUE
17.01.2024,app-configurator,TRUE
06.03.2024,app-configurator,TRUE
09.05.2024,app-configurator,TRUE
16.05.2024,app-configurator,TRUE
05.07.2024,app-configurator,TRUE
08.07.2024,app-configurator,TRUE
09.09.2024,app-configurator,TRUE
10.09.2024,app-configurator,TRUE
21.10.2024,app-configurator,TRUE
27.11.2024,app-configurator,TRUE
05.12.2024,app-configurator,TRUE
23.12.2024,app-configurator,TRUE
31.01.2025,app-configurator,TRUE
17.02.2025,app-configurator,TRUE
17.02.2025,app-configurator,TRUE
31.03.2025,app-configurator,TRUE
03.04.2025,app-configurator,TRUE
15.04.2025,app-configurator,TRUE
17.04.2025,app-configurator,TRUE
07.05.2025,app-configurator,TRUE
19.06.2025,app-configurator,TRUE
23.06.2025,app-configurator,TRUE
05.08.2025,app-configurator,TRUE
19.08.2025,app-configurator,TRUE
20.08.2025,app-configurator,TRUE
21.08.2025,app-configurator,TRUE
26.08.2025,app-configurator,TRUE
26.08.2025,app-configurator,TRUE
26.08.2025,app-configurator,TRUE
29.08.2025,app-configurator,TRUE
19.09.2025,app-configurator,TRUE
20.10.2025,app-configurator,TRUE
27.10.2025,app-configurator,TRUE
26.11.2025,app-configurator,TRUE
03.12.2025,app-configurator,TRUE
03.12.2025,app-configurator,TRUE
10.02.2026,app-configurator,TRUE
19.02.2026,app-configurator,TRUE
02.03.2026,app-configurator,TRUE
03.03.2026,app-configurator,TRUE
03.03.2026,app-configurator,TRUE
05.03.2026,app-configurator,TRUE
06.03.2026,app-configurator,TRUE
06.03.2026,app-configurator,TRUE
06.03.2026,app-configurator,TRUE
06.03.2026,app-configurator,TRUE
24.03.2026,app-configurator,TRUE
30.03.2026,app-configurator,TRUE
30.03.2026,app-configurator,TRUE
31.03.2026,app-configurator,TRUE
01.04.2026,app-configurator,TRUE
15.04.2026,app-configurator,TRUE
22.04.2026,app-configurator,TRUE
25.05.2026,app-configurator,TRUE
05.06.2026,app-configurator,TRUE
15.06.2026,app-configurator,TRUE
16.06.2026,app-configurator,TRUE
16.06.2026,app-configurator,TRUE
22.06.2026,app-configurator,TRUE
03.07.2026,app-configurator,TRUE
07.07.2026,app-configurator,TRUE
18.08.2026,app-configurator,TRUE
19.08.2026,app-configurator,TRUE
20.08.2026,app-configurator,TRUE
26.08.2026,app-configurator,TRUE
28.08.2026,app-configurator,TRUE
12.05.2026,argo-rollouts,TRUE
22.05.2026,argo-rollouts,TRUE
27.05.2026,argo-rollouts,TRUE
01.06.2026,argo-rollouts,TRUE
08.06.2026,argo-rollouts,TRUE
02.07.2026,argo-rollouts,TRUE
03.07.2026,argo-rollouts,TRUE
10.01.2024,atlantis,TRUE
12.01.2024,atlantis,TRUE
15.01.2024,atlantis,TRUE
15.01.2024,atlantis,TRUE
20.03.2024,atlantis,TRUE
20.03.2024,atlantis,TRUE
21.03.2024,atlantis,TRUE
08.04.2024,atlantis,TRUE
08.04.2024,atlantis,TRUE
08.04.2024,atlantis,TRUE
22.04.2024,atlantis,TRUE
24.04.2024,atlantis,TRUE
25.04.2024,atlantis,TRUE
25.04.2024,atlantis,TRUE
06.05.2024,atlantis,TRUE
06.05.2024,atlantis,TRUE
23.05.2024,atlantis,TRUE
30.05.2024,atlantis,TRUE
30.05.2024,atlantis,TRUE
31.05.2024,atlantis,TRUE
11.07.2024,atlantis,TRUE
09.08.2024,atlantis,TRUE
09.08.2024,atlantis,TRUE
22.11.2024,atlantis,TRUE
22.11.2024,atlantis,TRUE
10.02.2025,atlantis,TRUE
11.02.2025,atlantis,TRUE
11.02.2025,atlantis,TRUE
26.03.2025,atlantis,TRUE
28.03.2025,atlantis,TRUE
28.03.2025,atlantis,TRUE
28.03.2025,atlantis,TRUE
06.05.2025,atlantis,TRUE
15.05.2025,atlantis,TRUE
20.05.2025,atlantis,TRUE
21.05.2025,atlantis,TRUE
02.06.2025,atlantis,TRUE
02.06.2025,atlantis,TRUE
07.08.2025,atlantis,TRUE
07.08.2025,atlantis,TRUE
21.11.2025,atlantis,TRUE
23.11.2025,atlantis,TRUE
21.01.2026,atlantis,TRUE
27.02.2026,atlantis,TRUE
10.03.2026,atlantis,TRUE
25.03.2026,atlantis,TRUE
25.03.2026,atlantis,TRUE
22.04.2026,atlantis,TRUE
04.05.2026,atlantis,TRUE
20.05.2026,atlantis,TRUE
27.05.2026,atlantis,TRUE
29.05.2026,atlantis,TRUE
22.07.2026,atlantis,TRUE
29.07.2026,atlantis,TRUE
29.07.2026,atlantis,TRUE
30.07.2026,atlantis,TRUE
30.07.2026,atlantis,TRUE
30.07.2026,atlantis,TRUE
30.07.2026,atlantis,TRUE
30.07.2026,atlantis,TRUE
30.07.2026,atlantis,TRUE
30.07.2026,atlantis,TRUE
30.07.2026,atlantis,TRUE
30.07.2026,atlantis,TRUE
30.07.2026,atlantis,TRUE
07.08.2026,atlantis,TRUE
07.08.2026,atlantis,TRUE
07.08.2026,atlantis,TRUE
17.08.2026,atlantis,TRUE
20.08.2026,atlantis,TRUE
24.08.2026,atlantis,TRUE
24.08.2026,atlantis,TRUE
03.01.2024,audit-logs-adm-int,TRUE
25.04.2024,audit-logs-adm-int,TRUE
28.05.2024,audit-logs-adm-int,TRUE
08.07.2024,audit-logs-adm-int,TRUE
23.07.2024,audit-logs-adm-int,TRUE
03.09.2024,audit-logs-adm-int,TRUE
17.10.2024,audit-logs-adm-int,TRUE
25.11.2024,audit-logs-adm-int,TRUE
29.11.2024,audit-logs-adm-int,TRUE
29.11.2024,audit-logs-adm-int,TRUE
07.01.2025,audit-logs-adm-int,TRUE
30.01.2025,audit-logs-adm-int,TRUE
06.02.2025,audit-logs-adm-int,TRUE
11.02.2025,audit-logs-adm-int,TRUE
05.03.2025,audit-logs-adm-int,TRUE
31.03.2025,audit-logs-adm-int,TRUE
03.04.2025,audit-logs-adm-int,TRUE
05.08.2025,audit-logs-adm-int,TRUE
10.09.2025,audit-logs-adm-int,TRUE
25.09.2025,audit-logs-adm-int,TRUE
10.11.2025,audit-logs-adm-int,TRUE
10.11.2025,audit-logs-adm-int,TRUE
20.11.2025,audit-logs-adm-int,TRUE
18.12.2025,audit-logs-adm-int,TRUE
02.01.2026,audit-logs-adm-int,TRUE
12.01.2026,audit-logs-adm-int,TRUE
19.01.2026,audit-logs-adm-int,TRUE
10.02.2026,audit-logs-adm-int,TRUE
17.02.2026,audit-logs-adm-int,TRUE
19.02.2026,audit-logs-adm-int,TRUE
06.03.2026,audit-logs-adm-int,TRUE
12.03.2026,audit-logs-adm-int,TRUE
24.03.2026,audit-logs-adm-int,TRUE
20.07.2026,audit-logs-adm-int,TRUE
22.07.2026,audit-logs-adm-int,TRUE
23.07.2026,audit-logs-adm-int,TRUE
28.07.2026,audit-logs-adm-int,TRUE
04.08.2026,audit-logs-adm-int,TRUE
05.08.2026,audit-logs-adm-int,TRUE
04.01.2024,aws-load-balancer-controller,TRUE
06.11.2024,aws-load-balancer-controller,TRUE
19.08.2024,b2b-partner-api-adm-int,TRUE
19.08.2024,b2b-partner-api-adm-int,TRUE
31.03.2025,b2b-partner-api-adm-int,TRUE
11.04.2025,b2b-partner-api-adm-int,TRUE
20.11.2025,b2b-partner-api-adm-int,TRUE
02.01.2026,b2b-partner-api-adm-int,TRUE
19.01.2026,b2b-partner-api-adm-int,TRUE
09.02.2026,b2b-partner-api-adm-int,TRUE
10.02.2026,b2b-partner-api-adm-int,TRUE
13.02.2026,b2b-partner-api-adm-int,TRUE
17.02.2026,b2b-partner-api-adm-int,TRUE
19.02.2026,b2b-partner-api-adm-int,TRUE
29.06.2026,b2b-partner-api-adm-int,TRUE
20.07.2026,b2b-partner-api-adm-int,TRUE
22.07.2026,b2b-partner-api-adm-int,TRUE
23.07.2026,b2b-partner-api-adm-int,TRUE
03.08.2026,b2b-partner-api-adm-int,TRUE
04.08.2026,b2b-partner-api-adm-int,TRUE
05.08.2026,b2b-partner-api-adm-int,TRUE
29.01.2024,b2b-partner-api,TRUE
29.01.2024,b2b-partner-api,FALSE
30.01.2024,b2b-partner-api,TRUE
30.01.2024,b2b-partner-api,TRUE
31.01.2024,b2b-partner-api,TRUE
31.01.2024,b2b-partner-api,TRUE
23.02.2024,b2b-partner-api,TRUE
11.03.2024,b2b-partner-api,TRUE
08.05.2024,b2b-partner-api,TRUE
13.05.2024,b2b-partner-api,TRUE
13.05.2024,b2b-partner-api,TRUE
23.07.2024,b2b-partner-api,TRUE
30.07.2024,b2b-partner-api,TRUE
09.08.2024,b2b-partner-api,TRUE
14.08.2024,b2b-partner-api,TRUE
14.08.2024,b2b-partner-api,TRUE
19.08.2024,b2b-partner-api,TRUE
27.08.2024,b2b-partner-api,TRUE
29.08.2024,b2b-partner-api,TRUE
02.09.2024,b2b-partner-api,TRUE
20.09.2024,b2b-partner-api,TRUE
20.09.2024,b2b-partner-api,TRUE
25.09.2024,b2b-partner-api,TRUE
25.09.2024,b2b-partner-api,TRUE
25.09.2024,b2b-partner-api,TRUE
04.10.2024,b2b-partner-api,TRUE
09.10.2024,b2b-partner-api,TRUE
10.10.2024,b2b-partner-api,TRUE
24.10.2024,b2b-partner-api,TRUE
24.10.2024,b2b-partner-api,TRUE
07.01.2025,b2b-partner-api,TRUE
18.03.2025,b2b-partner-api,TRUE
02.04.2025,b2b-partner-api,TRUE
14.05.2025,b2b-partner-api,TRUE
28.05.2025,b2b-partner-api,TRUE
10.06.2025,b2b-partner-api,TRUE
10.06.2025,b2b-partner-api,TRUE
12.06.2025,b2b-partner-api,TRUE
16.06.2025,b2b-partner-api,TRUE
01.07.2025,b2b-partner-api,TRUE
04.07.2025,b2b-partner-api,TRUE
23.07.2025,b2b-partner-api,TRUE
29.07.2025,b2b-partner-api,TRUE
27.08.2025,b2b-partner-api,TRUE
22.09.2025,b2b-partner-api,TRUE
20.10.2025,b2b-partner-api,TRUE
21.10.2025,b2b-partner-api,TRUE
21.10.2025,b2b-partner-api,TRUE
21.10.2025,b2b-partner-api,TRUE
28.10.2025,b2b-partner-api,TRUE
20.11.2025,b2b-partner-api,TRUE
02.12.2025,b2b-partner-api,TRUE
02.12.2025,b2b-partner-api,TRUE
15.12.2025,b2b-partner-api,TRUE
13.01.2026,b2b-partner-api,TRUE
17.02.2026,b2b-partner-api,TRUE
10.03.2026,b2b-partner-api,TRUE
12.03.2026,b2b-partner-api,TRUE
16.03.2026,b2b-partner-api,TRUE
16.03.2026,b2b-partner-api,TRUE
26.03.2026,b2b-partner-api,TRUE
27.03.2026,b2b-partner-api,TRUE
30.03.2026,b2b-partner-api,TRUE
15.04.2026,b2b-partner-api,TRUE
06.05.2026,b2b-partner-api,TRUE
13.05.2026,b2b-partner-api,TRUE
25.06.2026,b2b-partner-api,TRUE
02.07.2026,b2b-partner-api,TRUE
05.08.2026,b2b-partner-api,TRUE
05.01.2024,babylon-backend,TRUE
13.03.2024,babylon-backend,TRUE
07.05.2024,babylon-backend,TRUE
12.07.2024,babylon-backend,TRUE
12.07.2024,babylon-backend,TRUE
17.12.2024,babylon-backend,TRUE
01.10.2025,babylon-backend,TRUE
25.03.2026,babylon-backend,TRUE
24.07.2026,babylon-backend,TRUE
27.07.2026,babylon-backend,TRUE
12.07.2024,babylon-frontend,TRUE
23.07.2024,babylon-frontend,TRUE
14.05.2025,babylon-frontend,TRUE
19.05.2025,babylon-frontend,TRUE
09.02.2026,babylon-frontend,TRUE
09.02.2026,babylon-frontend,TRUE
13.02.2026,babylon-frontend,TRUE
13.02.2026,babylon-frontend,TRUE
26.02.2026,babylon-frontend,TRUE
04.08.2026,babylon-frontend,TRUE
19.01.2024,beast,TRUE
02.01.2024,business-suite-backend,TRUE
03.01.2024,business-suite-backend,TRUE
12.01.2024,business-suite-backend,TRUE
19.01.2024,business-suite-backend,TRUE
24.01.2024,business-suite-backend,TRUE
25.01.2024,business-suite-backend,TRUE
29.01.2024,business-suite-backend,TRUE
31.01.2024,business-suite-backend,TRUE
01.02.2024,business-suite-backend,TRUE
05.02.2024,business-suite-backend,TRUE
06.02.2024,business-suite-backend,TRUE
22.02.2024,business-suite-backend,TRUE
23.02.2024,business-suite-backend,TRUE
23.02.2024,business-suite-backend,TRUE
23.02.2024,business-suite-backend,TRUE
27.02.2024,business-suite-backend,TRUE
01.03.2024,business-suite-backend,TRUE
05.03.2024,business-suite-backend,TRUE
12.03.2024,business-suite-backend,TRUE
19.03.2024,business-suite-backend,TRUE
20.03.2024,business-suite-backend,TRUE
02.04.2024,business-suite-backend,TRUE
03.04.2024,business-suite-backend,TRUE
16.04.2024,business-suite-backend,TRUE
17.04.2024,business-suite-backend,TRUE
18.04.2024,business-suite-backend,TRUE
22.04.2024,business-suite-backend,TRUE
22.04.2024,business-suite-backend,FALSE
22.04.2024,business-suite-backend,TRUE
22.04.2024,business-suite-backend,TRUE
22.04.2024,business-suite-backend,TRUE
22.04.2024,business-suite-backend,TRUE
23.04.2024,business-suite-backend,TRUE
23.04.2024,business-suite-backend,TRUE
25.04.2024,business-suite-backend,TRUE
25.04.2024,business-suite-backend,TRUE
26.04.2024,business-suite-backend,TRUE
30.04.2024,business-suite-backend,TRUE
13.05.2024,business-suite-backend,TRUE
22.05.2024,business-suite-backend,TRUE
23.05.2024,business-suite-backend,TRUE
30.05.2024,business-suite-backend,TRUE
04.06.2024,business-suite-backend,TRUE
06.06.2024,business-suite-backend,TRUE
07.06.2024,business-suite-backend,TRUE
10.06.2024,business-suite-backend,TRUE
13.06.2024,business-suite-backend,TRUE
14.06.2024,business-suite-backend,TRUE
18.06.2024,business-suite-backend,TRUE
01.07.2024,business-suite-backend,TRUE
12.07.2024,business-suite-backend,TRUE
22.07.2024,business-suite-backend,TRUE
29.07.2024,business-suite-backend,TRUE
31.07.2024,business-suite-backend,TRUE
01.08.2024,business-suite-backend,TRUE
02.08.2024,business-suite-backend,TRUE
05.08.2024,business-suite-backend,TRUE
05.08.2024,business-suite-backend,TRUE
12.08.2024,business-suite-backend,TRUE
26.08.2024,business-suite-backend,TRUE
05.09.2024,business-suite-backend,TRUE
16.09.2024,business-suite-backend,TRUE
24.09.2024,business-suite-backend,TRUE
24.09.2024,business-suite-backend,TRUE
30.09.2024,business-suite-backend,TRUE
01.10.2024,business-suite-backend,TRUE
07.10.2024,business-suite-backend,TRUE
08.10.2024,business-suite-backend,TRUE
08.10.2024,business-suite-backend,TRUE
09.10.2024,business-suite-backend,TRUE
09.10.2024,business-suite-backend,FALSE
11.10.2024,business-suite-backend,TRUE
17.10.2024,business-suite-backend,TRUE
21.10.2024,business-suite-backend,TRUE
15.11.2024,business-suite-backend,TRUE
16.12.2024,business-suite-backend,TRUE
19.12.2024,business-suite-backend,TRUE
10.01.2025,business-suite-backend,TRUE
15.01.2025,business-suite-backend,TRUE
11.02.2025,business-suite-backend,TRUE
12.02.2025,business-suite-backend,TRUE
12.02.2025,business-suite-backend,TRUE
01.04.2025,business-suite-backend,TRUE
14.04.2025,business-suite-backend,TRUE
17.04.2025,business-suite-backend,TRUE
25.04.2025,business-suite-backend,TRUE
12.05.2025,business-suite-backend,TRUE
20.05.2025,business-suite-backend,TRUE
18.06.2025,business-suite-backend,TRUE
26.06.2025,business-suite-backend,TRUE
09.07.2025,business-suite-backend,TRUE
11.07.2025,business-suite-backend,TRUE
21.07.2025,business-suite-backend,TRUE
07.08.2025,business-suite-backend,TRUE
07.08.2025,business-suite-backend,TRUE
21.08.2025,business-suite-backend,TRUE
22.08.2025,business-suite-backend,TRUE
08.09.2025,business-suite-backend,TRUE
08.10.2025,business-suite-backend,TRUE
14.10.2025,business-suite-backend,TRUE
28.10.2025,business-suite-backend,TRUE
05.12.2025,business-suite-backend,TRUE
08.01.2026,business-suite-backend,TRUE
29.01.2026,business-suite-backend,TRUE
30.01.2026,business-suite-backend,TRUE
10.02.2026,business-suite-backend,TRUE
10.02.2026,business-suite-backend,TRUE
02.03.2026,business-suite-backend,TRUE
16.03.2026,business-suite-backend,TRUE
26.03.2026,business-suite-backend,TRUE
26.03.2026,business-suite-backend,FALSE
27.03.2026,business-suite-backend,TRUE
15.04.2026,business-suite-backend,TRUE
06.05.2026,business-suite-backend,TRUE
18.05.2026,business-suite-backend,TRUE
22.05.2026,business-suite-backend,TRUE
17.06.2026,business-suite-backend,TRUE
19.06.2026,business-suite-backend,TRUE
08.07.2026,business-suite-backend,TRUE
09.07.2026,business-suite-backend,TRUE
21.07.2026,business-suite-backend,TRUE
28.07.2026,business-suite-backend,TRUE
03.08.2026,business-suite-backend,TRUE
05.08.2026,business-suite-backend,TRUE
20.08.2026,business-suite-backend,TRUE
19.01.2024,business-suite-dataflow,TRUE
25.01.2024,business-suite-dataflow,TRUE
29.01.2024,business-suite-dataflow,TRUE
08.02.2024,business-suite-dataflow,TRUE
12.02.2024,business-suite-dataflow,TRUE
03.04.2024,business-suite-dataflow,TRUE
03.04.2024,business-suite-dataflow,TRUE
07.06.2024,business-suite-dataflow,TRUE
25.06.2024,business-suite-dataflow,TRUE
03.09.2024,business-suite-dataflow,TRUE
06.09.2024,business-suite-dataflow,TRUE
17.09.2024,business-suite-dataflow,TRUE
20.12.2024,business-suite-dataflow,TRUE
30.07.2025,business-suite-dataflow,TRUE
19.08.2025,business-suite-dataflow,TRUE
15.09.2025,business-suite-dataflow,TRUE
17.03.2026,business-suite-dataflow,TRUE
18.05.2026,business-suite-dataflow,TRUE
22.05.2026,business-suite-dataflow,TRUE
22.07.2026,business-suite-dataflow,TRUE
22.07.2026,business-suite-dataflow,TRUE
20.08.2026,business-suite-dataflow,TRUE
10.01.2024,business-suite-frontend,TRUE
19.01.2024,business-suite-frontend,TRUE
05.02.2024,business-suite-frontend,TRUE
19.02.2024,business-suite-frontend,TRUE
22.02.2024,business-suite-frontend,TRUE
26.02.2024,business-suite-frontend,TRUE
27.02.2024,business-suite-frontend,TRUE
28.02.2024,business-suite-frontend,TRUE
11.03.2024,business-suite-frontend,TRUE
12.03.2024,business-suite-frontend,TRUE
13.03.2024,business-suite-frontend,TRUE
15.03.2024,business-suite-frontend,TRUE
19.03.2024,business-suite-frontend,TRUE
02.04.2024,business-suite-frontend,TRUE
03.04.2024,business-suite-frontend,TRUE
09.04.2024,business-suite-frontend,TRUE
10.04.2024,business-suite-frontend,TRUE
15.04.2024,business-suite-frontend,TRUE
16.04.2024,business-suite-frontend,TRUE
25.04.2024,business-suite-frontend,TRUE
26.04.2024,business-suite-frontend,TRUE
26.04.2024,business-suite-frontend,TRUE
29.04.2024,business-suite-frontend,TRUE
30.04.2024,business-suite-frontend,TRUE
15.05.2024,business-suite-frontend,TRUE
22.05.2024,business-suite-frontend,TRUE
23.05.2024,business-suite-frontend,TRUE
24.05.2024,business-suite-frontend,TRUE
27.05.2024,business-suite-frontend,TRUE
28.05.2024,business-suite-frontend,TRUE
29.05.2024,business-suite-frontend,TRUE
30.05.2024,business-suite-frontend,TRUE
31.05.2024,business-suite-frontend,TRUE
07.06.2024,business-suite-frontend,TRUE
10.06.2024,business-suite-frontend,TRUE
11.06.2024,business-suite-frontend,TRUE
12.06.2024,business-suite-frontend,TRUE
12.06.2024,business-suite-frontend,TRUE
12.06.2024,business-suite-frontend,FALSE
13.06.2024,business-suite-frontend,TRUE
13.06.2024,business-suite-frontend,FALSE
14.06.2024,business-suite-frontend,TRUE
20.06.2024,business-suite-frontend,TRUE
20.06.2024,business-suite-frontend,TRUE
26.06.2024,business-suite-frontend,TRUE
02.07.2024,business-suite-frontend,TRUE
04.07.2024,business-suite-frontend,TRUE
04.07.2024,business-suite-frontend,TRUE
05.07.2024,business-suite-frontend,TRUE
05.07.2024,business-suite-frontend,TRUE
08.07.2024,business-suite-frontend,TRUE
09.07.2024,business-suite-frontend,TRUE
09.07.2024,business-suite-frontend,TRUE
10.07.2024,business-suite-frontend,TRUE
10.07.2024,business-suite-frontend,TRUE
12.07.2024,business-suite-frontend,TRUE
16.07.2024,business-suite-frontend,TRUE
17.07.2024,business-suite-frontend,TRUE
17.07.2024,business-suite-frontend,TRUE
24.07.2024,business-suite-frontend,TRUE
24.07.2024,business-suite-frontend,TRUE
30.07.2024,business-suite-frontend,TRUE
02.08.2024,business-suite-frontend,TRUE
02.08.2024,business-suite-frontend,TRUE
05.08.2024,business-suite-frontend,TRUE
08.08.2024,business-suite-frontend,TRUE
16.08.2024,business-suite-frontend,TRUE
19.08.2024,business-suite-frontend,TRUE
20.08.2024,business-suite-frontend,TRUE
20.08.2024,business-suite-frontend,TRUE
20.08.2024,business-suite-frontend,TRUE
26.08.2024,business-suite-frontend,TRUE
26.08.2024,business-suite-frontend,TRUE
28.08.2024,business-suite-frontend,TRUE
28.08.2024,business-suite-frontend,TRUE
29.08.2024,business-suite-frontend,TRUE
29.08.2024,business-suite-frontend,TRUE
30.08.2024,business-suite-frontend,TRUE
02.09.2024,business-suite-frontend,TRUE
05.09.2024,business-suite-frontend,TRUE
05.09.2024,business-suite-frontend,TRUE
11.09.2024,business-suite-frontend,TRUE
12.09.2024,business-suite-frontend,TRUE
12.09.2024,business-suite-frontend,TRUE
13.09.2024,business-suite-frontend,TRUE
16.09.2024,business-suite-frontend,TRUE
16.09.2024,business-suite-frontend,TRUE
18.09.2024,business-suite-frontend,TRUE
20.09.2024,business-suite-frontend,TRUE
23.09.2024,business-suite-frontend,TRUE
24.09.2024,business-suite-frontend,TRUE
24.09.2024,business-suite-frontend,TRUE
26.09.2024,business-suite-frontend,TRUE
27.09.2024,business-suite-frontend,TRUE
30.09.2024,business-suite-frontend,TRUE
01.10.2024,business-suite-frontend,TRUE
08.10.2024,business-suite-frontend,TRUE
18.10.2024,business-suite-frontend,TRUE
21.10.2024,business-suite-frontend,TRUE
22.10.2024,business-suite-frontend,TRUE
28.10.2024,business-suite-frontend,TRUE
29.10.2024,business-suite-frontend,TRUE
06.11.2024,business-suite-frontend,TRUE
06.11.2024,business-suite-frontend,TRUE
14.11.2024,business-suite-frontend,TRUE
15.11.2024,business-suite-frontend,TRUE
27.11.2024,business-suite-frontend,TRUE
28.11.2024,business-suite-frontend,TRUE
02.12.2024,business-suite-frontend,TRUE
04.12.2024,business-suite-frontend,TRUE
06.12.2024,business-suite-frontend,TRUE
11.12.2024,business-suite-frontend,TRUE
16.12.2024,business-suite-frontend,TRUE
16.12.2024,business-suite-frontend,TRUE
17.12.2024,business-suite-frontend,TRUE
19.12.2024,business-suite-frontend,TRUE
20.12.2024,business-suite-frontend,TRUE
23.12.2024,business-suite-frontend,TRUE
07.01.2025,business-suite-frontend,TRUE
10.01.2025,business-suite-frontend,TRUE
13.01.2025,business-suite-frontend,TRUE
14.01.2025,business-suite-frontend,TRUE
15.01.2025,business-suite-frontend,TRUE
15.01.2025,business-suite-frontend,TRUE
21.01.2025,business-suite-frontend,TRUE
29.01.2025,business-suite-frontend,TRUE
30.01.2025,business-suite-frontend,TRUE
31.01.2025,business-suite-frontend,TRUE
31.01.2025,business-suite-frontend,TRUE
05.02.2025,business-suite-frontend,TRUE
06.02.2025,business-suite-frontend,TRUE
12.02.2025,business-suite-frontend,TRUE
20.02.2025,business-suite-frontend,TRUE
28.02.2025,business-suite-frontend,TRUE
04.03.2025,business-suite-frontend,TRUE
27.03.2025,business-suite-frontend,TRUE
31.03.2025,business-suite-frontend,TRUE
01.04.2025,business-suite-frontend,TRUE
08.04.2025,business-suite-frontend,TRUE
14.04.2025,business-suite-frontend,TRUE
14.04.2025,business-suite-frontend,TRUE
14.04.2025,business-suite-frontend,TRUE
17.04.2025,business-suite-frontend,TRUE
17.04.2025,business-suite-frontend,FALSE
23.04.2025,business-suite-frontend,TRUE
25.04.2025,business-suite-frontend,TRUE
28.04.2025,business-suite-frontend,TRUE
02.05.2025,business-suite-frontend,TRUE
06.05.2025,business-suite-frontend,TRUE
15.05.2025,business-suite-frontend,TRUE
20.05.2025,business-suite-frontend,TRUE
28.05.2025,business-suite-frontend,TRUE
16.06.2025,business-suite-frontend,TRUE
18.06.2025,business-suite-frontend,TRUE
20.06.2025,business-suite-frontend,TRUE
26.06.2025,business-suite-frontend,TRUE
27.06.2025,business-suite-frontend,TRUE
30.06.2025,business-suite-frontend,TRUE
30.06.2025,business-suite-frontend,TRUE
08.07.2025,business-suite-frontend,TRUE
09.07.2025,business-suite-frontend,TRUE
11.07.2025,business-suite-frontend,TRUE
11.07.2025,business-suite-frontend,TRUE
16.07.2025,business-suite-frontend,TRUE
17.07.2025,business-suite-frontend,TRUE
18.07.2025,business-suite-frontend,TRUE
18.07.2025,business-suite-frontend,TRUE
21.07.2025,business-suite-frontend,TRUE
21.07.2025,business-suite-frontend,TRUE
21.07.2025,business-suite-frontend,TRUE
28.07.2025,business-suite-frontend,TRUE
29.07.2025,business-suite-frontend,TRUE
29.07.2025,business-suite-frontend,TRUE
06.08.2025,business-suite-frontend,TRUE
07.08.2025,business-suite-frontend,TRUE
13.08.2025,business-suite-frontend,TRUE
14.08.2025,business-suite-frontend,TRUE
14.08.2025,business-suite-frontend,TRUE
18.08.2025,business-suite-frontend,TRUE
19.08.2025,business-suite-frontend,TRUE
27.08.2025,business-suite-frontend,TRUE
01.09.2025,business-suite-frontend,TRUE
02.09.2025,business-suite-frontend,TRUE
09.09.2025,business-suite-frontend,TRUE
15.09.2025,business-suite-frontend,TRUE
06.10.2025,business-suite-frontend,TRUE
16.10.2025,business-suite-frontend,TRUE
23.10.2025,business-suite-frontend,TRUE
27.10.2025,business-suite-frontend,TRUE
31.10.2025,business-suite-frontend,TRUE
06.11.2025,business-suite-frontend,TRUE
01.12.2025,business-suite-frontend,TRUE
11.12.2025,business-suite-frontend,TRUE
17.12.2025,business-suite-frontend,TRUE
07.01.2026,business-suite-frontend,TRUE
09.01.2026,business-suite-frontend,TRUE
09.01.2026,business-suite-frontend,TRUE
12.01.2026,business-suite-frontend,TRUE
13.01.2026,business-suite-frontend,TRUE
04.02.2026,business-suite-frontend,TRUE
04.02.2026,business-suite-frontend,TRUE
10.02.2026,business-suite-frontend,TRUE
10.02.2026,business-suite-frontend,TRUE
23.02.2026,business-suite-frontend,TRUE
03.03.2026,business-suite-frontend,TRUE
09.03.2026,business-suite-frontend,TRUE
12.03.2026,business-suite-frontend,TRUE
23.03.2026,business-suite-frontend,TRUE
20.04.2026,business-suite-frontend,TRUE
22.04.2026,business-suite-frontend,TRUE
24.04.2026,business-suite-frontend,TRUE
28.04.2026,business-suite-frontend,TRUE
11.05.2026,business-suite-frontend,TRUE
01.06.2026,business-suite-frontend,TRUE
16.06.2026,business-suite-frontend,TRUE
19.06.2026,business-suite-frontend,TRUE
23.06.2026,business-suite-frontend,TRUE
25.06.2026,business-suite-frontend,TRUE
01.07.2026,business-suite-frontend,TRUE
02.07.2026,business-suite-frontend,TRUE
03.07.2026,business-suite-frontend,TRUE
03.07.2026,business-suite-frontend,TRUE
10.07.2026,business-suite-frontend,TRUE
17.07.2026,business-suite-frontend,TRUE
20.07.2026,business-suite-frontend,TRUE
27.07.2026,business-suite-frontend,TRUE
11.08.2026,business-suite-frontend,TRUE
20.08.2026,business-suite-frontend,TRUE
17.10.2025,business-workflows-adm-int,TRUE
14.11.2025,business-workflows-adm-int,TRUE
19.11.2025,business-workflows-adm-int,TRUE
27.11.2025,business-workflows-adm-int,TRUE
02.01.2026,business-workflows-adm-int,TRUE
02.01.2026,business-workflows-adm-int,TRUE
09.01.2026,business-workflows-adm-int,TRUE
09.02.2026,business-workflows-adm-int,TRUE
09.02.2026,business-workflows-adm-int,TRUE
12.02.2026,business-workflows-adm-int,TRUE
17.02.2026,business-workflows-adm-int,TRUE
19.02.2026,business-workflows-adm-int,TRUE
25.02.2026,business-workflows-adm-int,TRUE
31.03.2026,business-workflows-adm-int,TRUE
27.07.2026,business-workflows-adm-int,TRUE
31.07.2026,business-workflows-adm-int,TRUE
05.08.2026,business-workflows-adm-int,TRUE
12.08.2026,business-workflows-adm-int,TRUE
16.05.2025,business-workflows,TRUE
01.07.2025,business-workflows,TRUE
04.09.2025,business-workflows,TRUE
05.09.2025,business-workflows,TRUE
08.09.2025,business-workflows,TRUE
08.09.2025,business-workflows,TRUE
13.10.2025,business-workflows,TRUE
13.10.2025,business-workflows,TRUE
14.10.2025,business-workflows,TRUE
14.10.2025,business-workflows,TRUE
17.10.2025,business-workflows,TRUE
21.10.2025,business-workflows,TRUE
21.10.2025,business-workflows,TRUE
23.10.2025,business-workflows,TRUE
24.10.2025,business-workflows,TRUE
30.10.2025,business-workflows,TRUE
30.10.2025,business-workflows,TRUE
30.10.2025,business-workflows,TRUE
30.10.2025,business-workflows,TRUE
11.11.2025,business-workflows,TRUE
17.11.2025,business-workflows,TRUE
09.01.2026,business-workflows,TRUE
09.01.2026,business-workflows,TRUE
13.01.2026,business-workflows,TRUE
14.01.2026,business-workflows,TRUE
12.02.2026,business-workflows,TRUE
19.02.2026,business-workflows,TRUE
23.02.2026,business-workflows,TRUE
23.02.2026,business-workflows,TRUE
03.03.2026,business-workflows,TRUE
06.03.2026,business-workflows,TRUE
11.03.2026,business-workflows,TRUE
30.03.2026,business-workflows,TRUE
08.04.2026,business-workflows,TRUE
18.05.2026,business-workflows,TRUE
01.06.2026,business-workflows,TRUE
13.07.2026,business-workflows,TRUE
03.08.2026,business-workflows,TRUE
24.08.2026,business-workflows,TRUE
20.08.2024,cardio-test-adm-int,TRUE
31.03.2025,cardio-test-adm-int,TRUE
31.03.2025,cardio-test-adm-int,TRUE
20.11.2025,cardio-test-adm-int,TRUE
27.11.2025,cardio-test-adm-int,TRUE
19.01.2026,cardio-test-adm-int,TRUE
09.02.2026,cardio-test-adm-int,TRUE
09.02.2026,cardio-test-adm-int,TRUE
10.02.2026,cardio-test-adm-int,TRUE
13.02.2026,cardio-test-adm-int,TRUE
17.02.2026,cardio-test-adm-int,TRUE
19.02.2026,cardio-test-adm-int,TRUE
05.03.2026,cardio-test-adm-int,TRUE
18.05.2026,cardio-test-adm-int,TRUE
28.05.2026,cardio-test-adm-int,TRUE
29.06.2026,cardio-test-adm-int,TRUE
21.07.2026,cardio-test-adm-int,TRUE
22.07.2026,cardio-test-adm-int,TRUE
03.08.2026,cardio-test-adm-int,TRUE
04.08.2026,cardio-test-adm-int,TRUE
05.08.2026,cardio-test-adm-int,TRUE
28.08.2026,cardio-test-adm-int,TRUE
31.01.2024,cardio-test,TRUE
21.03.2024,cardio-test,TRUE
02.04.2024,cardio-test,TRUE
05.04.2024,cardio-test,TRUE
13.05.2024,cardio-test,TRUE
13.05.2024,cardio-test,TRUE
01.07.2024,cardio-test,TRUE
23.07.2024,cardio-test,TRUE
13.08.2024,cardio-test,TRUE
14.08.2024,cardio-test,TRUE
20.08.2024,cardio-test,TRUE
29.08.2024,cardio-test,TRUE
02.09.2024,cardio-test,TRUE
20.09.2024,cardio-test,TRUE
07.10.2024,cardio-test,TRUE
24.10.2024,cardio-test,TRUE
02.04.2025,cardio-test,TRUE
02.04.2025,cardio-test,TRUE
03.04.2025,cardio-test,TRUE
14.05.2025,cardio-test,TRUE
10.06.2025,cardio-test,TRUE
01.07.2025,cardio-test,TRUE
18.07.2025,cardio-test,TRUE
29.07.2025,cardio-test,TRUE
22.08.2025,cardio-test,TRUE
22.09.2025,cardio-test,TRUE
23.09.2025,cardio-test,TRUE
21.10.2025,cardio-test,TRUE
29.10.2025,cardio-test,TRUE
29.10.2025,cardio-test,TRUE
20.11.2025,cardio-test,TRUE
02.12.2025,cardio-test,TRUE
12.12.2025,cardio-test,TRUE
13.01.2026,cardio-test,TRUE
16.02.2026,cardio-test,TRUE
13.03.2026,cardio-test,TRUE
16.03.2026,cardio-test,TRUE
17.03.2026,cardio-test,TRUE
17.03.2026,cardio-test,TRUE
24.03.2026,cardio-test,TRUE
25.03.2026,cardio-test,TRUE
27.03.2026,cardio-test,TRUE
31.03.2026,cardio-test,TRUE
15.04.2026,cardio-test,TRUE
30.04.2026,cardio-test,TRUE
06.05.2026,cardio-test,TRUE
21.05.2026,cardio-test,TRUE
21.05.2026,cardio-test,TRUE
26.05.2026,cardio-test,TRUE
28.05.2026,cardio-test,TRUE
08.06.2026,cardio-test,TRUE
09.06.2026,cardio-test,TRUE
09.06.2026,cardio-test,TRUE
11.06.2026,cardio-test,TRUE
15.06.2026,cardio-test,TRUE
19.06.2026,cardio-test,TRUE
06.07.2026,cardio-test,TRUE
23.07.2026,cardio-test,TRUE
03.08.2026,cardio-test,TRUE
19.08.2026,cardio-test,TRUE
02.04.2024,cert-manager,TRUE
15.07.2024,cert-manager,TRUE
16.07.2024,cert-manager,TRUE
16.07.2024,cert-manager,TRUE
16.07.2024,cert-manager,TRUE
07.08.2024,cert-manager,TRUE
07.08.2024,cert-manager,TRUE
07.08.2024,cert-manager,TRUE
16.08.2024,cert-manager,TRUE
21.11.2024,cert-manager,TRUE
21.11.2024,cert-manager,TRUE
21.11.2024,cert-manager,TRUE
21.11.2024,cert-manager,TRUE
22.11.2024,cert-manager,TRUE
22.11.2024,cert-manager,TRUE
06.02.2025,cert-manager,TRUE
06.02.2025,cert-manager,TRUE
06.02.2025,cert-manager,TRUE
30.06.2025,cert-manager,TRUE
30.06.2025,cert-manager,TRUE
30.06.2025,cert-manager,TRUE
14.07.2025,cert-manager,TRUE
14.07.2025,cert-manager,TRUE
14.07.2025,cert-manager,TRUE
07.10.2025,cert-manager,TRUE
07.10.2025,cert-manager,TRUE
07.10.2025,cert-manager,TRUE
28.10.2025,cert-manager,TRUE
28.10.2025,cert-manager,TRUE
28.10.2025,cert-manager,TRUE
28.10.2025,cert-manager,TRUE
28.10.2025,cert-manager,TRUE
28.10.2025,cert-manager,TRUE
14.11.2025,cert-manager,TRUE
14.11.2025,cert-manager,TRUE
28.11.2025,cert-manager,TRUE
28.11.2025,cert-manager,TRUE
13.02.2026,cert-manager,TRUE
13.02.2026,cert-manager,TRUE
16.02.2026,cert-manager,TRUE
16.02.2026,cert-manager,TRUE
20.02.2026,cert-manager,TRUE
20.02.2026,cert-manager,TRUE
06.03.2026,cert-manager,TRUE
10.03.2026,cert-manager,TRUE
05.06.2026,cert-manager,TRUE
05.06.2026,cert-manager,TRUE
25.08.2026,cert-manager,TRUE
25.08.2026,cert-manager,TRUE
02.01.2024,class-booking-adm-int,TRUE
31.01.2024,class-booking-adm-int,TRUE
26.02.2024,class-booking-adm-int,TRUE
08.03.2024,class-booking-adm-int,TRUE
17.06.2024,class-booking-adm-int,TRUE
18.06.2024,class-booking-adm-int,TRUE
18.06.2024,class-booking-adm-int,FALSE
20.06.2024,class-booking-adm-int,TRUE
08.07.2024,class-booking-adm-int,TRUE
25.07.2024,class-booking-adm-int,TRUE
26.07.2024,class-booking-adm-int,TRUE
30.07.2024,class-booking-adm-int,TRUE
05.08.2024,class-booking-adm-int,TRUE
30.10.2024,class-booking-adm-int,TRUE
12.11.2024,class-booking-adm-int,TRUE
12.11.2024,class-booking-adm-int,TRUE
13.11.2024,class-booking-adm-int,TRUE
15.11.2024,class-booking-adm-int,TRUE
20.12.2024,class-booking-adm-int,TRUE
14.01.2025,class-booking-adm-int,TRUE
28.01.2025,class-booking-adm-int,TRUE
29.01.2025,class-booking-adm-int,TRUE
05.02.2025,class-booking-adm-int,TRUE
13.02.2025,class-booking-adm-int,TRUE
21.02.2025,class-booking-adm-int,TRUE
03.03.2025,class-booking-adm-int,TRUE
04.03.2025,class-booking-adm-int,FALSE
04.03.2025,class-booking-adm-int,TRUE
05.03.2025,class-booking-adm-int,TRUE
12.03.2025,class-booking-adm-int,TRUE
14.03.2025,class-booking-adm-int,TRUE
14.03.2025,class-booking-adm-int,TRUE
24.03.2025,class-booking-adm-int,TRUE
04.04.2025,class-booking-adm-int,TRUE
14.04.2025,class-booking-adm-int,TRUE
28.04.2025,class-booking-adm-int,TRUE
29.04.2025,class-booking-adm-int,TRUE
29.04.2025,class-booking-adm-int,TRUE
30.04.2025,class-booking-adm-int,TRUE
02.05.2025,class-booking-adm-int,TRUE
09.05.2025,class-booking-adm-int,TRUE
12.05.2025,class-booking-adm-int,TRUE
12.05.2025,class-booking-adm-int,TRUE
14.05.2025,class-booking-adm-int,TRUE
20.05.2025,class-booking-adm-int,TRUE
20.05.2025,class-booking-adm-int,TRUE
27.05.2025,class-booking-adm-int,TRUE
10.06.2025,class-booking-adm-int,TRUE
11.06.2025,class-booking-adm-int,TRUE
17.06.2025,class-booking-adm-int,TRUE
27.06.2025,class-booking-adm-int,TRUE
23.07.2025,class-booking-adm-int,TRUE
23.07.2025,class-booking-adm-int,TRUE
07.08.2025,class-booking-adm-int,TRUE
11.08.2025,class-booking-adm-int,TRUE
11.08.2025,class-booking-adm-int,TRUE
19.08.2025,class-booking-adm-int,TRUE
21.08.2025,class-booking-adm-int,TRUE
21.08.2025,class-booking-adm-int,TRUE
25.08.2025,class-booking-adm-int,TRUE
01.09.2025,class-booking-adm-int,TRUE
01.09.2025,class-booking-adm-int,TRUE
03.09.2025,class-booking-adm-int,TRUE
16.09.2025,class-booking-adm-int,TRUE
22.09.2025,class-booking-adm-int,TRUE
23.09.2025,class-booking-adm-int,TRUE
01.10.2025,class-booking-adm-int,TRUE
06.10.2025,class-booking-adm-int,TRUE
16.10.2025,class-booking-adm-int,TRUE
12.11.2025,class-booking-adm-int,TRUE
14.11.2025,class-booking-adm-int,TRUE
17.11.2025,class-booking-adm-int,TRUE
26.11.2025,class-booking-adm-int,TRUE
26.11.2025,class-booking-adm-int,FALSE
27.11.2025,class-booking-adm-int,TRUE
15.12.2025,class-booking-adm-int,TRUE
18.12.2025,class-booking-adm-int,TRUE
12.01.2026,class-booking-adm-int,TRUE
22.01.2026,class-booking-adm-int,TRUE
28.01.2026,class-booking-adm-int,TRUE
09.02.2026,class-booking-adm-int,TRUE
09.02.2026,class-booking-adm-int,TRUE
10.02.2026,class-booking-adm-int,TRUE
17.02.2026,class-booking-adm-int,TRUE
19.02.2026,class-booking-adm-int,TRUE
24.02.2026,class-booking-adm-int,TRUE
03.03.2026,class-booking-adm-int,TRUE
05.03.2026,class-booking-adm-int,TRUE
06.03.2026,class-booking-adm-int,TRUE
12.03.2026,class-booking-adm-int,TRUE
16.03.2026,class-booking-adm-int,TRUE
17.03.2026,class-booking-adm-int,TRUE
18.03.2026,class-booking-adm-int,TRUE
23.03.2026,class-booking-adm-int,TRUE
31.03.2026,class-booking-adm-int,TRUE
01.04.2026,class-booking-adm-int,TRUE
08.04.2026,class-booking-adm-int,TRUE
13.04.2026,class-booking-adm-int,TRUE
15.04.2026,class-booking-adm-int,TRUE
21.04.2026,class-booking-adm-int,TRUE
04.05.2026,class-booking-adm-int,TRUE
08.05.2026,class-booking-adm-int,TRUE
11.05.2026,class-booking-adm-int,TRUE
13.05.2026,class-booking-adm-int,TRUE
21.05.2026,class-booking-adm-int,TRUE
22.05.2026,class-booking-adm-int,TRUE
29.05.2026,class-booking-adm-int,TRUE
29.05.2026,class-booking-adm-int,TRUE
29.05.2026,class-booking-adm-int,TRUE
16.06.2026,class-booking-adm-int,TRUE
18.06.2026,class-booking-adm-int,TRUE
19.06.2026,class-booking-adm-int,TRUE
01.07.2026,class-booking-adm-int,TRUE
07.07.2026,class-booking-adm-int,TRUE
22.07.2026,class-booking-adm-int,TRUE
28.07.2026,class-booking-adm-int,TRUE
30.07.2026,class-booking-adm-int,TRUE
04.08.2026,class-booking-adm-int,TRUE
04.08.2026,class-booking-adm-int,TRUE
10.08.2026,class-booking-adm-int,TRUE
12.08.2026,class-booking-adm-int,TRUE
13.08.2026,class-booking-adm-int,TRUE
14.08.2026,class-booking-adm-int,TRUE
18.08.2026,class-booking-adm-int,TRUE
02.01.2024,class-booking-backend,TRUE
02.01.2024,class-booking-backend,TRUE
04.01.2024,class-booking-backend,TRUE
05.01.2024,class-booking-backend,TRUE
22.01.2024,class-booking-backend,TRUE
31.01.2024,class-booking-backend,TRUE
31.01.2024,class-booking-backend,TRUE
02.02.2024,class-booking-backend,TRUE
12.02.2024,class-booking-backend,TRUE
15.02.2024,class-booking-backend,TRUE
15.02.2024,class-booking-backend,TRUE
26.02.2024,class-booking-backend,TRUE
19.03.2024,class-booking-backend,TRUE
20.03.2024,class-booking-backend,TRUE
27.03.2024,class-booking-backend,TRUE
08.04.2024,class-booking-backend,TRUE
09.04.2024,class-booking-backend,TRUE
10.04.2024,class-booking-backend,TRUE
25.04.2024,class-booking-backend,TRUE
29.05.2024,class-booking-backend,TRUE
10.06.2024,class-booking-backend,TRUE
13.06.2024,class-booking-backend,TRUE
17.06.2024,class-booking-backend,TRUE
18.06.2024,class-booking-backend,TRUE
18.06.2024,class-booking-backend,FALSE
20.06.2024,class-booking-backend,TRUE
02.07.2024,class-booking-backend,TRUE
02.07.2024,class-booking-backend,TRUE
02.07.2024,class-booking-backend,TRUE
04.07.2024,class-booking-backend,TRUE
08.07.2024,class-booking-backend,TRUE
10.07.2024,class-booking-backend,TRUE
23.07.2024,class-booking-backend,TRUE
25.07.2024,class-booking-backend,TRUE
26.07.2024,class-booking-backend,TRUE
30.07.2024,class-booking-backend,TRUE
02.08.2024,class-booking-backend,TRUE
05.08.2024,class-booking-backend,TRUE
06.08.2024,class-booking-backend,TRUE
08.08.2024,class-booking-backend,TRUE
13.08.2024,class-booking-backend,TRUE
13.08.2024,class-booking-backend,TRUE
13.08.2024,class-booking-backend,TRUE
20.08.2024,class-booking-backend,TRUE
28.08.2024,class-booking-backend,TRUE
04.09.2024,class-booking-backend,TRUE
05.09.2024,class-booking-backend,TRUE
05.09.2024,class-booking-backend,TRUE
13.09.2024,class-booking-backend,TRUE
19.09.2024,class-booking-backend,TRUE
16.10.2024,class-booking-backend,TRUE
16.10.2024,class-booking-backend,TRUE
16.10.2024,class-booking-backend,TRUE
23.10.2024,class-booking-backend,TRUE
30.10.2024,class-booking-backend,TRUE
05.11.2024,class-booking-backend,TRUE
12.11.2024,class-booking-backend,TRUE
12.11.2024,class-booking-backend,TRUE
13.11.2024,class-booking-backend,TRUE
15.11.2024,class-booking-backend,TRUE
15.11.2024,class-booking-backend,TRUE
20.11.2024,class-booking-backend,TRUE
21.11.2024,class-booking-backend,TRUE
22.11.2024,class-booking-backend,TRUE
29.11.2024,class-booking-backend,TRUE
09.12.2024,class-booking-backend,TRUE
10.12.2024,class-booking-backend,TRUE
16.12.2024,class-booking-backend,TRUE
20.12.2024,class-booking-backend,TRUE
07.01.2025,class-booking-backend,TRUE
10.01.2025,class-booking-backend,TRUE
10.01.2025,class-booking-backend,FALSE
13.01.2025,class-booking-backend,TRUE
14.01.2025,class-booking-backend,TRUE
17.01.2025,class-booking-backend,TRUE
17.01.2025,class-booking-backend,TRUE
20.01.2025,class-booking-backend,TRUE
28.01.2025,class-booking-backend,TRUE
28.01.2025,class-booking-backend,TRUE
29.01.2025,class-booking-backend,TRUE
03.02.2025,class-booking-backend,TRUE
04.02.2025,class-booking-backend,TRUE
05.02.2025,class-booking-backend,TRUE
11.02.2025,class-booking-backend,TRUE
11.02.2025,class-booking-backend,TRUE
12.02.2025,class-booking-backend,TRUE
12.02.2025,class-booking-backend,TRUE
13.02.2025,class-booking-backend,TRUE
14.02.2025,class-booking-backend,TRUE
18.02.2025,class-booking-backend,TRUE
20.02.2025,class-booking-backend,TRUE
21.02.2025,class-booking-backend,TRUE
27.02.2025,class-booking-backend,TRUE
28.02.2025,class-booking-backend,TRUE
03.03.2025,class-booking-backend,TRUE
04.03.2025,class-booking-backend,FALSE
04.03.2025,class-booking-backend,TRUE
05.03.2025,class-booking-backend,TRUE
05.03.2025,class-booking-backend,TRUE
05.03.2025,class-booking-backend,TRUE
06.03.2025,class-booking-backend,TRUE
11.03.2025,class-booking-backend,TRUE
11.03.2025,class-booking-backend,TRUE
12.03.2025,class-booking-backend,TRUE
12.03.2025,class-booking-backend,TRUE
14.03.2025,class-booking-backend,TRUE
14.03.2025,class-booking-backend,TRUE
19.03.2025,class-booking-backend,TRUE
24.03.2025,class-booking-backend,TRUE
24.03.2025,class-booking-backend,TRUE
25.03.2025,class-booking-backend,TRUE
27.03.2025,class-booking-backend,TRUE
28.03.2025,class-booking-backend,TRUE
31.03.2025,class-booking-backend,TRUE
02.04.2025,class-booking-backend,TRUE
03.04.2025,class-booking-backend,TRUE
04.04.2025,class-booking-backend,TRUE
07.04.2025,class-booking-backend,TRUE
14.04.2025,class-booking-backend,TRUE
14.04.2025,class-booking-backend,TRUE
14.04.2025,class-booking-backend,TRUE
22.04.2025,class-booking-backend,TRUE
24.04.2025,class-booking-backend,TRUE
28.04.2025,class-booking-backend,TRUE
29.04.2025,class-booking-backend,TRUE
29.04.2025,class-booking-backend,TRUE
29.04.2025,class-booking-backend,TRUE
30.04.2025,class-booking-backend,TRUE
02.05.2025,class-booking-backend,TRUE
02.05.2025,class-booking-backend,TRUE
05.05.2025,class-booking-backend,TRUE
06.05.2025,class-booking-backend,TRUE
06.05.2025,class-booking-backend,TRUE
06.05.2025,class-booking-backend,TRUE
07.05.2025,class-booking-backend,FALSE
07.05.2025,class-booking-backend,TRUE
07.05.2025,class-booking-backend,TRUE
08.05.2025,class-booking-backend,TRUE
08.05.2025,class-booking-backend,TRUE
09.05.2025,class-booking-backend,TRUE
12.05.2025,class-booking-backend,TRUE
12.05.2025,class-booking-backend,TRUE
14.05.2025,class-booking-backend,TRUE
16.05.2025,class-booking-backend,TRUE
20.05.2025,class-booking-backend,TRUE
20.05.2025,class-booking-backend,TRUE
23.05.2025,class-booking-backend,TRUE
27.05.2025,class-booking-backend,TRUE
28.05.2025,class-booking-backend,TRUE
10.06.2025,class-booking-backend,TRUE
10.06.2025,class-booking-backend,FALSE
10.06.2025,class-booking-backend,TRUE
11.06.2025,class-booking-backend,TRUE
11.06.2025,class-booking-backend,TRUE
11.06.2025,class-booking-backend,TRUE
12.06.2025,class-booking-backend,TRUE
25.06.2025,class-booking-backend,TRUE
30.06.2025,class-booking-backend,TRUE
04.07.2025,class-booking-backend,TRUE
07.07.2025,class-booking-backend,TRUE
07.07.2025,class-booking-backend,TRUE
08.07.2025,class-booking-backend,TRUE
14.07.2025,class-booking-backend,TRUE
15.07.2025,class-booking-backend,TRUE
16.07.2025,class-booking-backend,TRUE
16.07.2025,class-booking-backend,TRUE
16.07.2025,class-booking-backend,TRUE
17.07.2025,class-booking-backend,TRUE
22.07.2025,class-booking-backend,TRUE
22.07.2025,class-booking-backend,TRUE
22.07.2025,class-booking-backend,TRUE
22.07.2025,class-booking-backend,TRUE
23.07.2025,class-booking-backend,TRUE
23.07.2025,class-booking-backend,TRUE
28.07.2025,class-booking-backend,TRUE
28.07.2025,class-booking-backend,TRUE
28.07.2025,class-booking-backend,TRUE
29.07.2025,class-booking-backend,TRUE
29.07.2025,class-booking-backend,TRUE
30.07.2025,class-booking-backend,TRUE
31.07.2025,class-booking-backend,TRUE
04.08.2025,class-booking-backend,TRUE
04.08.2025,class-booking-backend,TRUE
05.08.2025,class-booking-backend,TRUE
06.08.2025,class-booking-backend,TRUE
07.08.2025,class-booking-backend,TRUE
11.08.2025,class-booking-backend,TRUE
18.08.2025,class-booking-backend,TRUE
19.08.2025,class-booking-backend,TRUE
20.08.2025,class-booking-backend,TRUE
20.08.2025,class-booking-backend,TRUE
21.08.2025,class-booking-backend,TRUE
21.08.2025,class-booking-backend,TRUE
21.08.2025,class-booking-backend,TRUE
25.08.2025,class-booking-backend,TRUE
26.08.2025,class-booking-backend,TRUE
26.08.2025,class-booking-backend,TRUE
27.08.2025,class-booking-backend,TRUE
27.08.2025,class-booking-backend,TRUE
29.08.2025,class-booking-backend,TRUE
01.09.2025,class-booking-backend,TRUE
03.09.2025,class-booking-backend,TRUE
03.09.2025,class-booking-backend,TRUE
04.09.2025,class-booking-backend,TRUE
04.09.2025,class-booking-backend,TRUE
04.09.2025,class-booking-backend,TRUE
05.09.2025,class-booking-backend,TRUE
08.09.2025,class-booking-backend,TRUE
08.09.2025,class-booking-backend,TRUE
10.09.2025,class-booking-backend,TRUE
11.09.2025,class-booking-backend,TRUE
12.09.2025,class-booking-backend,TRUE
17.09.2025,class-booking-backend,TRUE
17.09.2025,class-booking-backend,TRUE
18.09.2025,class-booking-backend,TRUE
19.09.2025,class-booking-backend,TRUE
22.09.2025,class-booking-backend,TRUE
22.09.2025,class-booking-backend,TRUE
22.09.2025,class-booking-backend,TRUE
23.09.2025,class-booking-backend,TRUE
23.09.2025,class-booking-backend,TRUE
23.09.2025,class-booking-backend,TRUE
24.09.2025,class-booking-backend,TRUE
25.09.2025,class-booking-backend,TRUE
29.09.2025,class-booking-backend,TRUE
29.09.2025,class-booking-backend,TRUE
01.10.2025,class-booking-backend,TRUE
01.10.2025,class-booking-backend,TRUE
01.10.2025,class-booking-backend,TRUE
02.10.2025,class-booking-backend,TRUE
02.10.2025,class-booking-backend,TRUE
06.10.2025,class-booking-backend,TRUE
06.10.2025,class-booking-backend,TRUE
07.10.2025,class-booking-backend,TRUE
07.10.2025,class-booking-backend,TRUE
07.10.2025,class-booking-backend,TRUE
08.10.2025,class-booking-backend,TRUE
09.10.2025,class-booking-backend,TRUE
10.10.2025,class-booking-backend,TRUE
13.10.2025,class-booking-backend,TRUE
14.10.2025,class-booking-backend,TRUE
14.10.2025,class-booking-backend,TRUE
15.10.2025,class-booking-backend,TRUE
15.10.2025,class-booking-backend,TRUE
16.10.2025,class-booking-backend,TRUE
16.10.2025,class-booking-backend,TRUE
17.10.2025,class-booking-backend,TRUE
17.10.2025,class-booking-backend,TRUE
21.10.2025,class-booking-backend,TRUE
24.10.2025,class-booking-backend,TRUE
24.10.2025,class-booking-backend,TRUE
27.10.2025,class-booking-backend,TRUE
29.10.2025,class-booking-backend,TRUE
29.10.2025,class-booking-backend,TRUE
03.11.2025,class-booking-backend,TRUE
10.11.2025,class-booking-backend,TRUE
11.11.2025,class-booking-backend,TRUE
12.11.2025,class-booking-backend,TRUE
13.11.2025,class-booking-backend,TRUE
13.11.2025,class-booking-backend,TRUE
21.11.2025,class-booking-backend,TRUE
24.11.2025,class-booking-backend,TRUE
25.11.2025,class-booking-backend,TRUE
26.11.2025,class-booking-backend,TRUE
26.11.2025,class-booking-backend,FALSE
27.11.2025,class-booking-backend,TRUE
27.11.2025,class-booking-backend,TRUE
28.11.2025,class-booking-backend,TRUE
02.12.2025,class-booking-backend,TRUE
03.12.2025,class-booking-backend,TRUE
03.12.2025,class-booking-backend,TRUE
04.12.2025,class-booking-backend,TRUE
08.12.2025,class-booking-backend,TRUE
09.12.2025,class-booking-backend,TRUE
10.12.2025,class-booking-backend,TRUE
10.12.2025,class-booking-backend,TRUE
10.12.2025,class-booking-backend,TRUE
15.12.2025,class-booking-backend,TRUE
15.12.2025,class-booking-backend,TRUE
15.12.2025,class-booking-backend,TRUE
16.12.2025,class-booking-backend,TRUE
18.12.2025,class-booking-backend,TRUE
18.12.2025,class-booking-backend,TRUE
19.12.2025,class-booking-backend,TRUE
19.12.2025,class-booking-backend,TRUE
05.01.2026,class-booking-backend,TRUE
08.01.2026,class-booking-backend,TRUE
14.01.2026,class-booking-backend,TRUE
19.01.2026,class-booking-backend,TRUE
20.01.2026,class-booking-backend,TRUE
21.01.2026,class-booking-backend,TRUE
22.01.2026,class-booking-backend,TRUE
26.01.2026,class-booking-backend,TRUE
26.01.2026,class-booking-backend,TRUE
27.01.2026,class-booking-backend,TRUE
28.01.2026,class-booking-backend,TRUE
28.01.2026,class-booking-backend,TRUE
02.02.2026,class-booking-backend,TRUE
03.02.2026,class-booking-backend,TRUE
04.02.2026,class-booking-backend,TRUE
04.02.2026,class-booking-backend,TRUE
05.02.2026,class-booking-backend,TRUE
09.02.2026,class-booking-backend,TRUE
11.02.2026,class-booking-backend,TRUE
11.02.2026,class-booking-backend,TRUE
12.02.2026,class-booking-backend,TRUE
13.02.2026,class-booking-backend,TRUE
13.02.2026,class-booking-backend,TRUE
17.02.2026,class-booking-backend,TRUE
17.02.2026,class-booking-backend,TRUE
20.02.2026,class-booking-backend,TRUE
23.02.2026,class-booking-backend,TRUE
23.02.2026,class-booking-backend,TRUE
24.02.2026,class-booking-backend,TRUE
25.02.2026,class-booking-backend,TRUE
26.02.2026,class-booking-backend,TRUE
03.03.2026,class-booking-backend,TRUE
04.03.2026,class-booking-backend,TRUE
05.03.2026,class-booking-backend,TRUE
06.03.2026,class-booking-backend,TRUE
06.03.2026,class-booking-backend,FALSE
06.03.2026,class-booking-backend,TRUE
10.03.2026,class-booking-backend,TRUE
11.03.2026,class-booking-backend,TRUE
11.03.2026,class-booking-backend,TRUE
12.03.2026,class-booking-backend,TRUE
13.03.2026,class-booking-backend,FALSE
13.03.2026,class-booking-backend,TRUE
13.03.2026,class-booking-backend,TRUE
16.03.2026,class-booking-backend,TRUE
16.03.2026,class-booking-backend,TRUE
17.03.2026,class-booking-backend,TRUE
17.03.2026,class-booking-backend,TRUE
17.03.2026,class-booking-backend,TRUE
18.03.2026,class-booking-backend,TRUE
18.03.2026,class-booking-backend,TRUE
19.03.2026,class-booking-backend,TRUE
24.03.2026,class-booking-backend,TRUE
01.04.2026,class-booking-backend,TRUE
02.04.2026,class-booking-backend,TRUE
03.04.2026,class-booking-backend,TRUE
03.04.2026,class-booking-backend,TRUE
07.04.2026,class-booking-backend,TRUE
07.04.2026,class-booking-backend,TRUE
08.04.2026,class-booking-backend,TRUE
08.04.2026,class-booking-backend,TRUE
09.04.2026,class-booking-backend,TRUE
09.04.2026,class-booking-backend,TRUE
09.04.2026,class-booking-backend,TRUE
10.04.2026,class-booking-backend,TRUE
13.04.2026,class-booking-backend,TRUE
14.04.2026,class-booking-backend,TRUE
15.04.2026,class-booking-backend,TRUE
15.04.2026,class-booking-backend,TRUE
16.04.2026,class-booking-backend,TRUE
17.04.2026,class-booking-backend,TRUE
20.04.2026,class-booking-backend,TRUE
21.04.2026,class-booking-backend,TRUE
28.04.2026,class-booking-backend,TRUE
28.04.2026,class-booking-backend,TRUE
28.04.2026,class-booking-backend,TRUE
04.05.2026,class-booking-backend,TRUE
04.05.2026,class-booking-backend,FALSE
04.05.2026,class-booking-backend,TRUE
05.05.2026,class-booking-backend,TRUE
05.05.2026,class-booking-backend,TRUE
05.05.2026,class-booking-backend,TRUE
06.05.2026,class-booking-backend,TRUE
06.05.2026,class-booking-backend,TRUE
11.05.2026,class-booking-backend,TRUE
12.05.2026,class-booking-backend,TRUE
12.05.2026,class-booking-backend,TRUE
13.05.2026,class-booking-backend,TRUE
13.05.2026,class-booking-backend,FALSE
15.05.2026,class-booking-backend,TRUE
19.05.2026,class-booking-backend,TRUE
20.05.2026,class-booking-backend,TRUE
20.05.2026,class-booking-backend,TRUE
20.05.2026,class-booking-backend,TRUE
21.05.2026,class-booking-backend,TRUE
21.05.2026,class-booking-backend,TRUE
26.05.2026,class-booking-backend,TRUE
26.05.2026,class-booking-backend,TRUE
26.05.2026,class-booking-backend,TRUE
27.05.2026,class-booking-backend,TRUE
28.05.2026,class-booking-backend,TRUE
28.05.2026,class-booking-backend,TRUE
29.05.2026,class-booking-backend,TRUE
29.05.2026,class-booking-backend,TRUE
29.05.2026,class-booking-backend,TRUE
29.05.2026,class-booking-backend,TRUE
01.06.2026,class-booking-backend,TRUE
02.06.2026,class-booking-backend,TRUE
03.06.2026,class-booking-backend,TRUE
04.06.2026,class-booking-backend,TRUE
04.06.2026,class-booking-backend,TRUE
05.06.2026,class-booking-backend,TRUE
05.06.2026,class-booking-backend,TRUE
08.06.2026,class-booking-backend,TRUE
08.06.2026,class-booking-backend,TRUE
09.06.2026,class-booking-backend,TRUE
09.06.2026,class-booking-backend,TRUE
10.06.2026,class-booking-backend,TRUE
11.06.2026,class-booking-backend,TRUE
11.06.2026,class-booking-backend,TRUE
15.06.2026,class-booking-backend,TRUE
15.06.2026,class-booking-backend,TRUE
15.06.2026,class-booking-backend,TRUE
16.06.2026,class-booking-backend,TRUE
16.06.2026,class-booking-backend,TRUE
16.06.2026,class-booking-backend,TRUE
16.06.2026,class-booking-backend,TRUE
17.06.2026,class-booking-backend,TRUE
19.06.2026,class-booking-backend,TRUE
22.06.2026,class-booking-backend,TRUE
22.06.2026,class-booking-backend,TRUE
23.06.2026,class-booking-backend,TRUE
24.06.2026,class-booking-backend,TRUE
24.06.2026,class-booking-backend,TRUE
24.06.2026,class-booking-backend,TRUE
26.06.2026,class-booking-backend,TRUE
26.06.2026,class-booking-backend,TRUE
29.06.2026,class-booking-backend,TRUE
30.06.2026,class-booking-backend,TRUE
02.07.2026,class-booking-backend,TRUE
06.07.2026,class-booking-backend,TRUE
07.07.2026,class-booking-backend,TRUE
10.07.2026,class-booking-backend,TRUE
14.07.2026,class-booking-backend,TRUE
14.07.2026,class-booking-backend,TRUE
14.07.2026,class-booking-backend,TRUE
15.07.2026,class-booking-backend,TRUE
16.07.2026,class-booking-backend,TRUE
17.07.2026,class-booking-backend,TRUE
20.07.2026,class-booking-backend,TRUE
21.07.2026,class-booking-backend,TRUE
22.07.2026,class-booking-backend,TRUE
22.07.2026,class-booking-backend,TRUE
23.07.2026,class-booking-backend,TRUE
24.07.2026,class-booking-backend,TRUE
27.07.2026,class-booking-backend,TRUE
28.07.2026,class-booking-backend,TRUE
30.07.2026,class-booking-backend,TRUE
03.08.2026,class-booking-backend,TRUE
04.08.2026,class-booking-backend,TRUE
05.08.2026,class-booking-backend,TRUE
05.08.2026,class-booking-backend,TRUE
06.08.2026,class-booking-backend,TRUE
06.08.2026,class-booking-backend,TRUE
10.08.2026,class-booking-backend,TRUE
11.08.2026,class-booking-backend,TRUE
12.08.2026,class-booking-backend,TRUE
12.08.2026,class-booking-backend,TRUE
13.08.2026,class-booking-backend,TRUE
13.08.2026,class-booking-backend,TRUE
13.08.2026,class-booking-backend,TRUE
19.08.2026,class-booking-backend,TRUE
21.08.2026,class-booking-backend,TRUE
21.08.2026,class-booking-backend,TRUE
24.08.2026,class-booking-backend,TRUE
24.08.2026,class-booking-backend,TRUE
25.08.2026,class-booking-backend,TRUE
27.08.2026,class-booking-backend,TRUE
28.08.2026,class-booking-backend,TRUE
24.06.2024,cloud-sql-pitr-tester,TRUE
16.07.2024,cloud-sql-pitr-tester,TRUE
31.12.2024,cloud-sql-pitr-tester,TRUE
09.04.2025,cloud-sql-pitr-tester,TRUE
16.07.2025,cloud-sql-pitr-tester,TRUE
24.11.2025,cloud-sql-pitr-tester,TRUE
31.12.2025,cloud-sql-pitr-tester,TRUE
07.01.2026,cloud-sql-pitr-tester,TRUE
13.01.2026,cloud-sql-pitr-tester,TRUE
16.01.2026,cloud-sql-pitr-tester,TRUE
16.01.2026,cloud-sql-pitr-tester,TRUE
27.01.2026,cloud-sql-pitr-tester,TRUE
02.02.2026,cloud-sql-pitr-tester,TRUE
03.02.2026,cloud-sql-pitr-tester,TRUE
25.02.2026,cloud-sql-pitr-tester,TRUE
27.02.2026,cloud-sql-pitr-tester,TRUE
04.03.2026,cloud-sql-pitr-tester,TRUE
05.03.2026,cloud-sql-pitr-tester,TRUE
05.03.2026,cloud-sql-pitr-tester,TRUE
06.03.2026,cloud-sql-pitr-tester,TRUE
12.03.2026,cloud-sql-pitr-tester,TRUE
12.03.2026,cloud-sql-pitr-tester,TRUE
01.04.2026,cloud-sql-pitr-tester,TRUE
28.04.2026,cloud-sql-pitr-tester,TRUE
29.04.2026,cloud-sql-pitr-tester,TRUE
06.05.2026,cloud-sql-pitr-tester,TRUE
06.05.2026,cloud-sql-pitr-tester,TRUE
12.05.2026,cloud-sql-pitr-tester,TRUE
13.05.2026,cloud-sql-pitr-tester,TRUE
01.06.2026,cloud-sql-pitr-tester,TRUE
01.06.2026,cloud-sql-pitr-tester,TRUE
02.06.2026,cloud-sql-pitr-tester,TRUE
04.06.2026,cloud-sql-pitr-tester,TRUE
30.06.2026,cloud-sql-pitr-tester,TRUE
30.06.2026,cloud-sql-pitr-tester,TRUE
30.06.2026,cloud-sql-pitr-tester,TRUE
27.07.2026,cloud-sql-pitr-tester,TRUE
19.08.2026,cloud-sql-pitr-tester,TRUE
08.07.2024,club-portal,TRUE
08.07.2024,club-portal,TRUE
24.07.2024,club-portal,TRUE
29.07.2024,club-portal,TRUE
02.08.2024,club-portal,TRUE
02.08.2024,club-portal,TRUE
07.08.2024,club-portal,TRUE
07.08.2024,club-portal,TRUE
05.09.2024,club-portal,TRUE
05.09.2024,club-portal,TRUE
10.09.2024,club-portal,TRUE
10.09.2024,club-portal,TRUE
16.09.2024,club-portal,TRUE
16.09.2024,club-portal,TRUE
23.09.2024,club-portal,TRUE
23.09.2024,club-portal,TRUE
23.09.2024,club-portal,TRUE
23.09.2024,club-portal,TRUE
26.09.2024,club-portal,TRUE
26.09.2024,club-portal,TRUE
02.10.2024,club-portal,TRUE
02.10.2024,club-portal,TRUE
30.10.2024,club-portal,TRUE
30.10.2024,club-portal,TRUE
05.05.2025,club-portal,TRUE
05.05.2025,club-portal,TRUE
06.05.2025,club-portal,TRUE
06.05.2025,club-portal,TRUE
12.05.2025,club-portal,TRUE
12.05.2025,club-portal,TRUE
05.06.2025,club-portal,TRUE
05.06.2025,club-portal,TRUE
17.06.2025,club-portal,TRUE
17.06.2025,club-portal,TRUE
18.06.2025,club-portal,TRUE
18.06.2025,club-portal,TRUE
24.06.2025,club-portal,TRUE
24.06.2025,club-portal,TRUE
24.06.2025,club-portal,TRUE
24.06.2025,club-portal,TRUE
15.07.2025,club-portal,TRUE
15.07.2025,club-portal,TRUE
18.07.2025,club-portal,TRUE
18.07.2025,club-portal,TRUE
21.07.2025,club-portal,TRUE
21.07.2025,club-portal,TRUE
22.07.2025,club-portal,TRUE
22.07.2025,club-portal,TRUE
31.07.2025,club-portal,TRUE
04.08.2025,club-portal,TRUE
04.08.2025,club-portal,TRUE
07.08.2025,club-portal,TRUE
07.08.2025,club-portal,TRUE
20.08.2025,club-portal,TRUE
20.08.2025,club-portal,TRUE
26.08.2025,club-portal,TRUE
26.08.2025,club-portal,TRUE
18.09.2025,club-portal,TRUE
18.09.2025,club-portal,TRUE
26.11.2025,club-portal,TRUE
03.12.2025,club-portal,TRUE
19.01.2026,club-portal,TRUE
20.01.2026,club-portal,TRUE
26.01.2026,club-portal,TRUE
05.01.2024,cluster-autoscaler,TRUE
05.11.2024,cluster-autoscaler,TRUE
06.02.2025,co-gcp-backup,TRUE
06.02.2025,co-gcp-backup,TRUE
06.02.2025,co-gcp-backup,TRUE
07.02.2025,co-gcp-backup,TRUE
07.02.2025,co-gcp-backup,TRUE
07.02.2025,co-gcp-backup,TRUE
22.05.2025,co-gcp-backup,TRUE
22.05.2025,co-gcp-backup,TRUE
22.05.2025,co-gcp-backup,TRUE
22.05.2025,co-gcp-backup,TRUE
22.05.2025,co-gcp-backup,TRUE
22.05.2025,co-gcp-backup,TRUE
22.05.2025,co-gcp-backup,TRUE
22.05.2025,co-gcp-backup,TRUE
23.05.2025,co-gcp-backup,FALSE
23.05.2025,co-gcp-backup,TRUE
23.05.2025,co-gcp-backup,TRUE
23.05.2025,co-gcp-backup,TRUE
03.06.2025,co-gcp-backup,TRUE
03.06.2025,co-gcp-backup,TRUE
03.06.2025,co-gcp-backup,TRUE
03.06.2025,co-gcp-backup,TRUE
09.10.2025,co-gcp-backup,TRUE
09.10.2025,co-gcp-backup,TRUE
09.10.2025,co-gcp-backup,TRUE
11.03.2026,conversation-ml,TRUE
30.03.2026,conversation-ml,TRUE
10.04.2026,conversation-ml,TRUE
13.04.2026,conversation-ml,TRUE
16.04.2026,conversation-ml,TRUE
27.04.2026,conversation-ml,TRUE
29.04.2026,conversation-ml,TRUE
04.06.2026,conversation-ml,TRUE
15.06.2026,conversation-ml,TRUE
15.06.2026,conversation-ml,TRUE
15.06.2026,conversation-ml,TRUE
17.06.2026,conversation-ml,TRUE
18.06.2026,conversation-ml,TRUE
29.06.2026,conversation-ml,TRUE
30.06.2026,conversation-ml,TRUE
03.08.2026,conversation-ml,TRUE
17.08.2026,conversation-ml,TRUE
20.08.2026,conversation-ml,TRUE
24.08.2026,conversation-ml,TRUE
27.08.2026,conversation-ml,TRUE
31.01.2024,course-service,TRUE
12.04.2024,course-service,TRUE
11.09.2024,course-service,TRUE
21.10.2024,course-service,TRUE
23.10.2024,course-service,TRUE
07.03.2025,course-service,TRUE
07.03.2025,course-service,TRUE
07.03.2025,course-service,TRUE
07.03.2025,course-service,TRUE
07.03.2025,course-service,TRUE
27.03.2025,course-service,TRUE
03.04.2025,course-service,TRUE
25.06.2025,course-service,TRUE
23.07.2025,course-service,TRUE
23.09.2025,course-service,TRUE
29.10.2025,course-service,TRUE
29.10.2025,course-service,TRUE
13.01.2026,course-service,TRUE
13.01.2026,course-service,TRUE
16.02.2026,course-service,TRUE
25.02.2026,course-service,TRUE
25.02.2026,course-service,TRUE
26.02.2026,course-service,TRUE
18.03.2026,course-service,TRUE
14.04.2026,course-service,TRUE
21.05.2026,course-service,TRUE
21.05.2026,course-service,TRUE
21.05.2026,course-service,TRUE
21.05.2026,course-service,TRUE
21.05.2026,course-service,TRUE
22.05.2026,course-service,TRUE
09.07.2026,course-service,TRUE
31.08.2026,course-service,TRUE
02.01.2024,device-config,TRUE
17.01.2024,device-config,TRUE
24.01.2024,device-config,TRUE
29.01.2024,device-config,TRUE
29.01.2024,device-config,TRUE
28.02.2024,device-config,TRUE
28.02.2024,device-config,TRUE
07.03.2024,device-config,TRUE
02.04.2024,device-config,TRUE
08.04.2024,device-config,TRUE
09.04.2024,device-config,TRUE
10.04.2024,device-config,TRUE
12.04.2024,device-config,TRUE
12.04.2024,device-config,TRUE
16.04.2024,device-config,TRUE
26.04.2024,device-config,TRUE
26.04.2024,device-config,TRUE
06.05.2024,device-config,TRUE
29.05.2024,device-config,TRUE
05.06.2024,device-config,TRUE
10.06.2024,device-config,TRUE
21.06.2024,device-config,TRUE
28.06.2024,device-config,TRUE
28.06.2024,device-config,TRUE
03.07.2024,device-config,TRUE
17.07.2024,device-config,TRUE
25.07.2024,device-config,TRUE
05.09.2024,device-config,TRUE
12.09.2024,device-config,TRUE
12.09.2024,device-config,TRUE
17.09.2024,device-config,TRUE
24.09.2024,device-config,TRUE
26.09.2024,device-config,TRUE
01.10.2024,device-config,TRUE
09.10.2024,device-config,TRUE
22.10.2024,device-config,TRUE
12.11.2024,device-config,TRUE
12.11.2024,device-config,TRUE
26.11.2024,device-config,TRUE
11.12.2024,device-config,TRUE
18.12.2024,device-config,TRUE
18.12.2024,device-config,TRUE
19.12.2024,device-config,TRUE
08.01.2025,device-config,TRUE
13.01.2025,device-config,TRUE
17.01.2025,device-config,TRUE
27.01.2025,device-config,TRUE
28.01.2025,device-config,TRUE
29.01.2025,device-config,TRUE
29.01.2025,device-config,TRUE
03.02.2025,device-config,TRUE
13.02.2025,device-config,TRUE
26.02.2025,device-config,TRUE
20.03.2025,device-config,TRUE
25.03.2025,device-config,TRUE
03.04.2025,device-config,TRUE
08.04.2025,device-config,TRUE
09.04.2025,device-config,TRUE
14.04.2025,device-config,TRUE
29.04.2025,device-config,TRUE
07.05.2025,device-config,TRUE
12.06.2025,device-config,TRUE
17.06.2025,device-config,TRUE
17.06.2025,device-config,TRUE
26.06.2025,device-config,TRUE
04.07.2025,device-config,TRUE
08.07.2025,device-config,TRUE
09.07.2025,device-config,TRUE
15.07.2025,device-config,TRUE
17.07.2025,device-config,TRUE
18.07.2025,device-config,TRUE
23.07.2025,device-config,TRUE
29.07.2025,device-config,TRUE
30.07.2025,device-config,TRUE
31.07.2025,device-config,TRUE
04.08.2025,device-config,TRUE
07.08.2025,device-config,TRUE
07.08.2025,device-config,TRUE
11.08.2025,device-config,TRUE
14.08.2025,device-config,TRUE
14.08.2025,device-config,TRUE
19.08.2025,device-config,TRUE
20.08.2025,device-config,TRUE
25.08.2025,device-config,TRUE
03.09.2025,device-config,TRUE
04.09.2025,device-config,TRUE
04.09.2025,device-config,TRUE
12.09.2025,device-config,TRUE
12.09.2025,device-config,TRUE
12.09.2025,device-config,TRUE
12.09.2025,device-config,FALSE
12.09.2025,device-config,TRUE
16.09.2025,device-config,TRUE
16.09.2025,device-config,TRUE
16.09.2025,device-config,TRUE
19.09.2025,device-config,TRUE
22.09.2025,device-config,TRUE
29.09.2025,device-config,TRUE
30.09.2025,device-config,TRUE
30.09.2025,device-config,TRUE
07.10.2025,device-config,TRUE
09.10.2025,device-config,TRUE
09.10.2025,device-config,TRUE
10.10.2025,device-config,TRUE
14.10.2025,device-config,TRUE
14.10.2025,device-config,TRUE
14.10.2025,device-config,TRUE
16.10.2025,device-config,TRUE
17.10.2025,device-config,TRUE
21.10.2025,device-config,TRUE
27.10.2025,device-config,TRUE
28.10.2025,device-config,TRUE
29.10.2025,device-config,TRUE
05.11.2025,device-config,TRUE
11.11.2025,device-config,TRUE
13.11.2025,device-config,TRUE
18.11.2025,device-config,TRUE
18.11.2025,device-config,TRUE
20.11.2025,device-config,TRUE
05.12.2025,device-config,TRUE
16.12.2025,device-config,TRUE
16.12.2025,device-config,TRUE
19.12.2025,device-config,TRUE
24.12.2025,device-config,TRUE
24.12.2025,device-config,FALSE
23.01.2026,device-config,TRUE
23.01.2026,device-config,TRUE
26.01.2026,device-config,TRUE
28.01.2026,device-config,TRUE
03.02.2026,device-config,TRUE
04.02.2026,device-config,TRUE
05.02.2026,device-config,TRUE
17.02.2026,device-config,TRUE
24.02.2026,device-config,TRUE
26.02.2026,device-config,TRUE
26.02.2026,device-config,TRUE
26.02.2026,device-config,TRUE
27.02.2026,device-config,TRUE
27.02.2026,device-config,TRUE
27.02.2026,device-config,TRUE
04.03.2026,device-config,TRUE
04.03.2026,device-config,FALSE
12.03.2026,device-config,TRUE
12.03.2026,device-config,FALSE
13.03.2026,device-config,TRUE
13.03.2026,device-config,TRUE
13.03.2026,device-config,TRUE
16.03.2026,device-config,TRUE
16.03.2026,device-config,TRUE
17.03.2026,device-config,TRUE
18.03.2026,device-config,TRUE
19.03.2026,device-config,TRUE
19.03.2026,device-config,TRUE
19.03.2026,device-config,TRUE
20.03.2026,device-config,TRUE
01.04.2026,device-config,TRUE
08.04.2026,device-config,TRUE
15.04.2026,device-config,TRUE
15.04.2026,device-config,TRUE
16.04.2026,device-config,TRUE
16.04.2026,device-config,TRUE
20.04.2026,device-config,TRUE
30.04.2026,device-config,TRUE
06.05.2026,device-config,TRUE
07.05.2026,device-config,TRUE
08.05.2026,device-config,TRUE
13.05.2026,device-config,TRUE
13.05.2026,device-config,TRUE
28.05.2026,device-config,TRUE
28.05.2026,device-config,FALSE
02.06.2026,device-config,TRUE
02.06.2026,device-config,TRUE
11.06.2026,device-config,TRUE
15.06.2026,device-config,TRUE
16.06.2026,device-config,TRUE
17.06.2026,device-config,TRUE
18.06.2026,device-config,TRUE
19.06.2026,device-config,TRUE
22.06.2026,device-config,TRUE
25.06.2026,device-config,TRUE
25.06.2026,device-config,TRUE
06.07.2026,device-config,TRUE
10.07.2026,device-config,TRUE
14.07.2026,device-config,TRUE
15.07.2026,device-config,TRUE
17.07.2026,device-config,TRUE
21.07.2026,device-config,TRUE
28.07.2026,device-config,TRUE
04.08.2026,device-config,TRUE
06.08.2026,device-config,TRUE
11.08.2026,device-config,TRUE
25.08.2026,device-config,TRUE
28.08.2026,device-config,TRUE
03.01.2024,device-gateway,TRUE
03.01.2024,device-gateway,TRUE
08.01.2024,device-gateway,TRUE
10.01.2024,device-gateway,TRUE
11.01.2024,device-gateway,TRUE
19.01.2024,device-gateway,TRUE
23.01.2024,device-gateway,TRUE
02.02.2024,device-gateway,TRUE
15.02.2024,device-gateway,TRUE
29.02.2024,device-gateway,TRUE
29.02.2024,device-gateway,TRUE
01.03.2024,device-gateway,TRUE
05.03.2024,device-gateway,TRUE
07.03.2024,device-gateway,TRUE
12.03.2024,device-gateway,TRUE
12.03.2024,device-gateway,TRUE
12.03.2024,device-gateway,TRUE
19.03.2024,device-gateway,TRUE
20.03.2024,device-gateway,TRUE
02.04.2024,device-gateway,TRUE
02.04.2024,device-gateway,TRUE
03.04.2024,device-gateway,TRUE
05.04.2024,device-gateway,TRUE
10.04.2024,device-gateway,TRUE
11.04.2024,device-gateway,TRUE
11.04.2024,device-gateway,TRUE
19.04.2024,device-gateway,TRUE
23.04.2024,device-gateway,TRUE
26.04.2024,device-gateway,TRUE
02.05.2024,device-gateway,TRUE
07.05.2024,device-gateway,TRUE
08.05.2024,device-gateway,TRUE
10.05.2024,device-gateway,TRUE
10.05.2024,device-gateway,TRUE
15.05.2024,device-gateway,TRUE
22.05.2024,device-gateway,TRUE
29.05.2024,device-gateway,TRUE
29.05.2024,device-gateway,TRUE
06.06.2024,device-gateway,TRUE
06.06.2024,device-gateway,TRUE
10.06.2024,device-gateway,TRUE
11.06.2024,device-gateway,TRUE
19.06.2024,device-gateway,TRUE
21.06.2024,device-gateway,TRUE
08.07.2024,device-gateway,TRUE
09.07.2024,device-gateway,TRUE
08.08.2024,device-gateway,TRUE
05.09.2024,device-gateway,TRUE
30.09.2024,device-gateway,TRUE
22.10.2024,device-gateway,TRUE
05.11.2024,device-gateway,TRUE
12.11.2024,device-gateway,TRUE
13.11.2024,device-gateway,TRUE
21.11.2024,device-gateway,TRUE
11.12.2024,device-gateway,TRUE
17.12.2024,device-gateway,TRUE
15.01.2025,device-gateway,TRUE
27.01.2025,device-gateway,TRUE
20.02.2025,device-gateway,TRUE
25.02.2025,device-gateway,TRUE
05.03.2025,device-gateway,TRUE
11.03.2025,device-gateway,TRUE
19.03.2025,device-gateway,TRUE
24.03.2025,device-gateway,TRUE
23.04.2025,device-gateway,TRUE
05.05.2025,device-gateway,TRUE
12.05.2025,device-gateway,TRUE
22.05.2025,device-gateway,TRUE
28.05.2025,device-gateway,TRUE
28.05.2025,device-gateway,TRUE
28.05.2025,device-gateway,TRUE
03.06.2025,device-gateway,TRUE
12.06.2025,device-gateway,TRUE
01.07.2025,device-gateway,TRUE
03.07.2025,device-gateway,TRUE
14.07.2025,device-gateway,TRUE
17.07.2025,device-gateway,TRUE
21.07.2025,device-gateway,TRUE
06.08.2025,device-gateway,TRUE
13.08.2025,device-gateway,TRUE
19.08.2025,device-gateway,TRUE
20.08.2025,device-gateway,TRUE
27.08.2025,device-gateway,TRUE
27.08.2025,device-gateway,TRUE
01.09.2025,device-gateway,TRUE
11.09.2025,device-gateway,TRUE
19.09.2025,device-gateway,TRUE
22.09.2025,device-gateway,TRUE
01.10.2025,device-gateway,TRUE
13.11.2025,device-gateway,TRUE
21.11.2025,device-gateway,TRUE
24.11.2025,device-gateway,TRUE
24.11.2025,device-gateway,TRUE
26.11.2025,device-gateway,TRUE
27.11.2025,device-gateway,TRUE
10.12.2025,device-gateway,TRUE
12.12.2025,device-gateway,TRUE
15.12.2025,device-gateway,TRUE
08.01.2026,device-gateway,TRUE
12.01.2026,device-gateway,TRUE
13.01.2026,device-gateway,TRUE
15.01.2026,device-gateway,TRUE
21.01.2026,device-gateway,TRUE
21.01.2026,device-gateway,TRUE
28.01.2026,device-gateway,TRUE
29.01.2026,device-gateway,TRUE
02.02.2026,device-gateway,TRUE
12.02.2026,device-gateway,TRUE
17.02.2026,device-gateway,TRUE
24.02.2026,device-gateway,TRUE
27.02.2026,device-gateway,TRUE
04.03.2026,device-gateway,TRUE
04.03.2026,device-gateway,TRUE
09.03.2026,device-gateway,TRUE
10.03.2026,device-gateway,TRUE
10.03.2026,device-gateway,TRUE
13.03.2026,device-gateway,TRUE
18.03.2026,device-gateway,TRUE
25.03.2026,device-gateway,TRUE
26.03.2026,device-gateway,TRUE
30.03.2026,device-gateway,TRUE
31.03.2026,device-gateway,TRUE
10.04.2026,device-gateway,TRUE
14.04.2026,device-gateway,TRUE
15.04.2026,device-gateway,TRUE
17.04.2026,device-gateway,TRUE
20.04.2026,device-gateway,TRUE
21.04.2026,device-gateway,TRUE
23.04.2026,device-gateway,TRUE
23.04.2026,device-gateway,TRUE
29.04.2026,device-gateway,TRUE
15.05.2026,device-gateway,TRUE
20.05.2026,device-gateway,TRUE
29.05.2026,device-gateway,TRUE
01.06.2026,device-gateway,TRUE
02.06.2026,device-gateway,TRUE
05.06.2026,device-gateway,TRUE
17.06.2026,device-gateway,TRUE
18.06.2026,device-gateway,TRUE
30.06.2026,device-gateway,TRUE
02.07.2026,device-gateway,TRUE
02.07.2026,device-gateway,TRUE
08.07.2026,device-gateway,TRUE
09.07.2026,device-gateway,TRUE
14.07.2026,device-gateway,TRUE
16.07.2026,device-gateway,TRUE
20.07.2026,device-gateway,TRUE
24.07.2026,device-gateway,TRUE
24.07.2026,device-gateway,TRUE
28.07.2026,device-gateway,TRUE
29.07.2026,device-gateway,TRUE
29.07.2026,device-gateway,TRUE
31.07.2026,device-gateway,TRUE
03.08.2026,device-gateway,TRUE
04.08.2026,device-gateway,TRUE
13.08.2026,device-gateway,TRUE
14.08.2026,device-gateway,TRUE
21.08.2026,device-gateway,TRUE
21.08.2026,device-gateway,TRUE
28.08.2026,device-gateway,TRUE
02.01.2024,device-support-center,TRUE
10.01.2024,device-support-center,TRUE
30.01.2024,device-support-center,TRUE
07.02.2024,device-support-center,TRUE
13.02.2024,device-support-center,TRUE
16.02.2024,device-support-center,TRUE
19.02.2024,device-support-center,TRUE
04.03.2024,device-support-center,TRUE
11.03.2024,device-support-center,TRUE
08.04.2024,device-support-center,TRUE
05.06.2024,device-support-center,TRUE
10.06.2024,device-support-center,TRUE
14.06.2024,device-support-center,TRUE
14.06.2024,device-support-center,TRUE
21.06.2024,device-support-center,TRUE
09.07.2024,device-support-center,TRUE
23.07.2024,device-support-center,TRUE
07.08.2024,device-support-center,TRUE
07.08.2024,device-support-center,TRUE
14.08.2024,device-support-center,TRUE
02.10.2024,device-support-center,TRUE
11.10.2024,device-support-center,TRUE
24.10.2024,device-support-center,TRUE
05.11.2024,device-support-center,TRUE
08.11.2024,device-support-center,TRUE
08.11.2024,device-support-center,TRUE
08.11.2024,device-support-center,TRUE
08.11.2024,device-support-center,TRUE
25.11.2024,device-support-center,TRUE
25.11.2024,device-support-center,TRUE
12.12.2024,device-support-center,TRUE
16.12.2024,device-support-center,TRUE
19.12.2024,device-support-center,TRUE
23.12.2024,device-support-center,TRUE
23.12.2024,device-support-center,TRUE
30.12.2024,device-support-center,TRUE
03.01.2025,device-support-center,TRUE
20.01.2025,device-support-center,TRUE
12.02.2025,device-support-center,TRUE
14.02.2025,device-support-center,TRUE
19.02.2025,device-support-center,TRUE
19.02.2025,device-support-center,TRUE
05.03.2025,device-support-center,TRUE
19.03.2025,device-support-center,TRUE
28.03.2025,device-support-center,TRUE
12.05.2025,device-support-center,TRUE
13.05.2025,device-support-center,TRUE
19.05.2025,device-support-center,TRUE
02.06.2025,device-support-center,TRUE
01.08.2025,device-support-center,TRUE
20.08.2025,device-support-center,TRUE
25.08.2025,device-support-center,TRUE
04.09.2025,device-support-center,TRUE
21.10.2025,device-support-center,TRUE
17.12.2025,device-support-center,TRUE
20.01.2026,device-support-center,TRUE
23.01.2026,device-support-center,TRUE
23.01.2026,device-support-center,TRUE
27.01.2026,device-support-center,TRUE
30.01.2026,device-support-center,TRUE
09.02.2026,device-support-center,TRUE
09.02.2026,device-support-center,TRUE
11.02.2026,device-support-center,TRUE
19.02.2026,device-support-center,TRUE
26.02.2026,device-support-center,TRUE
23.04.2026,device-support-center,TRUE
20.05.2026,device-support-center,TRUE
20.05.2026,device-support-center,TRUE
21.05.2026,device-support-center,TRUE
26.05.2026,device-support-center,TRUE
27.05.2026,device-support-center,TRUE
27.05.2026,device-support-center,TRUE
28.05.2026,device-support-center,TRUE
01.06.2026,device-support-center,TRUE
17.06.2026,device-support-center,TRUE
18.06.2026,device-support-center,TRUE
19.06.2026,device-support-center,TRUE
19.06.2026,device-support-center,TRUE
19.06.2026,device-support-center,TRUE
22.06.2026,device-support-center,TRUE
22.06.2026,device-support-center,TRUE
29.06.2026,device-support-center,TRUE
23.07.2026,device-support-center,TRUE
27.07.2026,device-support-center,TRUE
27.07.2026,device-support-center,TRUE
04.08.2026,device-support-center,TRUE
05.08.2026,device-support-center,TRUE
24.04.2024,distributor-adm-int,TRUE
03.05.2024,distributor-adm-int,TRUE
03.05.2024,distributor-adm-int,TRUE
25.01.2024,easyclass-backend,TRUE
08.05.2024,easyclass-backend,TRUE
22.05.2024,easyclass-backend,TRUE
29.05.2024,easyclass-backend,TRUE
03.06.2024,easyclass-backend,TRUE
10.06.2024,easyclass-backend,TRUE
18.07.2024,easyclass-backend,TRUE
19.07.2024,easyclass-backend,TRUE
09.09.2024,easyclass-backend,TRUE
23.09.2024,easyclass-backend,TRUE
08.10.2024,easyclass-backend,TRUE
20.05.2025,easyclass-backend,TRUE
20.05.2025,easyclass-backend,TRUE
12.06.2025,easyclass-backend,TRUE
19.08.2025,easyclass-backend,TRUE
22.09.2025,easyclass-backend,TRUE
20.11.2025,easyclass-backend,TRUE
22.12.2025,easyclass-backend,TRUE
25.02.2026,easyclass-backend,TRUE
26.02.2026,easyclass-backend,TRUE
02.03.2026,easyclass-backend,TRUE
03.03.2026,easyclass-backend,TRUE
03.03.2026,easyclass-backend,TRUE
06.03.2026,easyclass-backend,TRUE
14.04.2026,easyclass-backend,TRUE
16.04.2026,easyclass-backend,TRUE
28.04.2026,easyclass-backend,TRUE
29.04.2026,easyclass-backend,TRUE
29.04.2026,easyclass-backend,TRUE
04.05.2026,easyclass-backend,TRUE
02.06.2026,easyclass-backend,TRUE
02.06.2026,easyclass-backend,TRUE
02.06.2026,easyclass-backend,TRUE
05.06.2026,easyclass-backend,TRUE
09.06.2026,easyclass-backend,TRUE
09.06.2026,easyclass-backend,TRUE
12.06.2026,easyclass-backend,TRUE
12.06.2026,easyclass-backend,TRUE
12.06.2026,easyclass-backend,TRUE
16.06.2026,easyclass-backend,TRUE
19.06.2026,easyclass-backend,TRUE
19.06.2026,easyclass-backend,TRUE
23.06.2026,easyclass-backend,TRUE
25.06.2026,easyclass-backend,TRUE
26.06.2026,easyclass-backend,TRUE
03.07.2026,easyclass-backend,TRUE
10.07.2026,easyclass-backend,TRUE
20.07.2026,easyclass-backend,TRUE
27.07.2026,easyclass-backend,TRUE
03.08.2026,easyclass-backend,TRUE
10.08.2026,easyclass-backend,TRUE
19.08.2026,easyclass-backend,TRUE
21.08.2026,easyclass-backend,TRUE
25.08.2026,easyclass-backend,TRUE
31.08.2026,easyclass-backend,TRUE
25.01.2024,easyclass-frontend,TRUE
01.07.2024,easyclass-frontend,TRUE
15.07.2024,easyclass-frontend,TRUE
18.07.2024,easyclass-frontend,TRUE
19.07.2024,easyclass-frontend,TRUE
14.05.2025,easyclass-frontend,TRUE
23.07.2025,easyclass-frontend,TRUE
23.07.2025,easyclass-frontend,TRUE
26.08.2025,easyclass-frontend,TRUE
05.02.2026,easyclass-frontend,TRUE
05.02.2026,easyclass-frontend,TRUE
09.02.2026,easyclass-frontend,TRUE
13.02.2026,easyclass-frontend,TRUE
17.02.2026,easyclass-frontend,TRUE
26.02.2026,easyclass-frontend,TRUE
12.05.2026,easyclass-frontend,TRUE
18.08.2026,easyclass-frontend,TRUE
18.08.2026,easyclass-frontend,TRUE
19.06.2026,egym-ai-toolkit,TRUE
26.06.2026,egym-ai-toolkit,TRUE
01.07.2026,egym-ai-toolkit,TRUE
01.07.2026,egym-ai-toolkit,TRUE
02.07.2026,egym-ai-toolkit,TRUE
06.07.2026,egym-ai-toolkit,TRUE
06.07.2026,egym-ai-toolkit,TRUE
06.07.2026,egym-ai-toolkit,TRUE
09.07.2026,egym-ai-toolkit,TRUE
14.07.2026,egym-ai-toolkit,TRUE
29.02.2024,egym-debugger,TRUE
19.04.2024,egym-debugger,TRUE
09.07.2024,egym-debugger,TRUE
07.11.2024,egym-debugger,TRUE
13.05.2025,egym-debugger,TRUE
17.09.2025,egym-debugger,TRUE
29.09.2025,egym-debugger,TRUE
08.12.2025,egym-debugger,TRUE
23.09.2024,egym-link,TRUE
23.09.2024,egym-link,TRUE
23.09.2024,egym-link,TRUE
25.09.2024,egym-link,TRUE
27.09.2024,egym-link,TRUE
07.10.2024,egym-link,TRUE
07.10.2024,egym-link,TRUE
07.10.2024,egym-link,TRUE
18.10.2024,egym-link,TRUE
21.10.2024,egym-link,TRUE
22.10.2024,egym-link,TRUE
24.10.2024,egym-link,TRUE
04.11.2024,egym-link,TRUE
04.11.2024,egym-link,TRUE
08.11.2024,egym-link,TRUE
13.11.2024,egym-link,TRUE
14.11.2024,egym-link,TRUE
14.11.2024,egym-link,TRUE
25.11.2024,egym-link,TRUE
04.12.2024,egym-link,TRUE
09.12.2024,egym-link,TRUE
09.12.2024,egym-link,TRUE
09.12.2024,egym-link,TRUE
10.12.2024,egym-link,TRUE
17.12.2024,egym-link,TRUE
17.12.2024,egym-link,TRUE
19.12.2024,egym-link,TRUE
20.12.2024,egym-link,TRUE
06.01.2025,egym-link,TRUE
06.01.2025,egym-link,TRUE
09.01.2025,egym-link,TRUE
09.01.2025,egym-link,TRUE
10.01.2025,egym-link,TRUE
13.01.2025,egym-link,TRUE
30.01.2025,egym-link,TRUE
31.01.2025,egym-link,TRUE
06.02.2025,egym-link,TRUE
14.02.2025,egym-link,TRUE
14.02.2025,egym-link,TRUE
14.02.2025,egym-link,TRUE
24.02.2025,egym-link,TRUE
24.02.2025,egym-link,TRUE
03.03.2025,egym-link,TRUE
04.03.2025,egym-link,TRUE
06.03.2025,egym-link,TRUE
08.03.2025,egym-link,TRUE
17.03.2025,egym-link,TRUE
17.03.2025,egym-link,TRUE
19.03.2025,egym-link,TRUE
24.03.2025,egym-link,TRUE
24.03.2025,egym-link,TRUE
25.03.2025,egym-link,TRUE
28.03.2025,egym-link,TRUE
31.03.2025,egym-link,TRUE
31.03.2025,egym-link,TRUE
03.04.2025,egym-link,TRUE
14.04.2025,egym-link,TRUE
24.04.2025,egym-link,TRUE
24.04.2025,egym-link,TRUE
24.04.2025,egym-link,TRUE
25.04.2025,egym-link,TRUE
29.04.2025,egym-link,TRUE
12.05.2025,egym-link,TRUE
12.05.2025,egym-link,TRUE
19.05.2025,egym-link,TRUE
21.05.2025,egym-link,TRUE
25.05.2025,egym-link,TRUE
25.05.2025,egym-link,TRUE
26.05.2025,egym-link,TRUE
26.05.2025,egym-link,TRUE
26.05.2025,egym-link,TRUE
27.05.2025,egym-link,TRUE
27.05.2025,egym-link,TRUE
29.05.2025,egym-link,TRUE
29.05.2025,egym-link,TRUE
29.05.2025,egym-link,TRUE
03.06.2025,egym-link,TRUE
04.06.2025,egym-link,TRUE
04.06.2025,egym-link,TRUE
04.06.2025,egym-link,TRUE
04.06.2025,egym-link,TRUE
04.06.2025,egym-link,TRUE
06.06.2025,egym-link,TRUE
06.06.2025,egym-link,TRUE
06.06.2025,egym-link,TRUE
09.06.2025,egym-link,TRUE
09.06.2025,egym-link,TRUE
09.06.2025,egym-link,TRUE
09.06.2025,egym-link,TRUE
09.06.2025,egym-link,TRUE
09.06.2025,egym-link,TRUE
10.06.2025,egym-link,TRUE
11.06.2025,egym-link,TRUE
11.06.2025,egym-link,TRUE
11.06.2025,egym-link,TRUE
11.06.2025,egym-link,TRUE
11.06.2025,egym-link,TRUE
11.06.2025,egym-link,TRUE
12.06.2025,egym-link,TRUE
12.06.2025,egym-link,TRUE
12.06.2025,egym-link,TRUE
12.06.2025,egym-link,TRUE
12.06.2025,egym-link,TRUE
12.06.2025,egym-link,TRUE
16.06.2025,egym-link,TRUE
17.06.2025,egym-link,TRUE
17.06.2025,egym-link,TRUE
17.06.2025,egym-link,TRUE
20.06.2025,egym-link,TRUE
27.06.2025,egym-link,TRUE
07.07.2025,egym-link,TRUE
08.07.2025,egym-link,TRUE
21.07.2025,egym-link,TRUE
22.07.2025,egym-link,TRUE
28.07.2025,egym-link,TRUE
28.07.2025,egym-link,TRUE
28.07.2025,egym-link,TRUE
04.08.2025,egym-link,TRUE
07.08.2025,egym-link,TRUE
11.08.2025,egym-link,TRUE
12.08.2025,egym-link,TRUE
13.08.2025,egym-link,TRUE
18.08.2025,egym-link,TRUE
26.08.2025,egym-link,TRUE
29.08.2025,egym-link,TRUE
01.09.2025,egym-link,TRUE
02.09.2025,egym-link,TRUE
03.09.2025,egym-link,TRUE
04.09.2025,egym-link,TRUE
10.09.2025,egym-link,TRUE
22.09.2025,egym-link,TRUE
23.09.2025,egym-link,TRUE
29.09.2025,egym-link,TRUE
30.09.2025,egym-link,TRUE
06.10.2025,egym-link,TRUE
06.10.2025,egym-link,TRUE
13.10.2025,egym-link,TRUE
20.10.2025,egym-link,TRUE
23.10.2025,egym-link,TRUE
27.10.2025,egym-link,TRUE
29.10.2025,egym-link,TRUE
03.11.2025,egym-link,TRUE
03.11.2025,egym-link,TRUE
10.11.2025,egym-link,TRUE
13.11.2025,egym-link,TRUE
17.11.2025,egym-link,TRUE
24.11.2025,egym-link,TRUE
27.11.2025,egym-link,TRUE
08.12.2025,egym-link,TRUE
11.12.2025,egym-link,TRUE
12.12.2025,egym-link,TRUE
15.12.2025,egym-link,TRUE
22.12.2025,egym-link,TRUE
29.12.2025,egym-link,TRUE
05.01.2026,egym-link,TRUE
19.01.2026,egym-link,TRUE
26.01.2026,egym-link,TRUE
02.02.2026,egym-link,TRUE
10.02.2026,egym-link,TRUE
16.02.2026,egym-link,TRUE
17.02.2026,egym-link,TRUE
17.02.2026,egym-link,TRUE
23.02.2026,egym-link,TRUE
02.03.2026,egym-link,TRUE
05.03.2026,egym-link,TRUE
16.03.2026,egym-link,TRUE
16.03.2026,egym-link,TRUE
17.03.2026,egym-link,TRUE
19.03.2026,egym-link,TRUE
30.03.2026,egym-link,TRUE
06.04.2026,egym-link,TRUE
09.04.2026,egym-link,TRUE
14.04.2026,egym-link,TRUE
20.04.2026,egym-link,TRUE
27.04.2026,egym-link,TRUE
04.05.2026,egym-link,TRUE
04.05.2026,egym-link,TRUE
11.05.2026,egym-link,TRUE
18.05.2026,egym-link,TRUE
25.05.2026,egym-link,TRUE
25.05.2026,egym-link,TRUE
02.06.2026,egym-link,TRUE
08.06.2026,egym-link,TRUE
15.06.2026,egym-link,TRUE
22.06.2026,egym-link,TRUE
30.06.2026,egym-link,TRUE
06.07.2026,egym-link,TRUE
17.07.2026,egym-link,TRUE
04.08.2026,egym-link,TRUE
11.08.2026,egym-link,TRUE
19.08.2026,egym-link,TRUE
25.08.2026,egym-link,TRUE
09.01.2025,egym-products-adm-int,TRUE
16.01.2025,egym-products-adm-int,TRUE
16.01.2025,egym-products-adm-int,TRUE
16.01.2025,egym-products-adm-int,TRUE
16.01.2025,egym-products-adm-int,TRUE
16.01.2025,egym-products-adm-int,TRUE
16.01.2025,egym-products-adm-int,TRUE
27.01.2025,egym-products-adm-int,TRUE
30.01.2025,egym-products-adm-int,TRUE
31.01.2025,egym-products-adm-int,TRUE
31.01.2025,egym-products-adm-int,TRUE
18.02.2025,egym-products-adm-int,TRUE
11.04.2025,egym-products-adm-int,TRUE
06.05.2025,egym-products-adm-int,TRUE
20.05.2025,egym-products-adm-int,TRUE
02.07.2025,egym-products-adm-int,TRUE
22.07.2025,egym-products-adm-int,TRUE
15.09.2025,egym-products-adm-int,TRUE
19.11.2025,egym-products-adm-int,TRUE
27.11.2025,egym-products-adm-int,TRUE
02.01.2026,egym-products-adm-int,TRUE
02.01.2026,egym-products-adm-int,TRUE
16.01.2026,egym-products-adm-int,TRUE
09.02.2026,egym-products-adm-int,TRUE
17.02.2026,egym-products-adm-int,TRUE
17.02.2026,egym-products-adm-int,TRUE
19.02.2026,egym-products-adm-int,TRUE
24.07.2026,egym-products-adm-int,TRUE
29.07.2026,egym-products-adm-int,TRUE
06.08.2026,egym-products-adm-int,TRUE
06.08.2026,egym-products-adm-int,TRUE
16.01.2025,egym-products,TRUE
16.01.2025,egym-products,TRUE
17.01.2025,egym-products,TRUE
27.01.2025,egym-products,TRUE
30.01.2025,egym-products,TRUE
31.01.2025,egym-products,TRUE
04.02.2025,egym-products,TRUE
04.02.2025,egym-products,TRUE
04.02.2025,egym-products,TRUE
04.02.2025,egym-products,TRUE
07.02.2025,egym-products,TRUE
13.02.2025,egym-products,TRUE
17.02.2025,egym-products,TRUE
11.04.2025,egym-products,TRUE
25.04.2025,egym-products,TRUE
25.06.2025,egym-products,TRUE
25.06.2025,egym-products,TRUE
01.07.2025,egym-products,TRUE
22.07.2025,egym-products,TRUE
31.07.2025,egym-products,TRUE
06.08.2025,egym-products,TRUE
17.02.2026,egym-products,TRUE
19.02.2026,egym-products,TRUE
23.02.2026,egym-products,TRUE
06.03.2026,egym-products,TRUE
26.03.2026,egym-products,TRUE
27.03.2026,egym-products,TRUE
30.07.2026,egym-products,TRUE
03.08.2026,egym-products,TRUE
24.08.2026,egym-products,TRUE
12.03.2024,egym-slos,TRUE
14.03.2024,egym-slos,TRUE
14.03.2024,egym-slos,TRUE
14.03.2024,egym-slos,TRUE
14.03.2024,egym-slos,TRUE
20.03.2024,egym-slos,TRUE
21.03.2024,egym-slos,TRUE
21.03.2024,egym-slos,TRUE
25.03.2024,egym-slos,TRUE
25.03.2024,egym-slos,TRUE
26.03.2024,egym-slos,TRUE
27.03.2024,egym-slos,TRUE
27.03.2024,egym-slos,TRUE
27.03.2024,egym-slos,TRUE
27.03.2024,egym-slos,TRUE
27.03.2024,egym-slos,TRUE
28.03.2024,egym-slos,TRUE
28.03.2024,egym-slos,TRUE
05.04.2024,egym-slos,TRUE
05.04.2024,egym-slos,TRUE
05.04.2024,egym-slos,TRUE
05.04.2024,egym-slos,TRUE
15.04.2024,egym-slos,TRUE
15.04.2024,egym-slos,TRUE
15.04.2024,egym-slos,TRUE
15.04.2024,egym-slos,TRUE
19.04.2024,egym-slos,TRUE
19.04.2024,egym-slos,TRUE
22.04.2024,egym-slos,TRUE
22.04.2024,egym-slos,TRUE
22.04.2024,egym-slos,TRUE
22.04.2024,egym-slos,TRUE
22.04.2024,egym-slos,TRUE
22.04.2024,egym-slos,TRUE
22.04.2024,egym-slos,TRUE
22.04.2024,egym-slos,TRUE
22.04.2024,egym-slos,TRUE
22.04.2024,egym-slos,TRUE
24.04.2024,egym-slos,TRUE
24.04.2024,egym-slos,TRUE
02.05.2024,egym-slos,TRUE
02.05.2024,egym-slos,TRUE
02.05.2024,egym-slos,TRUE
02.05.2024,egym-slos,TRUE
02.05.2024,egym-slos,TRUE
02.05.2024,egym-slos,TRUE
14.05.2024,egym-slos,TRUE
14.05.2024,egym-slos,TRUE
14.05.2024,egym-slos,TRUE
14.05.2024,egym-slos,TRUE
27.05.2024,egym-slos,TRUE
27.05.2024,egym-slos,TRUE
21.06.2024,egym-slos,TRUE
21.06.2024,egym-slos,TRUE
16.07.2024,egym-slos,TRUE
16.07.2024,egym-slos,TRUE
17.07.2024,egym-slos,TRUE
17.07.2024,egym-slos,TRUE
19.07.2024,egym-slos,TRUE
19.07.2024,egym-slos,TRUE
19.07.2024,egym-slos,TRUE
19.07.2024,egym-slos,TRUE
19.07.2024,egym-slos,TRUE
19.07.2024,egym-slos,TRUE
22.07.2024,egym-slos,TRUE
22.07.2024,egym-slos,TRUE
08.08.2024,egym-slos,TRUE
08.08.2024,egym-slos,TRUE
13.09.2024,egym-slos,TRUE
02.10.2024,egym-slos,TRUE
02.10.2024,egym-slos,TRUE
02.12.2024,egym-slos,TRUE
02.12.2024,egym-slos,TRUE
10.12.2024,egym-slos,TRUE
10.12.2024,egym-slos,TRUE
18.12.2024,egym-slos,TRUE
18.12.2024,egym-slos,TRUE
15.01.2025,egym-slos,TRUE
15.01.2025,egym-slos,TRUE
21.03.2025,egym-slos,TRUE
21.03.2025,egym-slos,TRUE
21.03.2025,egym-slos,TRUE
21.03.2025,egym-slos,TRUE
21.03.2025,egym-slos,TRUE
21.03.2025,egym-slos,TRUE
17.04.2025,egym-slos,TRUE
17.04.2025,egym-slos,TRUE
17.04.2025,egym-slos,TRUE
17.04.2025,egym-slos,TRUE
29.04.2025,egym-slos,TRUE
30.04.2025,egym-slos,TRUE
30.04.2025,egym-slos,TRUE
06.05.2025,egym-slos,TRUE
12.05.2025,egym-slos,TRUE
12.05.2025,egym-slos,TRUE
25.06.2025,egym-slos,TRUE
25.06.2025,egym-slos,TRUE
27.06.2025,egym-slos,TRUE
27.06.2025,egym-slos,TRUE
10.07.2025,egym-slos,TRUE
06.08.2025,egym-slos,TRUE
06.08.2025,egym-slos,TRUE
14.08.2025,egym-slos,TRUE
14.08.2025,egym-slos,TRUE
18.08.2025,egym-slos,TRUE
18.08.2025,egym-slos,TRUE
20.08.2025,egym-slos,TRUE
20.08.2025,egym-slos,TRUE
25.08.2025,egym-slos,TRUE
25.08.2025,egym-slos,TRUE
26.08.2025,egym-slos,TRUE
26.08.2025,egym-slos,TRUE
10.09.2025,egym-slos,TRUE
11.09.2025,egym-slos,TRUE
11.09.2025,egym-slos,TRUE
07.10.2025,egym-slos,TRUE
07.10.2025,egym-slos,TRUE
17.10.2025,egym-slos,TRUE
17.10.2025,egym-slos,TRUE
17.10.2025,egym-slos,TRUE
06.11.2025,egym-slos,TRUE
16.02.2026,egym-slos,TRUE
24.02.2026,egym-slos,TRUE
24.02.2026,egym-slos,TRUE
12.03.2026,egym-slos,TRUE
12.03.2026,egym-slos,TRUE
12.03.2026,egym-slos,TRUE
20.03.2026,egym-slos,TRUE
07.04.2026,egym-slos,TRUE
07.04.2026,egym-slos,TRUE
07.04.2026,egym-slos,TRUE
09.04.2026,egym-slos,TRUE
10.04.2026,egym-slos,TRUE
23.04.2026,egym-slos,TRUE
28.04.2026,egym-slos,TRUE
12.05.2026,egym-slos,TRUE
13.05.2026,egym-slos,TRUE
20.05.2026,egym-slos,TRUE
20.05.2026,egym-slos,TRUE
30.06.2026,egym-slos,TRUE
30.06.2026,egym-slos,TRUE
02.07.2026,egym-slos,TRUE
16.07.2026,egym-slos,TRUE
11.08.2026,egym-slos,TRUE
11.08.2026,egym-slos,TRUE
20.08.2026,egym-slos,TRUE
21.08.2026,egym-slos,TRUE
06.11.2025,eprows-adm-int,TRUE
18.11.2025,eprows-adm-int,TRUE
19.11.2025,eprows-adm-int,TRUE
24.11.2025,eprows-adm-int,TRUE
25.11.2025,eprows-adm-int,TRUE
02.12.2025,eprows-adm-int,TRUE
03.12.2025,eprows-adm-int,TRUE
08.12.2025,eprows-adm-int,TRUE
16.12.2025,eprows-adm-int,TRUE
02.01.2026,eprows-adm-int,TRUE
02.01.2026,eprows-adm-int,TRUE
07.01.2026,eprows-adm-int,TRUE
07.01.2026,eprows-adm-int,TRUE
07.01.2026,eprows-adm-int,TRUE
08.01.2026,eprows-adm-int,TRUE
16.01.2026,eprows-adm-int,TRUE
09.02.2026,eprows-adm-int,TRUE
13.02.2026,eprows-adm-int,TRUE
17.02.2026,eprows-adm-int,TRUE
19.02.2026,eprows-adm-int,TRUE
23.02.2026,eprows-adm-int,TRUE
26.02.2026,eprows-adm-int,TRUE
23.03.2026,eprows-adm-int,TRUE
13.04.2026,eprows-adm-int,TRUE
06.05.2026,eprows-adm-int,TRUE
06.05.2026,eprows-adm-int,TRUE
12.06.2026,eprows-adm-int,TRUE
29.06.2026,eprows-adm-int,TRUE
29.06.2026,eprows-adm-int,TRUE
15.07.2026,eprows-adm-int,TRUE
27.07.2026,eprows-adm-int,TRUE
31.07.2026,eprows-adm-int,TRUE
03.08.2026,eprows-adm-int,TRUE
05.08.2026,eprows-adm-int,TRUE
05.08.2026,eprows-adm-int,TRUE
07.08.2026,eprows-adm-int,TRUE
11.08.2026,eprows-adm-int,TRUE
19.08.2026,eprows-adm-int,TRUE
20.08.2026,eprows-adm-int,TRUE
28.08.2026,eprows-adm-int,TRUE
03.01.2024,etl,TRUE
03.01.2024,etl,TRUE
04.01.2024,etl,TRUE
08.01.2024,etl,TRUE
08.01.2024,etl,TRUE
05.01.2024,external-dns,TRUE
19.01.2024,fass-adm-int,TRUE
12.02.2024,fass-adm-int,TRUE
07.03.2024,fass-adm-int,TRUE
04.04.2024,fass-adm-int,TRUE
04.04.2024,fass-adm-int,TRUE
24.04.2024,fass-adm-int,TRUE
07.05.2024,fass-adm-int,TRUE
22.05.2024,fass-adm-int,TRUE
22.07.2024,fass-adm-int,TRUE
31.07.2024,fass-adm-int,TRUE
31.07.2024,fass-adm-int,TRUE
13.08.2024,fass-adm-int,TRUE
14.08.2024,fass-adm-int,TRUE
04.09.2024,fass-adm-int,TRUE
05.09.2024,fass-adm-int,TRUE
24.10.2024,fass-adm-int,TRUE
25.10.2024,fass-adm-int,TRUE
29.10.2024,fass-adm-int,TRUE
28.11.2024,fass-adm-int,TRUE
19.03.2025,fass-adm-int,TRUE
13.05.2025,fass-adm-int,TRUE
13.06.2025,fass-adm-int,TRUE
16.07.2025,fass-adm-int,TRUE
14.08.2025,fass-adm-int,TRUE
18.11.2025,fass-adm-int,TRUE
01.12.2025,fass-adm-int,TRUE
02.12.2025,fass-adm-int,TRUE
02.12.2025,fass-adm-int,TRUE
02.01.2026,fass-adm-int,TRUE
02.01.2026,fass-adm-int,TRUE
12.01.2026,fass-adm-int,TRUE
16.01.2026,fass-adm-int,TRUE
16.01.2026,fass-adm-int,TRUE
09.02.2026,fass-adm-int,TRUE
09.02.2026,fass-adm-int,TRUE
17.02.2026,fass-adm-int,TRUE
19.02.2026,fass-adm-int,TRUE
16.07.2026,fass-adm-int,TRUE
27.07.2026,fass-adm-int,TRUE
31.07.2026,fass-adm-int,TRUE
04.08.2026,fass-adm-int,TRUE
12.08.2026,fass-adm-int,TRUE
18.08.2026,fass-adm-int,TRUE
22.01.2024,feature-access,TRUE
18.07.2024,feature-access,TRUE
20.09.2024,feature-access,TRUE
24.10.2024,feature-access,TRUE
27.12.2024,feature-access,TRUE
11.03.2025,feature-access,TRUE
26.05.2025,feature-access,TRUE
26.05.2025,feature-access,TRUE
02.09.2025,feature-access,TRUE
23.10.2025,feature-access,TRUE
23.10.2025,feature-access,TRUE
23.10.2025,feature-access,TRUE
26.11.2025,feature-access,TRUE
18.12.2025,feature-access,TRUE
26.01.2026,feature-access,TRUE
27.01.2026,feature-access,TRUE
06.02.2026,feature-access,TRUE
10.02.2026,feature-access,TRUE
23.02.2026,feature-access,TRUE
26.03.2026,feature-access,TRUE
08.04.2026,feature-access,TRUE
09.04.2026,feature-access,TRUE
10.04.2026,feature-access,TRUE
16.04.2026,feature-access,TRUE
05.05.2026,feature-access,TRUE
19.06.2026,feature-access,TRUE
30.06.2026,feature-access,TRUE
14.07.2026,feature-access,TRUE
17.07.2026,feature-access,TRUE
03.08.2026,feature-access,TRUE
20.08.2026,feature-access,TRUE
11.01.2024,feed,TRUE
29.01.2024,feed,TRUE
05.02.2024,feed,TRUE
22.05.2024,feed,TRUE
27.05.2024,feed,TRUE
28.05.2024,feed,TRUE
01.07.2024,feed,TRUE
26.09.2024,feed,TRUE
08.10.2024,feed,TRUE
13.12.2024,feed,TRUE
13.12.2024,feed,TRUE
13.12.2024,feed,TRUE
13.12.2024,feed,TRUE
13.12.2024,feed,TRUE
13.12.2024,feed,TRUE
20.12.2024,feed,TRUE
20.12.2024,feed,TRUE
24.12.2024,feed,TRUE
29.08.2025,feed,TRUE
29.08.2025,feed,TRUE
15.10.2025,feed,TRUE
28.10.2025,feed,TRUE
27.11.2025,feed,TRUE
15.01.2026,feed,TRUE
30.01.2026,feed,TRUE
10.02.2026,feed,TRUE
20.02.2026,feed,TRUE
25.02.2026,feed,TRUE
02.03.2026,feed,TRUE
02.03.2026,feed,TRUE
04.03.2026,feed,TRUE
05.03.2026,feed,TRUE
10.03.2026,feed,TRUE
10.03.2026,feed,TRUE
26.03.2026,feed,TRUE
22.04.2026,feed,TRUE
22.04.2026,feed,TRUE
24.04.2026,feed,TRUE
29.04.2026,feed,TRUE
30.04.2026,feed,TRUE
30.04.2026,feed,TRUE
16.06.2026,feed,TRUE
17.06.2026,feed,TRUE
17.06.2026,feed,TRUE
25.06.2026,feed,TRUE
03.07.2026,feed,TRUE
08.07.2026,feed,TRUE
30.07.2026,feed,TRUE
30.07.2026,feed,TRUE
04.08.2026,feed,TRUE
04.08.2026,feed,TRUE
10.08.2026,feed,TRUE
24.08.2026,feed,TRUE
24.08.2026,feed,TRUE
02.01.2024,firebase-login-service-admin,TRUE
12.01.2024,firebase-login-service-admin,TRUE
12.01.2024,firebase-login-service-admin,TRUE
27.02.2024,firebase-login-service-admin,TRUE
15.04.2024,firebase-login-service-admin,TRUE
27.05.2024,firebase-login-service-admin,TRUE
03.07.2024,firebase-login-service-admin,TRUE
16.08.2024,firebase-login-service-admin,TRUE
06.09.2024,firebase-login-service-admin,TRUE
30.09.2024,firebase-login-service-admin,TRUE
12.11.2024,firebase-login-service-admin,TRUE
27.11.2024,firebase-login-service-admin,TRUE
10.12.2024,firebase-login-service-admin,TRUE
10.12.2024,firebase-login-service-admin,TRUE
16.12.2024,firebase-login-service-admin,TRUE
19.03.2025,firebase-login-service-admin,TRUE
22.05.2025,firebase-login-service-admin,TRUE
28.05.2025,firebase-login-service-admin,TRUE
17.06.2025,firebase-login-service-admin,TRUE
24.06.2025,firebase-login-service-admin,TRUE
08.09.2025,firebase-login-service-admin,TRUE
11.09.2025,firebase-login-service-admin,TRUE
24.10.2025,firebase-login-service-admin,TRUE
25.11.2025,firebase-login-service-admin,TRUE
06.01.2026,firebase-login-service-admin,TRUE
09.01.2026,firebase-login-service-admin,TRUE
09.01.2026,firebase-login-service-admin,TRUE
18.02.2026,firebase-login-service-admin,TRUE
20.02.2026,firebase-login-service-admin,TRUE
26.02.2026,firebase-login-service-admin,TRUE
02.03.2026,firebase-login-service-admin,TRUE
03.03.2026,firebase-login-service-admin,TRUE
15.04.2026,firebase-login-service-admin,TRUE
14.05.2026,firebase-login-service-admin,TRUE
19.05.2026,firebase-login-service-admin,TRUE
04.06.2026,firebase-login-service-admin,TRUE
12.06.2026,firebase-login-service-admin,TRUE
14.07.2026,firebase-login-service-admin,TRUE
16.07.2026,firebase-login-service-admin,TRUE
21.07.2026,firebase-login-service-admin,TRUE
27.07.2026,firebase-login-service-admin,TRUE
12.08.2026,firebase-login-service-admin,TRUE
03.01.2024,firebase-login-service,TRUE
04.01.2024,firebase-login-service,TRUE
04.01.2024,firebase-login-service,TRUE
19.01.2024,firebase-login-service,TRUE
28.02.2024,firebase-login-service,TRUE
17.04.2024,firebase-login-service,TRUE
17.04.2024,firebase-login-service,TRUE
02.05.2024,firebase-login-service,TRUE
13.05.2024,firebase-login-service,TRUE
13.05.2024,firebase-login-service,TRUE
01.07.2024,firebase-login-service,TRUE
18.07.2024,firebase-login-service,TRUE
24.09.2024,firebase-login-service,TRUE
08.10.2024,firebase-login-service,TRUE
20.12.2024,firebase-login-service,TRUE
26.02.2025,firebase-login-service,TRUE
12.03.2025,firebase-login-service,TRUE
13.03.2025,firebase-login-service,TRUE
31.03.2025,firebase-login-service,TRUE
29.04.2025,firebase-login-service,TRUE
16.05.2025,firebase-login-service,TRUE
21.05.2025,firebase-login-service,TRUE
22.05.2025,firebase-login-service,TRUE
28.05.2025,firebase-login-service,TRUE
05.06.2025,firebase-login-service,TRUE
23.06.2025,firebase-login-service,TRUE
26.06.2025,firebase-login-service,TRUE
30.06.2025,firebase-login-service,TRUE
05.08.2025,firebase-login-service,TRUE
14.08.2025,firebase-login-service,TRUE
20.08.2025,firebase-login-service,TRUE
11.09.2025,firebase-login-service,TRUE
06.10.2025,firebase-login-service,TRUE
20.11.2025,firebase-login-service,TRUE
20.11.2025,firebase-login-service,TRUE
05.12.2025,firebase-login-service,TRUE
08.12.2025,firebase-login-service,TRUE
19.12.2025,firebase-login-service,TRUE
22.12.2025,firebase-login-service,TRUE
23.01.2026,firebase-login-service,TRUE
03.02.2026,firebase-login-service,TRUE
03.02.2026,firebase-login-service,TRUE
06.02.2026,firebase-login-service,TRUE
19.02.2026,firebase-login-service,TRUE
20.02.2026,firebase-login-service,TRUE
23.02.2026,firebase-login-service,TRUE
27.02.2026,firebase-login-service,TRUE
02.03.2026,firebase-login-service,TRUE
03.03.2026,firebase-login-service,TRUE
06.03.2026,firebase-login-service,TRUE
10.03.2026,firebase-login-service,TRUE
18.03.2026,firebase-login-service,TRUE
14.04.2026,firebase-login-service,TRUE
15.04.2026,firebase-login-service,TRUE
23.04.2026,firebase-login-service,TRUE
19.05.2026,firebase-login-service,TRUE
10.07.2026,firebase-login-service,TRUE
26.08.2026,firebase-login-service,TRUE
02.01.2024,flep,TRUE
15.01.2024,flep,TRUE
26.01.2024,flep,TRUE
28.02.2024,flep,TRUE
07.03.2024,flep,TRUE
02.04.2024,flep,TRUE
17.04.2024,flep,TRUE
06.05.2024,flep,TRUE
10.06.2024,flep,TRUE
18.06.2024,flep,TRUE
18.06.2024,flep,TRUE
19.06.2024,flep,TRUE
28.06.2024,flep,TRUE
04.07.2024,flep,TRUE
31.07.2024,flep,TRUE
09.10.2024,flep,TRUE
26.11.2024,flep,TRUE
03.12.2024,flep,TRUE
17.12.2024,flep,TRUE
19.12.2024,flep,TRUE
10.01.2025,flep,TRUE
03.02.2025,flep,TRUE
18.02.2025,flep,TRUE
27.03.2025,flep,TRUE
08.04.2025,flep,TRUE
14.04.2025,flep,TRUE
07.05.2025,flep,TRUE
12.05.2025,flep,TRUE
12.06.2025,flep,TRUE
30.06.2025,flep,TRUE
02.07.2025,flep,TRUE
15.07.2025,flep,TRUE
17.07.2025,flep,TRUE
18.07.2025,flep,TRUE
23.07.2025,flep,TRUE
30.07.2025,flep,TRUE
31.07.2025,flep,TRUE
07.08.2025,flep,TRUE
11.08.2025,flep,TRUE
12.08.2025,flep,TRUE
13.08.2025,flep,TRUE
14.08.2025,flep,TRUE
20.08.2025,flep,TRUE
20.08.2025,flep,TRUE
21.08.2025,flep,TRUE
01.09.2025,flep,TRUE
01.09.2025,flep,TRUE
02.09.2025,flep,TRUE
02.09.2025,flep,TRUE
04.09.2025,flep,TRUE
04.09.2025,flep,TRUE
05.09.2025,flep,TRUE
09.09.2025,flep,TRUE
26.09.2025,flep,TRUE
29.09.2025,flep,TRUE
07.10.2025,flep,TRUE
09.10.2025,flep,TRUE
10.10.2025,flep,TRUE
16.10.2025,flep,TRUE
17.10.2025,flep,TRUE
20.10.2025,flep,TRUE
22.10.2025,flep,TRUE
27.10.2025,flep,TRUE
30.10.2025,flep,TRUE
11.11.2025,flep,TRUE
05.12.2025,flep,TRUE
10.12.2025,flep,TRUE
05.01.2026,flep,TRUE
03.02.2026,flep,TRUE
18.02.2026,flep,TRUE
09.03.2026,flep,TRUE
07.04.2026,flep,TRUE
20.04.2026,flep,TRUE
28.05.2026,flep,TRUE
05.01.2024,fluent-bit,TRUE
05.03.2024,fluent-bit,TRUE
04.06.2024,fluent-bit,TRUE
10.06.2024,fluent-bit,TRUE
11.12.2024,fluent-bit,TRUE
11.12.2024,fluent-bit,TRUE
16.01.2024,galaxy-frontend,TRUE
16.01.2024,galaxy-frontend,TRUE
16.01.2024,galaxy-frontend,TRUE
18.01.2024,galaxy-frontend,TRUE
18.01.2024,galaxy-frontend,TRUE
19.01.2024,galaxy-frontend,TRUE
25.01.2024,galaxy-frontend,TRUE
13.02.2024,galaxy-frontend,TRUE
13.02.2024,galaxy-frontend,TRUE
13.02.2024,galaxy-frontend,TRUE
26.03.2024,galaxy-frontend,TRUE
27.03.2024,galaxy-frontend,TRUE
08.04.2024,galaxy-frontend,TRUE
21.05.2024,galaxy-frontend,TRUE
10.06.2024,galaxy-frontend,TRUE
10.06.2024,galaxy-frontend,TRUE
17.06.2024,galaxy-frontend,TRUE
18.06.2024,galaxy-frontend,TRUE
02.07.2024,galaxy-frontend,TRUE
02.07.2024,galaxy-frontend,TRUE
02.07.2024,galaxy-frontend,TRUE
03.07.2024,galaxy-frontend,TRUE
03.07.2024,galaxy-frontend,TRUE
03.07.2024,galaxy-frontend,TRUE
08.07.2024,galaxy-frontend,TRUE
08.07.2024,galaxy-frontend,TRUE
08.07.2024,galaxy-frontend,TRUE
08.07.2024,galaxy-frontend,TRUE
09.07.2024,galaxy-frontend,TRUE
09.07.2024,galaxy-frontend,TRUE
24.07.2024,galaxy-frontend,TRUE
06.08.2024,galaxy-frontend,TRUE
16.09.2024,galaxy-frontend,TRUE
24.09.2024,galaxy-frontend,TRUE
24.09.2024,galaxy-frontend,TRUE
26.09.2024,galaxy-frontend,TRUE
01.10.2024,galaxy-frontend,TRUE
02.10.2024,galaxy-frontend,TRUE
02.10.2024,galaxy-frontend,TRUE
09.10.2024,galaxy-frontend,TRUE
21.10.2024,galaxy-frontend,TRUE
28.10.2024,galaxy-frontend,TRUE
11.11.2024,galaxy-frontend,TRUE
18.11.2024,galaxy-frontend,TRUE
20.11.2024,galaxy-frontend,TRUE
03.12.2024,galaxy-frontend,TRUE
06.12.2024,galaxy-frontend,TRUE
09.12.2024,galaxy-frontend,TRUE
09.12.2024,galaxy-frontend,TRUE
11.12.2024,galaxy-frontend,TRUE
12.12.2024,galaxy-frontend,TRUE
17.12.2024,galaxy-frontend,TRUE
17.12.2024,galaxy-frontend,TRUE
18.12.2024,galaxy-frontend,TRUE
18.12.2024,galaxy-frontend,TRUE
07.01.2025,galaxy-frontend,TRUE
07.01.2025,galaxy-frontend,TRUE
08.01.2025,galaxy-frontend,TRUE
08.01.2025,galaxy-frontend,TRUE
14.01.2025,galaxy-frontend,TRUE
14.01.2025,galaxy-frontend,TRUE
14.01.2025,galaxy-frontend,TRUE
14.01.2025,galaxy-frontend,TRUE
14.02.2025,galaxy-frontend,TRUE
14.02.2025,galaxy-frontend,TRUE
14.03.2025,galaxy-frontend,TRUE
14.03.2025,galaxy-frontend,TRUE
28.03.2025,galaxy-frontend,TRUE
28.03.2025,galaxy-frontend,TRUE
28.03.2025,galaxy-frontend,TRUE
03.04.2025,galaxy-frontend,TRUE
03.04.2025,galaxy-frontend,TRUE
03.04.2025,galaxy-frontend,TRUE
11.04.2025,galaxy-frontend,TRUE
11.04.2025,galaxy-frontend,TRUE
11.04.2025,galaxy-frontend,TRUE
11.04.2025,galaxy-frontend,TRUE
24.04.2025,galaxy-frontend,TRUE
12.05.2025,galaxy-frontend,TRUE
12.05.2025,galaxy-frontend,TRUE
16.05.2025,galaxy-frontend,TRUE
19.05.2025,galaxy-frontend,TRUE
20.05.2025,galaxy-frontend,TRUE
20.05.2025,galaxy-frontend,TRUE
21.05.2025,galaxy-frontend,TRUE
29.05.2025,galaxy-frontend,TRUE
29.05.2025,galaxy-frontend,TRUE
03.06.2025,galaxy-frontend,TRUE
03.06.2025,galaxy-frontend,TRUE
03.06.2025,galaxy-frontend,TRUE
03.06.2025,galaxy-frontend,TRUE
04.06.2025,galaxy-frontend,TRUE
11.06.2025,galaxy-frontend,TRUE
11.06.2025,galaxy-frontend,TRUE
16.06.2025,galaxy-frontend,TRUE
26.06.2025,galaxy-frontend,TRUE
18.07.2025,galaxy-frontend,TRUE
23.07.2025,galaxy-frontend,TRUE
04.08.2025,galaxy-frontend,TRUE
20.08.2025,galaxy-frontend,TRUE
26.08.2025,galaxy-frontend,TRUE
27.08.2025,galaxy-frontend,TRUE
08.09.2025,galaxy-frontend,TRUE
17.09.2025,galaxy-frontend,TRUE
17.09.2025,galaxy-frontend,TRUE
18.09.2025,galaxy-frontend,TRUE
16.10.2025,galaxy-frontend,TRUE
22.10.2025,galaxy-frontend,TRUE
01.12.2025,galaxy-frontend,TRUE
02.12.2025,galaxy-frontend,TRUE
08.01.2026,galaxy-frontend,TRUE
20.01.2026,galaxy-frontend,TRUE
20.01.2026,galaxy-frontend,TRUE
26.01.2026,galaxy-frontend,TRUE
03.02.2026,galaxy-frontend,TRUE
05.02.2026,galaxy-frontend,TRUE
11.02.2026,galaxy-frontend,TRUE
27.02.2026,galaxy-frontend,TRUE
27.02.2026,galaxy-frontend,TRUE
12.03.2026,galaxy-frontend,TRUE
03.04.2026,galaxy-frontend,TRUE
17.04.2026,galaxy-frontend,TRUE
18.04.2026,galaxy-frontend,TRUE
24.04.2026,galaxy-frontend,TRUE
24.04.2026,galaxy-frontend,TRUE
27.04.2026,galaxy-frontend,TRUE
28.04.2026,galaxy-frontend,TRUE
29.04.2026,galaxy-frontend,TRUE
29.04.2026,galaxy-frontend,TRUE
07.05.2026,galaxy-frontend,TRUE
28.05.2026,galaxy-frontend,TRUE
28.05.2026,galaxy-frontend,TRUE
05.06.2026,galaxy-frontend,TRUE
29.06.2026,galaxy-frontend,TRUE
20.07.2026,galaxy-frontend,TRUE
17.08.2026,galaxy-frontend,TRUE
19.08.2026,galaxy-frontend,TRUE
04.01.2024,galaxy,TRUE
04.01.2024,galaxy,TRUE
04.01.2024,galaxy,TRUE
04.01.2024,galaxy,TRUE
05.01.2024,galaxy,TRUE
05.01.2024,galaxy,TRUE
05.01.2024,galaxy,TRUE
05.01.2024,galaxy,TRUE
07.01.2024,galaxy,TRUE
08.01.2024,galaxy,TRUE
08.01.2024,galaxy,TRUE
08.01.2024,galaxy,TRUE
08.01.2024,galaxy,TRUE
08.01.2024,galaxy,TRUE
08.01.2024,galaxy,TRUE
09.01.2024,galaxy,TRUE
09.01.2024,galaxy,TRUE
09.01.2024,galaxy,TRUE
09.01.2024,galaxy,TRUE
10.01.2024,galaxy,TRUE
10.01.2024,galaxy,TRUE
10.01.2024,galaxy,TRUE
10.01.2024,galaxy,TRUE
10.01.2024,galaxy,TRUE
10.01.2024,galaxy,TRUE
10.01.2024,galaxy,TRUE
10.01.2024,galaxy,TRUE
10.01.2024,galaxy,TRUE
10.01.2024,galaxy,TRUE
10.01.2024,galaxy,TRUE
10.01.2024,galaxy,TRUE
11.01.2024,galaxy,TRUE
11.01.2024,galaxy,TRUE
11.01.2024,galaxy,TRUE
11.01.2024,galaxy,TRUE
11.01.2024,galaxy,TRUE
11.01.2024,galaxy,TRUE
11.01.2024,galaxy,TRUE
11.01.2024,galaxy,TRUE
12.01.2024,galaxy,TRUE
12.01.2024,galaxy,TRUE
12.01.2024,galaxy,TRUE
12.01.2024,galaxy,TRUE
12.01.2024,galaxy,TRUE
12.01.2024,galaxy,TRUE
12.01.2024,galaxy,TRUE
15.01.2024,galaxy,TRUE
15.01.2024,galaxy,TRUE
15.01.2024,galaxy,TRUE
15.01.2024,galaxy,TRUE
16.01.2024,galaxy,TRUE
16.01.2024,galaxy,TRUE
16.01.2024,galaxy,TRUE
16.01.2024,galaxy,TRUE
16.01.2024,galaxy,TRUE
17.01.2024,galaxy,TRUE
17.01.2024,galaxy,TRUE
17.01.2024,galaxy,TRUE
17.01.2024,galaxy,TRUE
17.01.2024,galaxy,TRUE
17.01.2024,galaxy,TRUE
17.01.2024,galaxy,TRUE
17.01.2024,galaxy,TRUE
17.01.2024,galaxy,TRUE
18.01.2024,galaxy,TRUE
18.01.2024,galaxy,TRUE
18.01.2024,galaxy,TRUE
18.01.2024,galaxy,TRUE
18.01.2024,galaxy,TRUE
18.01.2024,galaxy,TRUE
18.01.2024,galaxy,TRUE
22.01.2024,galaxy,TRUE
22.01.2024,galaxy,TRUE
22.01.2024,galaxy,TRUE
22.01.2024,galaxy,TRUE
22.01.2024,galaxy,TRUE
22.01.2024,galaxy,TRUE
22.01.2024,galaxy,TRUE
22.01.2024,galaxy,TRUE
22.01.2024,galaxy,TRUE
22.01.2024,galaxy,TRUE
23.01.2024,galaxy,TRUE
23.01.2024,galaxy,TRUE
23.01.2024,galaxy,TRUE
23.01.2024,galaxy,TRUE
23.01.2024,galaxy,TRUE
23.01.2024,galaxy,TRUE
23.01.2024,galaxy,TRUE
23.01.2024,galaxy,TRUE
23.01.2024,galaxy,TRUE
23.01.2024,galaxy,TRUE
23.01.2024,galaxy,TRUE
23.01.2024,galaxy,TRUE
24.01.2024,galaxy,TRUE
24.01.2024,galaxy,TRUE
24.01.2024,galaxy,TRUE
24.01.2024,galaxy,TRUE
24.01.2024,galaxy,TRUE
24.01.2024,galaxy,TRUE
24.01.2024,galaxy,TRUE
24.01.2024,galaxy,TRUE
24.01.2024,galaxy,TRUE
24.01.2024,galaxy,TRUE
24.01.2024,galaxy,TRUE
24.01.2024,galaxy,TRUE
24.01.2024,galaxy,TRUE
24.01.2024,galaxy,TRUE
24.01.2024,galaxy,TRUE
24.01.2024,galaxy,TRUE
24.01.2024,galaxy,TRUE
24.01.2024,galaxy,TRUE
24.01.2024,galaxy,TRUE
24.01.2024,galaxy,TRUE
24.01.2024,galaxy,TRUE
24.01.2024,galaxy,TRUE
25.01.2024,galaxy,TRUE
25.01.2024,galaxy,TRUE
25.01.2024,galaxy,TRUE
29.01.2024,galaxy,TRUE
30.01.2024,galaxy,TRUE
30.01.2024,galaxy,TRUE
30.01.2024,galaxy,TRUE
31.01.2024,galaxy,TRUE
31.01.2024,galaxy,TRUE
31.01.2024,galaxy,TRUE
05.02.2024,galaxy,TRUE
05.02.2024,galaxy,TRUE
05.02.2024,galaxy,TRUE
06.02.2024,galaxy,TRUE
06.02.2024,galaxy,TRUE
06.02.2024,galaxy,TRUE
06.02.2024,galaxy,TRUE
06.02.2024,galaxy,TRUE
06.02.2024,galaxy,TRUE
07.02.2024,galaxy,TRUE
07.02.2024,galaxy,TRUE
07.02.2024,galaxy,TRUE
08.02.2024,galaxy,TRUE
08.02.2024,galaxy,TRUE
08.02.2024,galaxy,TRUE
12.02.2024,galaxy,TRUE
12.02.2024,galaxy,TRUE
12.02.2024,galaxy,TRUE
13.02.2024,galaxy,TRUE
13.02.2024,galaxy,TRUE
13.02.2024,galaxy,TRUE
14.02.2024,galaxy,TRUE
14.02.2024,galaxy,TRUE
14.02.2024,galaxy,TRUE
15.02.2024,galaxy,TRUE
15.02.2024,galaxy,TRUE
15.02.2024,galaxy,TRUE
15.02.2024,galaxy,TRUE
15.02.2024,galaxy,TRUE
15.02.2024,galaxy,TRUE
15.02.2024,galaxy,TRUE
15.02.2024,galaxy,TRUE
15.02.2024,galaxy,TRUE
15.02.2024,galaxy,TRUE
15.02.2024,galaxy,TRUE
15.02.2024,galaxy,TRUE
15.02.2024,galaxy,TRUE
15.02.2024,galaxy,TRUE
15.02.2024,galaxy,TRUE
15.02.2024,galaxy,TRUE
20.02.2024,galaxy,TRUE
20.02.2024,galaxy,TRUE
20.02.2024,galaxy,TRUE
21.02.2024,galaxy,TRUE
21.02.2024,galaxy,TRUE
21.02.2024,galaxy,TRUE
22.02.2024,galaxy,TRUE
22.02.2024,galaxy,TRUE
22.02.2024,galaxy,TRUE
26.02.2024,galaxy,TRUE
26.02.2024,galaxy,TRUE
26.02.2024,galaxy,TRUE
27.02.2024,galaxy,TRUE
27.02.2024,galaxy,TRUE
27.02.2024,galaxy,TRUE
27.02.2024,galaxy,TRUE
27.02.2024,galaxy,TRUE
28.02.2024,galaxy,TRUE
28.02.2024,galaxy,TRUE
28.02.2024,galaxy,TRUE
28.02.2024,galaxy,TRUE
28.02.2024,galaxy,TRUE
28.02.2024,galaxy,TRUE
28.02.2024,galaxy,TRUE
28.02.2024,galaxy,TRUE
28.02.2024,galaxy,TRUE
28.02.2024,galaxy,TRUE
29.02.2024,galaxy,TRUE
29.02.2024,galaxy,TRUE
29.02.2024,galaxy,TRUE
29.02.2024,galaxy,TRUE
29.02.2024,galaxy,TRUE
29.02.2024,galaxy,TRUE
29.02.2024,galaxy,TRUE
29.02.2024,galaxy,TRUE
29.02.2024,galaxy,TRUE
01.03.2024,galaxy,TRUE
01.03.2024,galaxy,TRUE
01.03.2024,galaxy,TRUE
02.03.2024,galaxy,TRUE
02.03.2024,galaxy,TRUE
02.03.2024,galaxy,TRUE
12.03.2024,galaxy,TRUE
12.03.2024,galaxy,TRUE
12.03.2024,galaxy,TRUE
13.03.2024,galaxy,TRUE
13.03.2024,galaxy,TRUE
13.03.2024,galaxy,TRUE
13.03.2024,galaxy,TRUE
13.03.2024,galaxy,TRUE
13.03.2024,galaxy,TRUE
14.03.2024,galaxy,TRUE
14.03.2024,galaxy,TRUE
14.03.2024,galaxy,TRUE
14.03.2024,galaxy,TRUE
14.03.2024,galaxy,TRUE
14.03.2024,galaxy,TRUE
14.03.2024,galaxy,TRUE
14.03.2024,galaxy,TRUE
14.03.2024,galaxy,TRUE
14.03.2024,galaxy,TRUE
14.03.2024,galaxy,TRUE
15.03.2024,galaxy,TRUE
15.03.2024,galaxy,TRUE
15.03.2024,galaxy,TRUE
18.03.2024,galaxy,TRUE
18.03.2024,galaxy,TRUE
18.03.2024,galaxy,TRUE
18.03.2024,galaxy,TRUE
18.03.2024,galaxy,TRUE
18.03.2024,galaxy,TRUE
18.03.2024,galaxy,TRUE
20.03.2024,galaxy,TRUE
20.03.2024,galaxy,TRUE
20.03.2024,galaxy,TRUE
20.03.2024,galaxy,TRUE
20.03.2024,galaxy,TRUE
20.03.2024,galaxy,TRUE
21.03.2024,galaxy,TRUE
21.03.2024,galaxy,TRUE
21.03.2024,galaxy,TRUE
21.03.2024,galaxy,TRUE
21.03.2024,galaxy,TRUE
21.03.2024,galaxy,TRUE
21.03.2024,galaxy,TRUE
21.03.2024,galaxy,TRUE
21.03.2024,galaxy,TRUE
21.03.2024,galaxy,TRUE
21.03.2024,galaxy,TRUE
21.03.2024,galaxy,TRUE
21.03.2024,galaxy,TRUE
22.03.2024,galaxy,TRUE
22.03.2024,galaxy,TRUE
22.03.2024,galaxy,TRUE
22.03.2024,galaxy,TRUE
22.03.2024,galaxy,TRUE
22.03.2024,galaxy,TRUE
25.03.2024,galaxy,TRUE
25.03.2024,galaxy,TRUE
25.03.2024,galaxy,TRUE
25.03.2024,galaxy,TRUE
25.03.2024,galaxy,TRUE
25.03.2024,galaxy,TRUE
25.03.2024,galaxy,TRUE
25.03.2024,galaxy,TRUE
25.03.2024,galaxy,TRUE
25.03.2024,galaxy,TRUE
26.03.2024,galaxy,TRUE
26.03.2024,galaxy,TRUE
26.03.2024,galaxy,TRUE
26.03.2024,galaxy,TRUE
26.03.2024,galaxy,TRUE
26.03.2024,galaxy,TRUE
27.03.2024,galaxy,TRUE
27.03.2024,galaxy,TRUE
27.03.2024,galaxy,TRUE
27.03.2024,galaxy,TRUE
27.03.2024,galaxy,TRUE
27.03.2024,galaxy,TRUE
29.03.2024,galaxy,TRUE
29.03.2024,galaxy,TRUE
29.03.2024,galaxy,TRUE
29.03.2024,galaxy,TRUE
29.03.2024,galaxy,TRUE
29.03.2024,galaxy,TRUE
03.04.2024,galaxy,TRUE
03.04.2024,galaxy,TRUE
03.04.2024,galaxy,TRUE
04.04.2024,galaxy,TRUE
04.04.2024,galaxy,TRUE
04.04.2024,galaxy,TRUE
04.04.2024,galaxy,TRUE
04.04.2024,galaxy,TRUE
04.04.2024,galaxy,TRUE
04.04.2024,galaxy,TRUE
04.04.2024,galaxy,TRUE
04.04.2024,galaxy,TRUE
08.04.2024,galaxy,TRUE
08.04.2024,galaxy,TRUE
08.04.2024,galaxy,TRUE
09.04.2024,galaxy,TRUE
09.04.2024,galaxy,TRUE
09.04.2024,galaxy,TRUE
10.04.2024,galaxy,TRUE
10.04.2024,galaxy,TRUE
10.04.2024,galaxy,TRUE
10.04.2024,galaxy,TRUE
10.04.2024,galaxy,TRUE
10.04.2024,galaxy,TRUE
11.04.2024,galaxy,TRUE
11.04.2024,galaxy,TRUE
11.04.2024,galaxy,TRUE
11.04.2024,galaxy,TRUE
11.04.2024,galaxy,TRUE
11.04.2024,galaxy,TRUE
15.04.2024,galaxy,TRUE
15.04.2024,galaxy,TRUE
15.04.2024,galaxy,TRUE
16.04.2024,galaxy,TRUE
16.04.2024,galaxy,TRUE
16.04.2024,galaxy,TRUE
17.04.2024,galaxy,TRUE
17.04.2024,galaxy,TRUE
17.04.2024,galaxy,TRUE
17.04.2024,galaxy,TRUE
17.04.2024,galaxy,TRUE
17.04.2024,galaxy,TRUE
22.04.2024,galaxy,TRUE
22.04.2024,galaxy,TRUE
22.04.2024,galaxy,TRUE
22.04.2024,galaxy,TRUE
22.04.2024,galaxy,TRUE
22.04.2024,galaxy,TRUE
22.04.2024,galaxy,TRUE
22.04.2024,galaxy,TRUE
23.04.2024,galaxy,TRUE
23.04.2024,galaxy,TRUE
23.04.2024,galaxy,TRUE
23.04.2024,galaxy,TRUE
23.04.2024,galaxy,TRUE
23.04.2024,galaxy,TRUE
24.04.2024,galaxy,TRUE
24.04.2024,galaxy,TRUE
24.04.2024,galaxy,TRUE
24.04.2024,galaxy,TRUE
24.04.2024,galaxy,TRUE
24.04.2024,galaxy,TRUE
24.04.2024,galaxy,TRUE
24.04.2024,galaxy,TRUE
24.04.2024,galaxy,TRUE
25.04.2024,galaxy,TRUE
25.04.2024,galaxy,TRUE
25.04.2024,galaxy,TRUE
29.04.2024,galaxy,TRUE
29.04.2024,galaxy,TRUE
29.04.2024,galaxy,TRUE
03.05.2024,galaxy,TRUE
03.05.2024,galaxy,TRUE
03.05.2024,galaxy,TRUE
08.05.2024,galaxy,TRUE
08.05.2024,galaxy,TRUE
08.05.2024,galaxy,TRUE
13.05.2024,galaxy,TRUE
13.05.2024,galaxy,TRUE
13.05.2024,galaxy,TRUE
14.05.2024,galaxy,TRUE
14.05.2024,galaxy,TRUE
14.05.2024,galaxy,TRUE
14.05.2024,galaxy,TRUE
14.05.2024,galaxy,TRUE
14.05.2024,galaxy,TRUE
14.05.2024,galaxy,TRUE
14.05.2024,galaxy,TRUE
14.05.2024,galaxy,TRUE
15.05.2024,galaxy,TRUE
15.05.2024,galaxy,TRUE
15.05.2024,galaxy,TRUE
15.05.2024,galaxy,TRUE
15.05.2024,galaxy,TRUE
15.05.2024,galaxy,TRUE
15.05.2024,galaxy,TRUE
15.05.2024,galaxy,TRUE
15.05.2024,galaxy,TRUE
16.05.2024,galaxy,TRUE
16.05.2024,galaxy,TRUE
16.05.2024,galaxy,TRUE
16.05.2024,galaxy,TRUE
16.05.2024,galaxy,TRUE
16.05.2024,galaxy,TRUE
20.05.2024,galaxy,TRUE
20.05.2024,galaxy,TRUE
20.05.2024,galaxy,TRUE
21.05.2024,galaxy,TRUE
21.05.2024,galaxy,TRUE
21.05.2024,galaxy,TRUE
22.05.2024,galaxy,TRUE
22.05.2024,galaxy,TRUE
22.05.2024,galaxy,TRUE
23.05.2024,galaxy,TRUE
23.05.2024,galaxy,TRUE
23.05.2024,galaxy,TRUE
27.05.2024,galaxy,TRUE
27.05.2024,galaxy,TRUE
27.05.2024,galaxy,TRUE
27.05.2024,galaxy,TRUE
27.05.2024,galaxy,TRUE
27.05.2024,galaxy,TRUE
28.05.2024,galaxy,TRUE
28.05.2024,galaxy,TRUE
28.05.2024,galaxy,TRUE
29.05.2024,galaxy,TRUE
29.05.2024,galaxy,TRUE
29.05.2024,galaxy,TRUE
30.05.2024,galaxy,TRUE
30.05.2024,galaxy,TRUE
30.05.2024,galaxy,TRUE
03.06.2024,galaxy,TRUE
03.06.2024,galaxy,TRUE
03.06.2024,galaxy,TRUE
04.06.2024,galaxy,TRUE
04.06.2024,galaxy,TRUE
04.06.2024,galaxy,TRUE
05.06.2024,galaxy,TRUE
05.06.2024,galaxy,TRUE
05.06.2024,galaxy,TRUE
06.06.2024,galaxy,TRUE
06.06.2024,galaxy,TRUE
06.06.2024,galaxy,TRUE
12.06.2024,galaxy,TRUE
12.06.2024,galaxy,TRUE
12.06.2024,galaxy,TRUE
12.06.2024,galaxy,TRUE
12.06.2024,galaxy,TRUE
12.06.2024,galaxy,TRUE
13.06.2024,galaxy,TRUE
13.06.2024,galaxy,TRUE
13.06.2024,galaxy,TRUE
13.06.2024,galaxy,TRUE
13.06.2024,galaxy,TRUE
13.06.2024,galaxy,TRUE
18.06.2024,galaxy,TRUE
18.06.2024,galaxy,TRUE
18.06.2024,galaxy,TRUE
19.06.2024,galaxy,TRUE
19.06.2024,galaxy,TRUE
19.06.2024,galaxy,TRUE
19.06.2024,galaxy,TRUE
19.06.2024,galaxy,TRUE
19.06.2024,galaxy,TRUE
20.06.2024,galaxy,TRUE
20.06.2024,galaxy,TRUE
20.06.2024,galaxy,TRUE
20.06.2024,galaxy,TRUE
20.06.2024,galaxy,TRUE
20.06.2024,galaxy,TRUE
20.06.2024,galaxy,TRUE
20.06.2024,galaxy,TRUE
20.06.2024,galaxy,TRUE
20.06.2024,galaxy,TRUE
20.06.2024,galaxy,TRUE
20.06.2024,galaxy,TRUE
21.06.2024,galaxy,FALSE
21.06.2024,galaxy,TRUE
21.06.2024,galaxy,TRUE
26.06.2024,galaxy,TRUE
26.06.2024,galaxy,TRUE
26.06.2024,galaxy,TRUE
26.06.2024,galaxy,TRUE
26.06.2024,galaxy,TRUE
26.06.2024,galaxy,TRUE
26.06.2024,galaxy,TRUE
26.06.2024,galaxy,TRUE
26.06.2024,galaxy,TRUE
26.06.2024,galaxy,TRUE
27.06.2024,galaxy,TRUE
27.06.2024,galaxy,TRUE
27.06.2024,galaxy,TRUE
27.06.2024,galaxy,TRUE
27.06.2024,galaxy,TRUE
27.06.2024,galaxy,TRUE
27.06.2024,galaxy,TRUE
27.06.2024,galaxy,TRUE
27.06.2024,galaxy,TRUE
01.07.2024,galaxy,TRUE
01.07.2024,galaxy,TRUE
01.07.2024,galaxy,TRUE
03.07.2024,galaxy,TRUE
03.07.2024,galaxy,TRUE
03.07.2024,galaxy,TRUE
04.07.2024,galaxy,TRUE
04.07.2024,galaxy,TRUE
04.07.2024,galaxy,TRUE
05.07.2024,galaxy,TRUE
05.07.2024,galaxy,TRUE
05.07.2024,galaxy,TRUE
08.07.2024,galaxy,TRUE
08.07.2024,galaxy,TRUE
08.07.2024,galaxy,TRUE
09.07.2024,galaxy,TRUE
09.07.2024,galaxy,TRUE
09.07.2024,galaxy,TRUE
09.07.2024,galaxy,TRUE
09.07.2024,galaxy,TRUE
09.07.2024,galaxy,TRUE
10.07.2024,galaxy,TRUE
10.07.2024,galaxy,TRUE
10.07.2024,galaxy,TRUE
10.07.2024,galaxy,TRUE
10.07.2024,galaxy,TRUE
10.07.2024,galaxy,TRUE
11.07.2024,galaxy,TRUE
11.07.2024,galaxy,TRUE
11.07.2024,galaxy,TRUE
12.07.2024,galaxy,TRUE
12.07.2024,galaxy,TRUE
12.07.2024,galaxy,TRUE
12.07.2024,galaxy,TRUE
12.07.2024,galaxy,TRUE
12.07.2024,galaxy,TRUE
12.07.2024,galaxy,TRUE
12.07.2024,galaxy,TRUE
12.07.2024,galaxy,TRUE
16.07.2024,galaxy,TRUE
16.07.2024,galaxy,TRUE
16.07.2024,galaxy,TRUE
17.07.2024,galaxy,TRUE
17.07.2024,galaxy,TRUE
17.07.2024,galaxy,TRUE
17.07.2024,galaxy,TRUE
17.07.2024,galaxy,TRUE
17.07.2024,galaxy,TRUE
22.07.2024,galaxy,TRUE
22.07.2024,galaxy,TRUE
22.07.2024,galaxy,TRUE
22.07.2024,galaxy,TRUE
22.07.2024,galaxy,TRUE
22.07.2024,galaxy,TRUE
22.07.2024,galaxy,TRUE
22.07.2024,galaxy,TRUE
22.07.2024,galaxy,TRUE
22.07.2024,galaxy,TRUE
22.07.2024,galaxy,TRUE
22.07.2024,galaxy,TRUE
23.07.2024,galaxy,TRUE
23.07.2024,galaxy,TRUE
23.07.2024,galaxy,TRUE
23.07.2024,galaxy,TRUE
23.07.2024,galaxy,TRUE
23.07.2024,galaxy,TRUE
23.07.2024,galaxy,TRUE
23.07.2024,galaxy,TRUE
23.07.2024,galaxy,TRUE
23.07.2024,galaxy,TRUE
23.07.2024,galaxy,TRUE
23.07.2024,galaxy,TRUE
23.07.2024,galaxy,TRUE
23.07.2024,galaxy,TRUE
23.07.2024,galaxy,TRUE
24.07.2024,galaxy,TRUE
24.07.2024,galaxy,TRUE
24.07.2024,galaxy,TRUE
24.07.2024,galaxy,TRUE
24.07.2024,galaxy,TRUE
24.07.2024,galaxy,TRUE
24.07.2024,galaxy,TRUE
24.07.2024,galaxy,TRUE
25.07.2024,galaxy,TRUE
25.07.2024,galaxy,TRUE
25.07.2024,galaxy,TRUE
30.07.2024,galaxy,TRUE
30.07.2024,galaxy,TRUE
30.07.2024,galaxy,TRUE
31.07.2024,galaxy,TRUE
31.07.2024,galaxy,TRUE
31.07.2024,galaxy,TRUE
31.07.2024,galaxy,TRUE
31.07.2024,galaxy,TRUE
31.07.2024,galaxy,TRUE
31.07.2024,galaxy,TRUE
31.07.2024,galaxy,TRUE
31.07.2024,galaxy,TRUE
01.08.2024,galaxy,TRUE
01.08.2024,galaxy,TRUE
01.08.2024,galaxy,TRUE
01.08.2024,galaxy,TRUE
01.08.2024,galaxy,TRUE
01.08.2024,galaxy,TRUE
01.08.2024,galaxy,TRUE
01.08.2024,galaxy,TRUE
01.08.2024,galaxy,TRUE
01.08.2024,galaxy,TRUE
01.08.2024,galaxy,TRUE
01.08.2024,galaxy,TRUE
01.08.2024,galaxy,TRUE
01.08.2024,galaxy,TRUE
01.08.2024,galaxy,TRUE
02.08.2024,galaxy,TRUE
02.08.2024,galaxy,TRUE
02.08.2024,galaxy,TRUE
05.08.2024,galaxy,TRUE
05.08.2024,galaxy,TRUE
05.08.2024,galaxy,TRUE
05.08.2024,galaxy,TRUE
05.08.2024,galaxy,TRUE
05.08.2024,galaxy,TRUE
05.08.2024,galaxy,TRUE
05.08.2024,galaxy,TRUE
05.08.2024,galaxy,TRUE
05.08.2024,galaxy,TRUE
05.08.2024,galaxy,TRUE
05.08.2024,galaxy,TRUE
06.08.2024,galaxy,TRUE
06.08.2024,galaxy,TRUE
06.08.2024,galaxy,TRUE
06.08.2024,galaxy,TRUE
06.08.2024,galaxy,TRUE
06.08.2024,galaxy,TRUE
07.08.2024,galaxy,TRUE
07.08.2024,galaxy,TRUE
07.08.2024,galaxy,TRUE
07.08.2024,galaxy,TRUE
07.08.2024,galaxy,TRUE
07.08.2024,galaxy,TRUE
08.08.2024,galaxy,TRUE
08.08.2024,galaxy,TRUE
08.08.2024,galaxy,TRUE
08.08.2024,galaxy,TRUE
08.08.2024,galaxy,TRUE
08.08.2024,galaxy,TRUE
12.08.2024,galaxy,TRUE
12.08.2024,galaxy,TRUE
12.08.2024,galaxy,TRUE
13.08.2024,galaxy,TRUE
13.08.2024,galaxy,TRUE
13.08.2024,galaxy,TRUE
13.08.2024,galaxy,TRUE
13.08.2024,galaxy,TRUE
13.08.2024,galaxy,TRUE
14.08.2024,galaxy,TRUE
14.08.2024,galaxy,TRUE
14.08.2024,galaxy,TRUE
14.08.2024,galaxy,TRUE
14.08.2024,galaxy,TRUE
14.08.2024,galaxy,TRUE
14.08.2024,galaxy,TRUE
14.08.2024,galaxy,TRUE
14.08.2024,galaxy,TRUE
14.08.2024,galaxy,TRUE
14.08.2024,galaxy,TRUE
14.08.2024,galaxy,TRUE
14.08.2024,galaxy,TRUE
14.08.2024,galaxy,TRUE
14.08.2024,galaxy,TRUE
16.08.2024,galaxy,TRUE
16.08.2024,galaxy,TRUE
16.08.2024,galaxy,TRUE
19.08.2024,galaxy,TRUE
19.08.2024,galaxy,TRUE
19.08.2024,galaxy,TRUE
19.08.2024,galaxy,TRUE
19.08.2024,galaxy,TRUE
19.08.2024,galaxy,TRUE
19.08.2024,galaxy,TRUE
19.08.2024,galaxy,TRUE
19.08.2024,galaxy,TRUE
19.08.2024,galaxy,TRUE
19.08.2024,galaxy,TRUE
19.08.2024,galaxy,TRUE
20.08.2024,galaxy,TRUE
20.08.2024,galaxy,TRUE
20.08.2024,galaxy,TRUE
20.08.2024,galaxy,TRUE
20.08.2024,galaxy,TRUE
20.08.2024,galaxy,TRUE
20.08.2024,galaxy,TRUE
20.08.2024,galaxy,TRUE
20.08.2024,galaxy,TRUE
21.08.2024,galaxy,TRUE
21.08.2024,galaxy,TRUE
21.08.2024,galaxy,TRUE
21.08.2024,galaxy,TRUE
21.08.2024,galaxy,TRUE
21.08.2024,galaxy,TRUE
21.08.2024,galaxy,TRUE
21.08.2024,galaxy,TRUE
21.08.2024,galaxy,TRUE
21.08.2024,galaxy,TRUE
21.08.2024,galaxy,TRUE
21.08.2024,galaxy,TRUE
21.08.2024,galaxy,TRUE
21.08.2024,galaxy,TRUE
21.08.2024,galaxy,TRUE
21.08.2024,galaxy,TRUE
21.08.2024,galaxy,TRUE
21.08.2024,galaxy,TRUE
22.08.2024,galaxy,TRUE
22.08.2024,galaxy,TRUE
22.08.2024,galaxy,TRUE
27.08.2024,galaxy,TRUE
27.08.2024,galaxy,TRUE
27.08.2024,galaxy,TRUE
27.08.2024,galaxy,TRUE
27.08.2024,galaxy,TRUE
27.08.2024,galaxy,TRUE
28.08.2024,galaxy,TRUE
28.08.2024,galaxy,TRUE
28.08.2024,galaxy,TRUE
28.08.2024,galaxy,TRUE
28.08.2024,galaxy,TRUE
28.08.2024,galaxy,TRUE
28.08.2024,galaxy,TRUE
28.08.2024,galaxy,TRUE
28.08.2024,galaxy,TRUE
28.08.2024,galaxy,TRUE
28.08.2024,galaxy,TRUE
28.08.2024,galaxy,TRUE
29.08.2024,galaxy,TRUE
29.08.2024,galaxy,TRUE
29.08.2024,galaxy,TRUE
30.08.2024,galaxy,TRUE
30.08.2024,galaxy,TRUE
30.08.2024,galaxy,TRUE
02.09.2024,galaxy,TRUE
02.09.2024,galaxy,TRUE
02.09.2024,galaxy,TRUE
03.09.2024,galaxy,TRUE
03.09.2024,galaxy,TRUE
03.09.2024,galaxy,TRUE
03.09.2024,galaxy,TRUE
03.09.2024,galaxy,TRUE
03.09.2024,galaxy,TRUE
03.09.2024,galaxy,TRUE
03.09.2024,galaxy,TRUE
03.09.2024,galaxy,TRUE
04.09.2024,galaxy,TRUE
04.09.2024,galaxy,TRUE
04.09.2024,galaxy,TRUE
05.09.2024,galaxy,TRUE
05.09.2024,galaxy,TRUE
05.09.2024,galaxy,TRUE
05.09.2024,galaxy,TRUE
05.09.2024,galaxy,TRUE
05.09.2024,galaxy,TRUE
09.09.2024,galaxy,TRUE
09.09.2024,galaxy,TRUE
09.09.2024,galaxy,TRUE
09.09.2024,galaxy,TRUE
09.09.2024,galaxy,TRUE
09.09.2024,galaxy,TRUE
10.09.2024,galaxy,TRUE
10.09.2024,galaxy,TRUE
10.09.2024,galaxy,TRUE
10.09.2024,galaxy,TRUE
10.09.2024,galaxy,TRUE
10.09.2024,galaxy,TRUE
11.09.2024,galaxy,TRUE
11.09.2024,galaxy,TRUE
11.09.2024,galaxy,TRUE
11.09.2024,galaxy,TRUE
11.09.2024,galaxy,TRUE
11.09.2024,galaxy,TRUE
12.09.2024,galaxy,TRUE
12.09.2024,galaxy,TRUE
12.09.2024,galaxy,TRUE
12.09.2024,galaxy,TRUE
12.09.2024,galaxy,TRUE
12.09.2024,galaxy,TRUE
13.09.2024,galaxy,TRUE
13.09.2024,galaxy,TRUE
13.09.2024,galaxy,TRUE
13.09.2024,galaxy,TRUE
13.09.2024,galaxy,TRUE
13.09.2024,galaxy,TRUE
16.09.2024,galaxy,TRUE
16.09.2024,galaxy,TRUE
16.09.2024,galaxy,TRUE
16.09.2024,galaxy,TRUE
16.09.2024,galaxy,TRUE
16.09.2024,galaxy,TRUE
16.09.2024,galaxy,TRUE
16.09.2024,galaxy,TRUE
16.09.2024,galaxy,TRUE
17.09.2024,galaxy,TRUE
17.09.2024,galaxy,TRUE
17.09.2024,galaxy,TRUE
17.09.2024,galaxy,TRUE
17.09.2024,galaxy,TRUE
17.09.2024,galaxy,TRUE
18.09.2024,galaxy,TRUE
18.09.2024,galaxy,TRUE
18.09.2024,galaxy,TRUE
18.09.2024,galaxy,TRUE
18.09.2024,galaxy,TRUE
18.09.2024,galaxy,TRUE
18.09.2024,galaxy,TRUE
18.09.2024,galaxy,TRUE
18.09.2024,galaxy,TRUE
19.09.2024,galaxy,TRUE
19.09.2024,galaxy,TRUE
19.09.2024,galaxy,TRUE
19.09.2024,galaxy,TRUE
19.09.2024,galaxy,TRUE
19.09.2024,galaxy,TRUE
23.09.2024,galaxy,TRUE
23.09.2024,galaxy,TRUE
23.09.2024,galaxy,TRUE
23.09.2024,galaxy,TRUE
23.09.2024,galaxy,TRUE
23.09.2024,galaxy,TRUE
23.09.2024,galaxy,TRUE
23.09.2024,galaxy,TRUE
23.09.2024,galaxy,TRUE
24.09.2024,galaxy,TRUE
24.09.2024,galaxy,TRUE
24.09.2024,galaxy,TRUE
24.09.2024,galaxy,TRUE
24.09.2024,galaxy,TRUE
24.09.2024,galaxy,TRUE
25.09.2024,galaxy,TRUE
25.09.2024,galaxy,TRUE
25.09.2024,galaxy,TRUE
26.09.2024,galaxy,TRUE
26.09.2024,galaxy,TRUE
26.09.2024,galaxy,TRUE
30.09.2024,galaxy,TRUE
30.09.2024,galaxy,TRUE
30.09.2024,galaxy,TRUE
01.10.2024,galaxy,TRUE
01.10.2024,galaxy,TRUE
02.10.2024,galaxy,TRUE
02.10.2024,galaxy,TRUE
02.10.2024,galaxy,TRUE
03.10.2024,galaxy,TRUE
03.10.2024,galaxy,TRUE
03.10.2024,galaxy,TRUE
07.10.2024,galaxy,TRUE
07.10.2024,galaxy,TRUE
07.10.2024,galaxy,TRUE
08.10.2024,galaxy,TRUE
08.10.2024,galaxy,TRUE
08.10.2024,galaxy,TRUE
09.10.2024,galaxy,TRUE
09.10.2024,galaxy,TRUE
09.10.2024,galaxy,TRUE
09.10.2024,galaxy,TRUE
09.10.2024,galaxy,TRUE
09.10.2024,galaxy,TRUE
10.10.2024,galaxy,TRUE
10.10.2024,galaxy,TRUE
10.10.2024,galaxy,TRUE
10.10.2024,galaxy,TRUE
10.10.2024,galaxy,TRUE
10.10.2024,galaxy,TRUE
14.10.2024,galaxy,TRUE
14.10.2024,galaxy,TRUE
14.10.2024,galaxy,TRUE
14.10.2024,galaxy,TRUE
14.10.2024,galaxy,TRUE
14.10.2024,galaxy,TRUE
15.10.2024,galaxy,TRUE
15.10.2024,galaxy,TRUE
15.10.2024,galaxy,TRUE
15.10.2024,galaxy,TRUE
15.10.2024,galaxy,TRUE
15.10.2024,galaxy,TRUE
16.10.2024,galaxy,TRUE
16.10.2024,galaxy,TRUE
16.10.2024,galaxy,TRUE
17.10.2024,galaxy,TRUE
17.10.2024,galaxy,TRUE
17.10.2024,galaxy,TRUE
21.10.2024,galaxy,TRUE
21.10.2024,galaxy,TRUE
21.10.2024,galaxy,TRUE
22.10.2024,galaxy,TRUE
22.10.2024,galaxy,TRUE
22.10.2024,galaxy,TRUE
23.10.2024,galaxy,TRUE
23.10.2024,galaxy,TRUE
23.10.2024,galaxy,TRUE
24.10.2024,galaxy,TRUE
24.10.2024,galaxy,TRUE
24.10.2024,galaxy,TRUE
24.10.2024,galaxy,TRUE
24.10.2024,galaxy,TRUE
24.10.2024,galaxy,TRUE
28.10.2024,galaxy,TRUE
28.10.2024,galaxy,TRUE
28.10.2024,galaxy,TRUE
28.10.2024,galaxy,TRUE
28.10.2024,galaxy,TRUE
28.10.2024,galaxy,TRUE
28.10.2024,galaxy,TRUE
28.10.2024,galaxy,TRUE
28.10.2024,galaxy,TRUE
29.10.2024,galaxy,TRUE
29.10.2024,galaxy,TRUE
29.10.2024,galaxy,TRUE
30.10.2024,galaxy,TRUE
30.10.2024,galaxy,TRUE
30.10.2024,galaxy,TRUE
31.10.2024,galaxy,TRUE
31.10.2024,galaxy,TRUE
31.10.2024,galaxy,TRUE
04.11.2024,galaxy,TRUE
04.11.2024,galaxy,TRUE
04.11.2024,galaxy,TRUE
04.11.2024,galaxy,TRUE
04.11.2024,galaxy,TRUE
04.11.2024,galaxy,TRUE
04.11.2024,galaxy,TRUE
04.11.2024,galaxy,TRUE
04.11.2024,galaxy,TRUE
05.11.2024,galaxy,TRUE
05.11.2024,galaxy,TRUE
05.11.2024,galaxy,TRUE
06.11.2024,galaxy,TRUE
06.11.2024,galaxy,TRUE
06.11.2024,galaxy,TRUE
06.11.2024,galaxy,TRUE
06.11.2024,galaxy,TRUE
06.11.2024,galaxy,TRUE
07.11.2024,galaxy,TRUE
07.11.2024,galaxy,TRUE
07.11.2024,galaxy,TRUE
11.11.2024,galaxy,TRUE
11.11.2024,galaxy,TRUE
11.11.2024,galaxy,TRUE
12.11.2024,galaxy,TRUE
12.11.2024,galaxy,TRUE
12.11.2024,galaxy,TRUE
12.11.2024,galaxy,TRUE
12.11.2024,galaxy,TRUE
12.11.2024,galaxy,TRUE
13.11.2024,galaxy,TRUE
13.11.2024,galaxy,TRUE
13.11.2024,galaxy,TRUE
13.11.2024,galaxy,TRUE
13.11.2024,galaxy,TRUE
13.11.2024,galaxy,TRUE
14.11.2024,galaxy,TRUE
14.11.2024,galaxy,TRUE
14.11.2024,galaxy,TRUE
15.11.2024,galaxy,TRUE
15.11.2024,galaxy,TRUE
15.11.2024,galaxy,TRUE
19.11.2024,galaxy,TRUE
19.11.2024,galaxy,TRUE
19.11.2024,galaxy,TRUE
19.11.2024,galaxy,TRUE
19.11.2024,galaxy,TRUE
19.11.2024,galaxy,TRUE
20.11.2024,galaxy,TRUE
20.11.2024,galaxy,TRUE
20.11.2024,galaxy,TRUE
20.11.2024,galaxy,TRUE
20.11.2024,galaxy,TRUE
20.11.2024,galaxy,TRUE
21.11.2024,galaxy,TRUE
21.11.2024,galaxy,TRUE
21.11.2024,galaxy,TRUE
21.11.2024,galaxy,TRUE
21.11.2024,galaxy,TRUE
21.11.2024,galaxy,TRUE
21.11.2024,galaxy,TRUE
21.11.2024,galaxy,TRUE
21.11.2024,galaxy,TRUE
25.11.2024,galaxy,TRUE
25.11.2024,galaxy,TRUE
25.11.2024,galaxy,TRUE
25.11.2024,galaxy,TRUE
25.11.2024,galaxy,TRUE
25.11.2024,galaxy,TRUE
26.11.2024,galaxy,TRUE
26.11.2024,galaxy,TRUE
26.11.2024,galaxy,TRUE
27.11.2024,galaxy,TRUE
27.11.2024,galaxy,TRUE
27.11.2024,galaxy,TRUE
27.11.2024,galaxy,TRUE
27.11.2024,galaxy,TRUE
27.11.2024,galaxy,TRUE
28.11.2024,galaxy,TRUE
28.11.2024,galaxy,TRUE
28.11.2024,galaxy,TRUE
28.11.2024,galaxy,TRUE
28.11.2024,galaxy,TRUE
28.11.2024,galaxy,TRUE
28.11.2024,galaxy,TRUE
28.11.2024,galaxy,TRUE
28.11.2024,galaxy,TRUE
02.12.2024,galaxy,TRUE
02.12.2024,galaxy,TRUE
02.12.2024,galaxy,TRUE
02.12.2024,galaxy,TRUE
02.12.2024,galaxy,TRUE
02.12.2024,galaxy,TRUE
03.12.2024,galaxy,TRUE
03.12.2024,galaxy,TRUE
03.12.2024,galaxy,TRUE
03.12.2024,galaxy,TRUE
03.12.2024,galaxy,TRUE
03.12.2024,galaxy,TRUE
04.12.2024,galaxy,TRUE
04.12.2024,galaxy,TRUE
04.12.2024,galaxy,TRUE
04.12.2024,galaxy,TRUE
04.12.2024,galaxy,TRUE
04.12.2024,galaxy,TRUE
05.12.2024,galaxy,TRUE
05.12.2024,galaxy,TRUE
05.12.2024,galaxy,TRUE
05.12.2024,galaxy,TRUE
05.12.2024,galaxy,TRUE
05.12.2024,galaxy,TRUE
09.12.2024,galaxy,TRUE
09.12.2024,galaxy,TRUE
09.12.2024,galaxy,TRUE
10.12.2024,galaxy,TRUE
10.12.2024,galaxy,TRUE
10.12.2024,galaxy,TRUE
10.12.2024,galaxy,TRUE
10.12.2024,galaxy,TRUE
10.12.2024,galaxy,TRUE
10.12.2024,galaxy,TRUE
10.12.2024,galaxy,TRUE
10.12.2024,galaxy,TRUE
11.12.2024,galaxy,TRUE
11.12.2024,galaxy,TRUE
11.12.2024,galaxy,TRUE
12.12.2024,galaxy,TRUE
12.12.2024,galaxy,TRUE
12.12.2024,galaxy,TRUE
12.12.2024,galaxy,TRUE
12.12.2024,galaxy,TRUE
12.12.2024,galaxy,TRUE
12.12.2024,galaxy,TRUE
12.12.2024,galaxy,TRUE
12.12.2024,galaxy,TRUE
16.12.2024,galaxy,TRUE
16.12.2024,galaxy,TRUE
16.12.2024,galaxy,TRUE
17.12.2024,galaxy,TRUE
17.12.2024,galaxy,TRUE
17.12.2024,galaxy,TRUE
18.12.2024,galaxy,TRUE
18.12.2024,galaxy,TRUE
18.12.2024,galaxy,TRUE
19.12.2024,galaxy,TRUE
19.12.2024,galaxy,TRUE
19.12.2024,galaxy,TRUE
23.12.2024,galaxy,TRUE
23.12.2024,galaxy,TRUE
24.12.2024,galaxy,TRUE
24.12.2024,galaxy,TRUE
24.12.2024,galaxy,TRUE
06.01.2025,galaxy,TRUE
06.01.2025,galaxy,TRUE
06.01.2025,galaxy,TRUE
07.01.2025,galaxy,TRUE
07.01.2025,galaxy,TRUE
07.01.2025,galaxy,TRUE
07.01.2025,galaxy,TRUE
07.01.2025,galaxy,TRUE
07.01.2025,galaxy,TRUE
08.01.2025,galaxy,TRUE
08.01.2025,galaxy,TRUE
08.01.2025,galaxy,TRUE
08.01.2025,galaxy,TRUE
08.01.2025,galaxy,TRUE
08.01.2025,galaxy,TRUE
10.01.2025,galaxy,TRUE
10.01.2025,galaxy,TRUE
10.01.2025,galaxy,TRUE
13.01.2025,galaxy,TRUE
13.01.2025,galaxy,TRUE
13.01.2025,galaxy,TRUE
14.01.2025,galaxy,TRUE
14.01.2025,galaxy,TRUE
14.01.2025,galaxy,TRUE
14.01.2025,galaxy,TRUE
14.01.2025,galaxy,TRUE
14.01.2025,galaxy,TRUE
16.01.2025,galaxy,TRUE
16.01.2025,galaxy,TRUE
16.01.2025,galaxy,TRUE
20.01.2025,galaxy,TRUE
20.01.2025,galaxy,TRUE
20.01.2025,galaxy,TRUE
20.01.2025,galaxy,TRUE
20.01.2025,galaxy,TRUE
20.01.2025,galaxy,TRUE
20.01.2025,galaxy,TRUE
20.01.2025,galaxy,TRUE
20.01.2025,galaxy,TRUE
21.01.2025,galaxy,TRUE
21.01.2025,galaxy,TRUE
21.01.2025,galaxy,TRUE
21.01.2025,galaxy,TRUE
21.01.2025,galaxy,TRUE
21.01.2025,galaxy,TRUE
21.01.2025,galaxy,TRUE
21.01.2025,galaxy,TRUE
21.01.2025,galaxy,TRUE
22.01.2025,galaxy,TRUE
22.01.2025,galaxy,TRUE
22.01.2025,galaxy,TRUE
27.01.2025,galaxy,TRUE
27.01.2025,galaxy,TRUE
27.01.2025,galaxy,TRUE
27.01.2025,galaxy,TRUE
27.01.2025,galaxy,TRUE
27.01.2025,galaxy,TRUE
29.01.2025,galaxy,TRUE
29.01.2025,galaxy,TRUE
29.01.2025,galaxy,TRUE
29.01.2025,galaxy,TRUE
29.01.2025,galaxy,TRUE
29.01.2025,galaxy,TRUE
30.01.2025,galaxy,TRUE
30.01.2025,galaxy,TRUE
30.01.2025,galaxy,TRUE
03.02.2025,galaxy,TRUE
03.02.2025,galaxy,TRUE
03.02.2025,galaxy,TRUE
04.02.2025,galaxy,TRUE
04.02.2025,galaxy,TRUE
04.02.2025,galaxy,TRUE
06.02.2025,galaxy,TRUE
06.02.2025,galaxy,TRUE
06.02.2025,galaxy,TRUE
06.02.2025,galaxy,TRUE
06.02.2025,galaxy,TRUE
06.02.2025,galaxy,TRUE
11.02.2025,galaxy,TRUE
11.02.2025,galaxy,TRUE
11.02.2025,galaxy,TRUE
13.02.2025,galaxy,TRUE
13.02.2025,galaxy,TRUE
13.02.2025,galaxy,TRUE
13.02.2025,galaxy,TRUE
13.02.2025,galaxy,TRUE
13.02.2025,galaxy,TRUE
17.02.2025,galaxy,TRUE
17.02.2025,galaxy,TRUE
17.02.2025,galaxy,TRUE
20.02.2025,galaxy,TRUE
20.02.2025,galaxy,TRUE
20.02.2025,galaxy,TRUE
20.02.2025,galaxy,TRUE
20.02.2025,galaxy,TRUE
20.02.2025,galaxy,TRUE
20.02.2025,galaxy,TRUE
20.02.2025,galaxy,TRUE
20.02.2025,galaxy,TRUE
20.02.2025,galaxy,TRUE
20.02.2025,galaxy,TRUE
20.02.2025,galaxy,TRUE
25.02.2025,galaxy,TRUE
25.02.2025,galaxy,TRUE
25.02.2025,galaxy,TRUE
25.02.2025,galaxy,TRUE
25.02.2025,galaxy,TRUE
25.02.2025,galaxy,TRUE
25.02.2025,galaxy,TRUE
25.02.2025,galaxy,TRUE
25.02.2025,galaxy,TRUE
26.02.2025,galaxy,TRUE
26.02.2025,galaxy,TRUE
26.02.2025,galaxy,TRUE
27.02.2025,galaxy,TRUE
27.02.2025,galaxy,TRUE
27.02.2025,galaxy,TRUE
03.03.2025,galaxy,TRUE
03.03.2025,galaxy,TRUE
03.03.2025,galaxy,TRUE
05.03.2025,galaxy,TRUE
05.03.2025,galaxy,TRUE
05.03.2025,galaxy,TRUE
11.03.2025,galaxy,TRUE
11.03.2025,galaxy,TRUE
11.03.2025,galaxy,TRUE
11.03.2025,galaxy,TRUE
11.03.2025,galaxy,TRUE
11.03.2025,galaxy,TRUE
11.03.2025,galaxy,TRUE
11.03.2025,galaxy,TRUE
12.03.2025,galaxy,TRUE
12.03.2025,galaxy,TRUE
12.03.2025,galaxy,TRUE
13.03.2025,galaxy,TRUE
13.03.2025,galaxy,TRUE
13.03.2025,galaxy,TRUE
17.03.2025,galaxy,TRUE
17.03.2025,galaxy,TRUE
17.03.2025,galaxy,TRUE
17.03.2025,galaxy,TRUE
17.03.2025,galaxy,TRUE
17.03.2025,galaxy,TRUE
19.03.2025,galaxy,TRUE
19.03.2025,galaxy,TRUE
19.03.2025,galaxy,TRUE
20.03.2025,galaxy,TRUE
20.03.2025,galaxy,TRUE
20.03.2025,galaxy,TRUE
21.03.2025,galaxy,TRUE
21.03.2025,galaxy,TRUE
21.03.2025,galaxy,TRUE
21.03.2025,galaxy,TRUE
21.03.2025,galaxy,TRUE
21.03.2025,galaxy,TRUE
21.03.2025,galaxy,TRUE
21.03.2025,galaxy,TRUE
21.03.2025,galaxy,TRUE
24.03.2025,galaxy,TRUE
24.03.2025,galaxy,TRUE
24.03.2025,galaxy,TRUE
24.03.2025,galaxy,TRUE
24.03.2025,galaxy,TRUE
24.03.2025,galaxy,TRUE
24.03.2025,galaxy,TRUE
24.03.2025,galaxy,TRUE
24.03.2025,galaxy,TRUE
26.03.2025,galaxy,TRUE
26.03.2025,galaxy,TRUE
26.03.2025,galaxy,TRUE
26.03.2025,galaxy,TRUE
26.03.2025,galaxy,TRUE
26.03.2025,galaxy,TRUE
26.03.2025,galaxy,TRUE
26.03.2025,galaxy,TRUE
26.03.2025,galaxy,TRUE
26.03.2025,galaxy,TRUE
26.03.2025,galaxy,TRUE
26.03.2025,galaxy,TRUE
27.03.2025,galaxy,TRUE
27.03.2025,galaxy,TRUE
27.03.2025,galaxy,TRUE
27.03.2025,galaxy,TRUE
27.03.2025,galaxy,TRUE
27.03.2025,galaxy,TRUE
28.03.2025,galaxy,TRUE
28.03.2025,galaxy,TRUE
28.03.2025,galaxy,TRUE
28.03.2025,galaxy,TRUE
28.03.2025,galaxy,TRUE
28.03.2025,galaxy,TRUE
28.03.2025,galaxy,TRUE
31.03.2025,galaxy,TRUE
31.03.2025,galaxy,TRUE
31.03.2025,galaxy,TRUE
01.04.2025,galaxy,TRUE
01.04.2025,galaxy,TRUE
01.04.2025,galaxy,TRUE
02.04.2025,galaxy,TRUE
02.04.2025,galaxy,TRUE
02.04.2025,galaxy,TRUE
02.04.2025,galaxy,TRUE
02.04.2025,galaxy,TRUE
02.04.2025,galaxy,TRUE
02.04.2025,galaxy,TRUE
02.04.2025,galaxy,TRUE
02.04.2025,galaxy,TRUE
03.04.2025,galaxy,TRUE
03.04.2025,galaxy,TRUE
03.04.2025,galaxy,TRUE
03.04.2025,galaxy,TRUE
03.04.2025,galaxy,TRUE
03.04.2025,galaxy,TRUE
04.04.2025,galaxy,TRUE
04.04.2025,galaxy,TRUE
04.04.2025,galaxy,TRUE
04.04.2025,galaxy,TRUE
04.04.2025,galaxy,TRUE
04.04.2025,galaxy,TRUE
07.04.2025,galaxy,TRUE
07.04.2025,galaxy,TRUE
07.04.2025,galaxy,TRUE
08.04.2025,galaxy,TRUE
08.04.2025,galaxy,TRUE
08.04.2025,galaxy,TRUE
08.04.2025,galaxy,TRUE
08.04.2025,galaxy,TRUE
08.04.2025,galaxy,TRUE
09.04.2025,galaxy,TRUE
09.04.2025,galaxy,TRUE
09.04.2025,galaxy,TRUE
09.04.2025,galaxy,TRUE
09.04.2025,galaxy,TRUE
09.04.2025,galaxy,TRUE
09.04.2025,galaxy,TRUE
09.04.2025,galaxy,TRUE
09.04.2025,galaxy,TRUE
09.04.2025,galaxy,TRUE
09.04.2025,galaxy,TRUE
09.04.2025,galaxy,TRUE
09.04.2025,galaxy,TRUE
09.04.2025,galaxy,TRUE
09.04.2025,galaxy,TRUE
10.04.2025,galaxy,TRUE
10.04.2025,galaxy,TRUE
10.04.2025,galaxy,TRUE
14.04.2025,galaxy,TRUE
14.04.2025,galaxy,TRUE
14.04.2025,galaxy,TRUE
15.04.2025,galaxy,TRUE
15.04.2025,galaxy,TRUE
15.04.2025,galaxy,TRUE
16.04.2025,galaxy,TRUE
16.04.2025,galaxy,TRUE
16.04.2025,galaxy,TRUE
18.04.2025,galaxy,TRUE
18.04.2025,galaxy,TRUE
18.04.2025,galaxy,TRUE
22.04.2025,galaxy,TRUE
22.04.2025,galaxy,TRUE
22.04.2025,galaxy,TRUE
22.04.2025,galaxy,TRUE
22.04.2025,galaxy,TRUE
22.04.2025,galaxy,TRUE
25.04.2025,galaxy,TRUE
25.04.2025,galaxy,TRUE
25.04.2025,galaxy,TRUE
25.04.2025,galaxy,TRUE
25.04.2025,galaxy,TRUE
25.04.2025,galaxy,TRUE
28.04.2025,galaxy,TRUE
28.04.2025,galaxy,TRUE
28.04.2025,galaxy,TRUE
28.04.2025,galaxy,TRUE
28.04.2025,galaxy,TRUE
28.04.2025,galaxy,TRUE
29.04.2025,galaxy,TRUE
29.04.2025,galaxy,TRUE
29.04.2025,galaxy,TRUE
29.04.2025,galaxy,TRUE
29.04.2025,galaxy,TRUE
29.04.2025,galaxy,TRUE
29.04.2025,galaxy,TRUE
29.04.2025,galaxy,TRUE
29.04.2025,galaxy,TRUE
30.04.2025,galaxy,TRUE
30.04.2025,galaxy,TRUE
30.04.2025,galaxy,TRUE
30.04.2025,galaxy,TRUE
30.04.2025,galaxy,TRUE
30.04.2025,galaxy,TRUE
05.05.2025,galaxy,TRUE
05.05.2025,galaxy,TRUE
05.05.2025,galaxy,TRUE
05.05.2025,galaxy,TRUE
05.05.2025,galaxy,TRUE
05.05.2025,galaxy,TRUE
05.05.2025,galaxy,TRUE
05.05.2025,galaxy,TRUE
05.05.2025,galaxy,TRUE
05.05.2025,galaxy,TRUE
05.05.2025,galaxy,TRUE
05.05.2025,galaxy,TRUE
05.05.2025,galaxy,TRUE
05.05.2025,galaxy,TRUE
05.05.2025,galaxy,TRUE
06.05.2025,galaxy,TRUE
06.05.2025,galaxy,TRUE
06.05.2025,galaxy,TRUE
06.05.2025,galaxy,TRUE
06.05.2025,galaxy,TRUE
06.05.2025,galaxy,TRUE
06.05.2025,galaxy,TRUE
06.05.2025,galaxy,TRUE
06.05.2025,galaxy,TRUE
06.05.2025,galaxy,TRUE
06.05.2025,galaxy,TRUE
06.05.2025,galaxy,TRUE
07.05.2025,galaxy,TRUE
07.05.2025,galaxy,TRUE
07.05.2025,galaxy,TRUE
07.05.2025,galaxy,TRUE
07.05.2025,galaxy,TRUE
07.05.2025,galaxy,TRUE
09.05.2025,galaxy,TRUE
09.05.2025,galaxy,TRUE
09.05.2025,galaxy,TRUE
13.05.2025,galaxy,TRUE
13.05.2025,galaxy,TRUE
13.05.2025,galaxy,TRUE
13.05.2025,galaxy,TRUE
13.05.2025,galaxy,TRUE
13.05.2025,galaxy,TRUE
13.05.2025,galaxy,TRUE
13.05.2025,galaxy,TRUE
13.05.2025,galaxy,TRUE
13.05.2025,galaxy,TRUE
13.05.2025,galaxy,TRUE
14.05.2025,galaxy,TRUE
14.05.2025,galaxy,TRUE
14.05.2025,galaxy,TRUE
14.05.2025,galaxy,TRUE
14.05.2025,galaxy,TRUE
14.05.2025,galaxy,TRUE
15.05.2025,galaxy,TRUE
15.05.2025,galaxy,TRUE
15.05.2025,galaxy,TRUE
16.05.2025,galaxy,TRUE
16.05.2025,galaxy,TRUE
16.05.2025,galaxy,TRUE
19.05.2025,galaxy,TRUE
19.05.2025,galaxy,TRUE
19.05.2025,galaxy,TRUE
19.05.2025,galaxy,TRUE
19.05.2025,galaxy,TRUE
19.05.2025,galaxy,TRUE
19.05.2025,galaxy,TRUE
19.05.2025,galaxy,TRUE
19.05.2025,galaxy,TRUE
19.05.2025,galaxy,TRUE
19.05.2025,galaxy,TRUE
19.05.2025,galaxy,TRUE
20.05.2025,galaxy,TRUE
20.05.2025,galaxy,TRUE
20.05.2025,galaxy,TRUE
21.05.2025,galaxy,TRUE
21.05.2025,galaxy,TRUE
21.05.2025,galaxy,TRUE
21.05.2025,galaxy,TRUE
21.05.2025,galaxy,TRUE
21.05.2025,galaxy,TRUE
22.05.2025,galaxy,TRUE
22.05.2025,galaxy,TRUE
22.05.2025,galaxy,TRUE
22.05.2025,galaxy,TRUE
22.05.2025,galaxy,TRUE
22.05.2025,galaxy,TRUE
22.05.2025,galaxy,TRUE
22.05.2025,galaxy,TRUE
22.05.2025,galaxy,TRUE
26.05.2025,galaxy,TRUE
26.05.2025,galaxy,TRUE
26.05.2025,galaxy,TRUE
27.05.2025,galaxy,TRUE
27.05.2025,galaxy,TRUE
27.05.2025,galaxy,TRUE
27.05.2025,galaxy,TRUE
27.05.2025,galaxy,TRUE
27.05.2025,galaxy,TRUE
28.05.2025,galaxy,TRUE
28.05.2025,galaxy,TRUE
28.05.2025,galaxy,TRUE
28.05.2025,galaxy,TRUE
28.05.2025,galaxy,TRUE
28.05.2025,galaxy,TRUE
29.05.2025,galaxy,TRUE
29.05.2025,galaxy,TRUE
29.05.2025,galaxy,TRUE
02.06.2025,galaxy,TRUE
02.06.2025,galaxy,TRUE
02.06.2025,galaxy,TRUE
02.06.2025,galaxy,TRUE
02.06.2025,galaxy,TRUE
02.06.2025,galaxy,TRUE
03.06.2025,galaxy,TRUE
03.06.2025,galaxy,TRUE
03.06.2025,galaxy,TRUE
03.06.2025,galaxy,TRUE
03.06.2025,galaxy,TRUE
03.06.2025,galaxy,TRUE
04.06.2025,galaxy,TRUE
04.06.2025,galaxy,TRUE
04.06.2025,galaxy,TRUE
05.06.2025,galaxy,TRUE
05.06.2025,galaxy,TRUE
05.06.2025,galaxy,TRUE
05.06.2025,galaxy,TRUE
05.06.2025,galaxy,TRUE
05.06.2025,galaxy,TRUE
06.06.2025,galaxy,TRUE
06.06.2025,galaxy,TRUE
06.06.2025,galaxy,TRUE
10.06.2025,galaxy,TRUE
10.06.2025,galaxy,TRUE
10.06.2025,galaxy,TRUE
12.06.2025,galaxy,TRUE
12.06.2025,galaxy,TRUE
12.06.2025,galaxy,TRUE
12.06.2025,galaxy,TRUE
12.06.2025,galaxy,TRUE
12.06.2025,galaxy,TRUE
12.06.2025,galaxy,TRUE
12.06.2025,galaxy,TRUE
12.06.2025,galaxy,TRUE
13.06.2025,galaxy,TRUE
13.06.2025,galaxy,TRUE
13.06.2025,galaxy,TRUE
16.06.2025,galaxy,TRUE
16.06.2025,galaxy,TRUE
16.06.2025,galaxy,TRUE
17.06.2025,galaxy,TRUE
17.06.2025,galaxy,TRUE
17.06.2025,galaxy,TRUE
17.06.2025,galaxy,TRUE
17.06.2025,galaxy,TRUE
17.06.2025,galaxy,TRUE
23.06.2025,galaxy,TRUE
23.06.2025,galaxy,TRUE
23.06.2025,galaxy,TRUE
24.06.2025,galaxy,TRUE
24.06.2025,galaxy,TRUE
24.06.2025,galaxy,TRUE
25.06.2025,galaxy,TRUE
25.06.2025,galaxy,TRUE
25.06.2025,galaxy,TRUE
26.06.2025,galaxy,TRUE
26.06.2025,galaxy,TRUE
26.06.2025,galaxy,TRUE
26.06.2025,galaxy,TRUE
26.06.2025,galaxy,TRUE
26.06.2025,galaxy,TRUE
26.06.2025,galaxy,TRUE
26.06.2025,galaxy,TRUE
26.06.2025,galaxy,TRUE
01.07.2025,galaxy,TRUE
01.07.2025,galaxy,TRUE
01.07.2025,galaxy,TRUE
01.07.2025,galaxy,TRUE
01.07.2025,galaxy,TRUE
01.07.2025,galaxy,TRUE
02.07.2025,galaxy,TRUE
02.07.2025,galaxy,TRUE
02.07.2025,galaxy,TRUE
03.07.2025,galaxy,TRUE
03.07.2025,galaxy,TRUE
03.07.2025,galaxy,TRUE
03.07.2025,galaxy,TRUE
03.07.2025,galaxy,TRUE
03.07.2025,galaxy,TRUE
03.07.2025,galaxy,TRUE
03.07.2025,galaxy,TRUE
03.07.2025,galaxy,TRUE
03.07.2025,galaxy,TRUE
03.07.2025,galaxy,TRUE
03.07.2025,galaxy,TRUE
04.07.2025,galaxy,TRUE
04.07.2025,galaxy,TRUE
04.07.2025,galaxy,TRUE
07.07.2025,galaxy,TRUE
07.07.2025,galaxy,TRUE
07.07.2025,galaxy,TRUE
10.07.2025,galaxy,TRUE
10.07.2025,galaxy,TRUE
10.07.2025,galaxy,TRUE
14.07.2025,galaxy,TRUE
14.07.2025,galaxy,TRUE
14.07.2025,galaxy,TRUE
14.07.2025,galaxy,TRUE
14.07.2025,galaxy,TRUE
14.07.2025,galaxy,TRUE
14.07.2025,galaxy,TRUE
14.07.2025,galaxy,TRUE
14.07.2025,galaxy,TRUE
16.07.2025,galaxy,TRUE
16.07.2025,galaxy,TRUE
16.07.2025,galaxy,TRUE
17.07.2025,galaxy,TRUE
17.07.2025,galaxy,TRUE
17.07.2025,galaxy,TRUE
21.07.2025,galaxy,TRUE
21.07.2025,galaxy,TRUE
21.07.2025,galaxy,TRUE
22.07.2025,galaxy,TRUE
22.07.2025,galaxy,TRUE
22.07.2025,galaxy,TRUE
23.07.2025,galaxy,TRUE
23.07.2025,galaxy,TRUE
23.07.2025,galaxy,TRUE
25.07.2025,galaxy,TRUE
25.07.2025,galaxy,TRUE
25.07.2025,galaxy,TRUE
28.07.2025,galaxy,TRUE
28.07.2025,galaxy,TRUE
28.07.2025,galaxy,TRUE
29.07.2025,galaxy,TRUE
29.07.2025,galaxy,TRUE
29.07.2025,galaxy,TRUE
01.08.2025,galaxy,TRUE
01.08.2025,galaxy,TRUE
01.08.2025,galaxy,TRUE
01.08.2025,galaxy,TRUE
01.08.2025,galaxy,TRUE
01.08.2025,galaxy,TRUE
04.08.2025,galaxy,TRUE
04.08.2025,galaxy,TRUE
04.08.2025,galaxy,TRUE
04.08.2025,galaxy,TRUE
04.08.2025,galaxy,TRUE
04.08.2025,galaxy,TRUE
05.08.2025,galaxy,TRUE
05.08.2025,galaxy,TRUE
05.08.2025,galaxy,TRUE
05.08.2025,galaxy,TRUE
05.08.2025,galaxy,TRUE
05.08.2025,galaxy,TRUE
05.08.2025,galaxy,TRUE
05.08.2025,galaxy,TRUE
05.08.2025,galaxy,TRUE
06.08.2025,galaxy,TRUE
06.08.2025,galaxy,TRUE
06.08.2025,galaxy,TRUE
06.08.2025,galaxy,TRUE
06.08.2025,galaxy,TRUE
06.08.2025,galaxy,TRUE
06.08.2025,galaxy,TRUE
06.08.2025,galaxy,TRUE
06.08.2025,galaxy,TRUE
07.08.2025,galaxy,TRUE
07.08.2025,galaxy,TRUE
07.08.2025,galaxy,TRUE
07.08.2025,galaxy,TRUE
07.08.2025,galaxy,TRUE
07.08.2025,galaxy,TRUE
07.08.2025,galaxy,TRUE
07.08.2025,galaxy,TRUE
07.08.2025,galaxy,TRUE
11.08.2025,galaxy,TRUE
11.08.2025,galaxy,TRUE
11.08.2025,galaxy,TRUE
11.08.2025,galaxy,TRUE
11.08.2025,galaxy,TRUE
11.08.2025,galaxy,TRUE
12.08.2025,galaxy,TRUE
12.08.2025,galaxy,TRUE
12.08.2025,galaxy,TRUE
12.08.2025,galaxy,TRUE
12.08.2025,galaxy,TRUE
12.08.2025,galaxy,TRUE
12.08.2025,galaxy,TRUE
13.08.2025,galaxy,TRUE
13.08.2025,galaxy,TRUE
13.08.2025,galaxy,TRUE
13.08.2025,galaxy,TRUE
13.08.2025,galaxy,TRUE
13.08.2025,galaxy,TRUE
13.08.2025,galaxy,TRUE
13.08.2025,galaxy,TRUE
13.08.2025,galaxy,TRUE
13.08.2025,galaxy,TRUE
13.08.2025,galaxy,TRUE
14.08.2025,galaxy,TRUE
14.08.2025,galaxy,TRUE
14.08.2025,galaxy,TRUE
14.08.2025,galaxy,TRUE
14.08.2025,galaxy,TRUE
14.08.2025,galaxy,TRUE
18.08.2025,galaxy,TRUE
18.08.2025,galaxy,TRUE
18.08.2025,galaxy,TRUE
18.08.2025,galaxy,TRUE
18.08.2025,galaxy,TRUE
18.08.2025,galaxy,TRUE
19.08.2025,galaxy,TRUE
19.08.2025,galaxy,TRUE
19.08.2025,galaxy,TRUE
20.08.2025,galaxy,TRUE
20.08.2025,galaxy,TRUE
20.08.2025,galaxy,TRUE
20.08.2025,galaxy,TRUE
20.08.2025,galaxy,TRUE
20.08.2025,galaxy,TRUE
21.08.2025,galaxy,TRUE
21.08.2025,galaxy,TRUE
21.08.2025,galaxy,TRUE
21.08.2025,galaxy,TRUE
21.08.2025,galaxy,TRUE
21.08.2025,galaxy,TRUE
21.08.2025,galaxy,TRUE
21.08.2025,galaxy,TRUE
21.08.2025,galaxy,TRUE
21.08.2025,galaxy,TRUE
21.08.2025,galaxy,TRUE
21.08.2025,galaxy,TRUE
21.08.2025,galaxy,TRUE
21.08.2025,galaxy,TRUE
21.08.2025,galaxy,TRUE
21.08.2025,galaxy,TRUE
21.08.2025,galaxy,TRUE
21.08.2025,galaxy,TRUE
22.08.2025,galaxy,TRUE
22.08.2025,galaxy,TRUE
22.08.2025,galaxy,TRUE
26.08.2025,galaxy,TRUE
26.08.2025,galaxy,TRUE
26.08.2025,galaxy,TRUE
27.08.2025,galaxy,TRUE
27.08.2025,galaxy,TRUE
27.08.2025,galaxy,TRUE
28.08.2025,galaxy,TRUE
28.08.2025,galaxy,TRUE
28.08.2025,galaxy,TRUE
28.08.2025,galaxy,TRUE
28.08.2025,galaxy,TRUE
28.08.2025,galaxy,TRUE
28.08.2025,galaxy,TRUE
28.08.2025,galaxy,TRUE
28.08.2025,galaxy,TRUE
29.08.2025,galaxy,TRUE
29.08.2025,galaxy,TRUE
29.08.2025,galaxy,TRUE
01.09.2025,galaxy,TRUE
01.09.2025,galaxy,TRUE
01.09.2025,galaxy,TRUE
01.09.2025,galaxy,TRUE
01.09.2025,galaxy,TRUE
01.09.2025,galaxy,TRUE
02.09.2025,galaxy,TRUE
02.09.2025,galaxy,TRUE
02.09.2025,galaxy,TRUE
04.09.2025,galaxy,TRUE
04.09.2025,galaxy,TRUE
04.09.2025,galaxy,TRUE
04.09.2025,galaxy,TRUE
04.09.2025,galaxy,TRUE
04.09.2025,galaxy,TRUE
05.09.2025,galaxy,TRUE
05.09.2025,galaxy,TRUE
05.09.2025,galaxy,TRUE
05.09.2025,galaxy,TRUE
05.09.2025,galaxy,TRUE
05.09.2025,galaxy,TRUE
08.09.2025,galaxy,TRUE
08.09.2025,galaxy,TRUE
08.09.2025,galaxy,TRUE
08.09.2025,galaxy,TRUE
08.09.2025,galaxy,TRUE
08.09.2025,galaxy,TRUE
09.09.2025,galaxy,TRUE
09.09.2025,galaxy,TRUE
09.09.2025,galaxy,TRUE
09.09.2025,galaxy,TRUE
09.09.2025,galaxy,TRUE
09.09.2025,galaxy,TRUE
09.09.2025,galaxy,TRUE
09.09.2025,galaxy,TRUE
09.09.2025,galaxy,TRUE
09.09.2025,galaxy,TRUE
09.09.2025,galaxy,TRUE
09.09.2025,galaxy,TRUE
10.09.2025,galaxy,TRUE
10.09.2025,galaxy,TRUE
10.09.2025,galaxy,TRUE
10.09.2025,galaxy,TRUE
10.09.2025,galaxy,TRUE
10.09.2025,galaxy,TRUE
11.09.2025,galaxy,TRUE
11.09.2025,galaxy,TRUE
11.09.2025,galaxy,TRUE
12.09.2025,galaxy,TRUE
12.09.2025,galaxy,TRUE
12.09.2025,galaxy,TRUE
12.09.2025,galaxy,TRUE
12.09.2025,galaxy,TRUE
12.09.2025,galaxy,TRUE
15.09.2025,galaxy,TRUE
15.09.2025,galaxy,TRUE
15.09.2025,galaxy,TRUE
16.09.2025,galaxy,TRUE
16.09.2025,galaxy,TRUE
16.09.2025,galaxy,TRUE
16.09.2025,galaxy,TRUE
16.09.2025,galaxy,TRUE
16.09.2025,galaxy,TRUE
18.09.2025,galaxy,TRUE
18.09.2025,galaxy,TRUE
18.09.2025,galaxy,TRUE
18.09.2025,galaxy,TRUE
18.09.2025,galaxy,TRUE
18.09.2025,galaxy,TRUE
18.09.2025,galaxy,TRUE
18.09.2025,galaxy,TRUE
18.09.2025,galaxy,TRUE
19.09.2025,galaxy,TRUE
19.09.2025,galaxy,TRUE
19.09.2025,galaxy,TRUE
19.09.2025,galaxy,TRUE
19.09.2025,galaxy,TRUE
19.09.2025,galaxy,TRUE
22.09.2025,galaxy,TRUE
22.09.2025,galaxy,TRUE
22.09.2025,galaxy,TRUE
22.09.2025,galaxy,TRUE
22.09.2025,galaxy,TRUE
22.09.2025,galaxy,TRUE
23.09.2025,galaxy,TRUE
23.09.2025,galaxy,TRUE
23.09.2025,galaxy,TRUE
23.09.2025,galaxy,TRUE
23.09.2025,galaxy,TRUE
23.09.2025,galaxy,TRUE
23.09.2025,galaxy,TRUE
23.09.2025,galaxy,TRUE
23.09.2025,galaxy,TRUE
23.09.2025,galaxy,TRUE
23.09.2025,galaxy,TRUE
23.09.2025,galaxy,TRUE
23.09.2025,galaxy,TRUE
23.09.2025,galaxy,TRUE
23.09.2025,galaxy,TRUE
23.09.2025,galaxy,TRUE
23.09.2025,galaxy,TRUE
23.09.2025,galaxy,TRUE
23.09.2025,galaxy,TRUE
23.09.2025,galaxy,TRUE
23.09.2025,galaxy,TRUE
24.09.2025,galaxy,TRUE
24.09.2025,galaxy,TRUE
24.09.2025,galaxy,TRUE
24.09.2025,galaxy,TRUE
24.09.2025,galaxy,TRUE
24.09.2025,galaxy,TRUE
24.09.2025,galaxy,TRUE
24.09.2025,galaxy,TRUE
24.09.2025,galaxy,TRUE
25.09.2025,galaxy,TRUE
25.09.2025,galaxy,TRUE
25.09.2025,galaxy,TRUE
25.09.2025,galaxy,TRUE
25.09.2025,galaxy,TRUE
25.09.2025,galaxy,TRUE
25.09.2025,galaxy,TRUE
25.09.2025,galaxy,TRUE
25.09.2025,galaxy,TRUE
26.09.2025,galaxy,TRUE
26.09.2025,galaxy,TRUE
26.09.2025,galaxy,TRUE
29.09.2025,galaxy,TRUE
29.09.2025,galaxy,TRUE
29.09.2025,galaxy,TRUE
30.09.2025,galaxy,TRUE
30.09.2025,galaxy,TRUE
30.09.2025,galaxy,TRUE
30.09.2025,galaxy,TRUE
30.09.2025,galaxy,TRUE
30.09.2025,galaxy,TRUE
02.10.2025,galaxy,TRUE
02.10.2025,galaxy,TRUE
02.10.2025,galaxy,TRUE
02.10.2025,galaxy,TRUE
02.10.2025,galaxy,TRUE
02.10.2025,galaxy,TRUE
02.10.2025,galaxy,TRUE
02.10.2025,galaxy,TRUE
02.10.2025,galaxy,TRUE
02.10.2025,galaxy,TRUE
02.10.2025,galaxy,TRUE
02.10.2025,galaxy,TRUE
02.10.2025,galaxy,TRUE
02.10.2025,galaxy,TRUE
02.10.2025,galaxy,TRUE
03.10.2025,galaxy,TRUE
03.10.2025,galaxy,TRUE
03.10.2025,galaxy,TRUE
06.10.2025,galaxy,TRUE
06.10.2025,galaxy,TRUE
06.10.2025,galaxy,TRUE
06.10.2025,galaxy,TRUE
06.10.2025,galaxy,TRUE
06.10.2025,galaxy,TRUE
07.10.2025,galaxy,TRUE
07.10.2025,galaxy,TRUE
07.10.2025,galaxy,TRUE
07.10.2025,galaxy,TRUE
07.10.2025,galaxy,TRUE
07.10.2025,galaxy,TRUE
07.10.2025,galaxy,TRUE
07.10.2025,galaxy,TRUE
07.10.2025,galaxy,TRUE
07.10.2025,galaxy,TRUE
07.10.2025,galaxy,TRUE
07.10.2025,galaxy,TRUE
08.10.2025,galaxy,TRUE
08.10.2025,galaxy,TRUE
08.10.2025,galaxy,TRUE
08.10.2025,galaxy,TRUE
08.10.2025,galaxy,TRUE
08.10.2025,galaxy,TRUE
08.10.2025,galaxy,TRUE
08.10.2025,galaxy,TRUE
08.10.2025,galaxy,TRUE
09.10.2025,galaxy,TRUE
09.10.2025,galaxy,TRUE
09.10.2025,galaxy,TRUE
09.10.2025,galaxy,TRUE
09.10.2025,galaxy,TRUE
09.10.2025,galaxy,TRUE
10.10.2025,galaxy,TRUE
10.10.2025,galaxy,TRUE
10.10.2025,galaxy,TRUE
10.10.2025,galaxy,TRUE
10.10.2025,galaxy,TRUE
10.10.2025,galaxy,TRUE
10.10.2025,galaxy,TRUE
10.10.2025,galaxy,TRUE
10.10.2025,galaxy,TRUE
10.10.2025,galaxy,TRUE
10.10.2025,galaxy,TRUE
10.10.2025,galaxy,TRUE
10.10.2025,galaxy,TRUE
10.10.2025,galaxy,TRUE
10.10.2025,galaxy,TRUE
13.10.2025,galaxy,TRUE
13.10.2025,galaxy,TRUE
13.10.2025,galaxy,TRUE
13.10.2025,galaxy,TRUE
13.10.2025,galaxy,TRUE
13.10.2025,galaxy,TRUE
14.10.2025,galaxy,TRUE
14.10.2025,galaxy,TRUE
14.10.2025,galaxy,TRUE
14.10.2025,galaxy,TRUE
14.10.2025,galaxy,TRUE
14.10.2025,galaxy,TRUE
14.10.2025,galaxy,TRUE
14.10.2025,galaxy,TRUE
14.10.2025,galaxy,TRUE
14.10.2025,galaxy,TRUE
14.10.2025,galaxy,TRUE
14.10.2025,galaxy,TRUE
15.10.2025,galaxy,TRUE
15.10.2025,galaxy,TRUE
15.10.2025,galaxy,TRUE
15.10.2025,galaxy,TRUE
15.10.2025,galaxy,TRUE
15.10.2025,galaxy,TRUE
16.10.2025,galaxy,TRUE
16.10.2025,galaxy,TRUE
16.10.2025,galaxy,TRUE
16.10.2025,galaxy,TRUE
16.10.2025,galaxy,TRUE
16.10.2025,galaxy,TRUE
16.10.2025,galaxy,TRUE
16.10.2025,galaxy,TRUE
16.10.2025,galaxy,TRUE
16.10.2025,galaxy,TRUE
16.10.2025,galaxy,TRUE
16.10.2025,galaxy,TRUE
17.10.2025,galaxy,TRUE
17.10.2025,galaxy,TRUE
17.10.2025,galaxy,TRUE
17.10.2025,galaxy,TRUE
17.10.2025,galaxy,TRUE
17.10.2025,galaxy,TRUE
21.10.2025,galaxy,TRUE
21.10.2025,galaxy,TRUE
21.10.2025,galaxy,TRUE
22.10.2025,galaxy,TRUE
22.10.2025,galaxy,TRUE
22.10.2025,galaxy,TRUE
23.10.2025,galaxy,TRUE
23.10.2025,galaxy,TRUE
23.10.2025,galaxy,TRUE
27.10.2025,galaxy,TRUE
27.10.2025,galaxy,TRUE
27.10.2025,galaxy,TRUE
28.10.2025,galaxy,TRUE
28.10.2025,galaxy,TRUE
28.10.2025,galaxy,TRUE
29.10.2025,galaxy,TRUE
29.10.2025,galaxy,TRUE
29.10.2025,galaxy,TRUE
29.10.2025,galaxy,TRUE
29.10.2025,galaxy,TRUE
29.10.2025,galaxy,TRUE
30.10.2025,galaxy,TRUE
30.10.2025,galaxy,TRUE
30.10.2025,galaxy,TRUE
30.10.2025,galaxy,TRUE
30.10.2025,galaxy,TRUE
30.10.2025,galaxy,TRUE
31.10.2025,galaxy,TRUE
31.10.2025,galaxy,TRUE
31.10.2025,galaxy,TRUE
03.11.2025,galaxy,TRUE
03.11.2025,galaxy,TRUE
03.11.2025,galaxy,TRUE
03.11.2025,galaxy,TRUE
03.11.2025,galaxy,TRUE
03.11.2025,galaxy,TRUE
04.11.2025,galaxy,TRUE
04.11.2025,galaxy,TRUE
04.11.2025,galaxy,TRUE
04.11.2025,galaxy,TRUE
04.11.2025,galaxy,TRUE
04.11.2025,galaxy,TRUE
05.11.2025,galaxy,TRUE
05.11.2025,galaxy,TRUE
05.11.2025,galaxy,TRUE
05.11.2025,galaxy,TRUE
05.11.2025,galaxy,TRUE
05.11.2025,galaxy,TRUE
05.11.2025,galaxy,TRUE
05.11.2025,galaxy,TRUE
05.11.2025,galaxy,TRUE
06.11.2025,galaxy,TRUE
06.11.2025,galaxy,TRUE
06.11.2025,galaxy,TRUE
10.11.2025,galaxy,TRUE
10.11.2025,galaxy,TRUE
10.11.2025,galaxy,TRUE
11.11.2025,galaxy,TRUE
11.11.2025,galaxy,TRUE
11.11.2025,galaxy,TRUE
11.11.2025,galaxy,TRUE
11.11.2025,galaxy,TRUE
11.11.2025,galaxy,TRUE
11.11.2025,galaxy,TRUE
11.11.2025,galaxy,TRUE
11.11.2025,galaxy,TRUE
11.11.2025,galaxy,TRUE
11.11.2025,galaxy,TRUE
11.11.2025,galaxy,TRUE
17.11.2025,galaxy,TRUE
17.11.2025,galaxy,TRUE
17.11.2025,galaxy,TRUE
17.11.2025,galaxy,TRUE
17.11.2025,galaxy,TRUE
17.11.2025,galaxy,TRUE
18.11.2025,galaxy,TRUE
18.11.2025,galaxy,TRUE
18.11.2025,galaxy,TRUE
19.11.2025,galaxy,TRUE
19.11.2025,galaxy,TRUE
19.11.2025,galaxy,TRUE
19.11.2025,galaxy,TRUE
19.11.2025,galaxy,TRUE
19.11.2025,galaxy,TRUE
19.11.2025,galaxy,TRUE
19.11.2025,galaxy,TRUE
19.11.2025,galaxy,TRUE
20.11.2025,galaxy,TRUE
20.11.2025,galaxy,TRUE
20.11.2025,galaxy,TRUE
20.11.2025,galaxy,TRUE
20.11.2025,galaxy,TRUE
20.11.2025,galaxy,TRUE
20.11.2025,galaxy,TRUE
20.11.2025,galaxy,TRUE
20.11.2025,galaxy,TRUE
24.11.2025,galaxy,TRUE
24.11.2025,galaxy,TRUE
24.11.2025,galaxy,TRUE
25.11.2025,galaxy,TRUE
25.11.2025,galaxy,TRUE
25.11.2025,galaxy,TRUE
26.11.2025,galaxy,TRUE
26.11.2025,galaxy,TRUE
26.11.2025,galaxy,TRUE
26.11.2025,galaxy,TRUE
26.11.2025,galaxy,TRUE
26.11.2025,galaxy,TRUE
27.11.2025,galaxy,TRUE
27.11.2025,galaxy,TRUE
27.11.2025,galaxy,TRUE
27.11.2025,galaxy,TRUE
27.11.2025,galaxy,TRUE
27.11.2025,galaxy,TRUE
28.11.2025,galaxy,TRUE
28.11.2025,galaxy,TRUE
28.11.2025,galaxy,TRUE
01.12.2025,galaxy,TRUE
01.12.2025,galaxy,TRUE
01.12.2025,galaxy,TRUE
02.12.2025,galaxy,TRUE
02.12.2025,galaxy,TRUE
02.12.2025,galaxy,TRUE
03.12.2025,galaxy,TRUE
03.12.2025,galaxy,TRUE
03.12.2025,galaxy,TRUE
04.12.2025,galaxy,TRUE
04.12.2025,galaxy,TRUE
04.12.2025,galaxy,TRUE
04.12.2025,galaxy,TRUE
04.12.2025,galaxy,TRUE
04.12.2025,galaxy,TRUE
05.12.2025,galaxy,TRUE
05.12.2025,galaxy,TRUE
05.12.2025,galaxy,TRUE
08.12.2025,galaxy,TRUE
08.12.2025,galaxy,TRUE
08.12.2025,galaxy,TRUE
08.12.2025,galaxy,TRUE
08.12.2025,galaxy,TRUE
08.12.2025,galaxy,TRUE
09.12.2025,galaxy,TRUE
09.12.2025,galaxy,TRUE
09.12.2025,galaxy,TRUE
12.12.2025,galaxy,TRUE
12.12.2025,galaxy,TRUE
12.12.2025,galaxy,TRUE
15.12.2025,galaxy,TRUE
15.12.2025,galaxy,TRUE
15.12.2025,galaxy,TRUE
15.12.2025,galaxy,TRUE
15.12.2025,galaxy,TRUE
15.12.2025,galaxy,TRUE
15.12.2025,galaxy,TRUE
15.12.2025,galaxy,TRUE
15.12.2025,galaxy,TRUE
15.12.2025,galaxy,TRUE
15.12.2025,galaxy,TRUE
15.12.2025,galaxy,TRUE
16.12.2025,galaxy,TRUE
16.12.2025,galaxy,TRUE
16.12.2025,galaxy,TRUE
16.12.2025,galaxy,TRUE
16.12.2025,galaxy,TRUE
16.12.2025,galaxy,TRUE
23.12.2025,galaxy,TRUE
23.12.2025,galaxy,TRUE
23.12.2025,galaxy,TRUE
30.12.2025,galaxy,TRUE
30.12.2025,galaxy,TRUE
30.12.2025,galaxy,TRUE
31.12.2025,galaxy,TRUE
31.12.2025,galaxy,TRUE
31.12.2025,galaxy,TRUE
05.01.2026,galaxy,TRUE
05.01.2026,galaxy,TRUE
05.01.2026,galaxy,TRUE
05.01.2026,galaxy,TRUE
05.01.2026,galaxy,TRUE
05.01.2026,galaxy,TRUE
07.01.2026,galaxy,TRUE
07.01.2026,galaxy,TRUE
07.01.2026,galaxy,TRUE
07.01.2026,galaxy,TRUE
08.01.2026,galaxy,TRUE
08.01.2026,galaxy,TRUE
08.01.2026,galaxy,TRUE
08.01.2026,galaxy,TRUE
08.01.2026,galaxy,TRUE
08.01.2026,galaxy,TRUE
08.01.2026,galaxy,TRUE
08.01.2026,galaxy,TRUE
08.01.2026,galaxy,TRUE
08.01.2026,galaxy,TRUE
08.01.2026,galaxy,TRUE
08.01.2026,galaxy,TRUE
08.01.2026,galaxy,TRUE
08.01.2026,galaxy,TRUE
08.01.2026,galaxy,TRUE
12.01.2026,galaxy,TRUE
12.01.2026,galaxy,TRUE
12.01.2026,galaxy,TRUE
13.01.2026,galaxy,TRUE
13.01.2026,galaxy,TRUE
13.01.2026,galaxy,TRUE
14.01.2026,galaxy,TRUE
14.01.2026,galaxy,TRUE
14.01.2026,galaxy,TRUE
14.01.2026,galaxy,TRUE
14.01.2026,galaxy,TRUE
14.01.2026,galaxy,TRUE
15.01.2026,galaxy,TRUE
15.01.2026,galaxy,TRUE
15.01.2026,galaxy,TRUE
19.01.2026,galaxy,TRUE
19.01.2026,galaxy,TRUE
19.01.2026,galaxy,TRUE
19.01.2026,galaxy,TRUE
19.01.2026,galaxy,TRUE
19.01.2026,galaxy,TRUE
19.01.2026,galaxy,TRUE
19.01.2026,galaxy,TRUE
19.01.2026,galaxy,TRUE
20.01.2026,galaxy,TRUE
20.01.2026,galaxy,TRUE
20.01.2026,galaxy,TRUE
20.01.2026,galaxy,TRUE
20.01.2026,galaxy,TRUE
20.01.2026,galaxy,TRUE
21.01.2026,galaxy,TRUE
21.01.2026,galaxy,TRUE
21.01.2026,galaxy,TRUE
22.01.2026,galaxy,TRUE
22.01.2026,galaxy,TRUE
22.01.2026,galaxy,TRUE
22.01.2026,galaxy,TRUE
22.01.2026,galaxy,TRUE
22.01.2026,galaxy,TRUE
22.01.2026,galaxy,TRUE
22.01.2026,galaxy,TRUE
22.01.2026,galaxy,TRUE
23.01.2026,galaxy,TRUE
23.01.2026,galaxy,TRUE
23.01.2026,galaxy,TRUE
26.01.2026,galaxy,TRUE
26.01.2026,galaxy,TRUE
26.01.2026,galaxy,TRUE
26.01.2026,galaxy,TRUE
26.01.2026,galaxy,TRUE
26.01.2026,galaxy,TRUE
26.01.2026,galaxy,TRUE
26.01.2026,galaxy,TRUE
26.01.2026,galaxy,TRUE
26.01.2026,galaxy,TRUE
26.01.2026,galaxy,TRUE
26.01.2026,galaxy,TRUE
26.01.2026,galaxy,TRUE
26.01.2026,galaxy,TRUE
26.01.2026,galaxy,TRUE
27.01.2026,galaxy,TRUE
27.01.2026,galaxy,TRUE
27.01.2026,galaxy,TRUE
28.01.2026,galaxy,TRUE
28.01.2026,galaxy,TRUE
28.01.2026,galaxy,TRUE
29.01.2026,galaxy,TRUE
29.01.2026,galaxy,TRUE
29.01.2026,galaxy,TRUE
30.01.2026,galaxy,TRUE
30.01.2026,galaxy,TRUE
30.01.2026,galaxy,TRUE
02.02.2026,galaxy,TRUE
02.02.2026,galaxy,TRUE
02.02.2026,galaxy,TRUE
02.02.2026,galaxy,TRUE
02.02.2026,galaxy,TRUE
02.02.2026,galaxy,TRUE
02.02.2026,galaxy,TRUE
02.02.2026,galaxy,TRUE
02.02.2026,galaxy,TRUE
02.02.2026,galaxy,TRUE
02.02.2026,galaxy,TRUE
02.02.2026,galaxy,TRUE
02.02.2026,galaxy,TRUE
02.02.2026,galaxy,TRUE
02.02.2026,galaxy,TRUE
02.02.2026,galaxy,TRUE
02.02.2026,galaxy,TRUE
02.02.2026,galaxy,TRUE
02.02.2026,galaxy,TRUE
02.02.2026,galaxy,TRUE
02.02.2026,galaxy,TRUE
03.02.2026,galaxy,TRUE
03.02.2026,galaxy,TRUE
03.02.2026,galaxy,TRUE
03.02.2026,galaxy,TRUE
03.02.2026,galaxy,TRUE
03.02.2026,galaxy,TRUE
03.02.2026,galaxy,TRUE
03.02.2026,galaxy,TRUE
03.02.2026,galaxy,TRUE
04.02.2026,galaxy,TRUE
04.02.2026,galaxy,TRUE
04.02.2026,galaxy,TRUE
04.02.2026,galaxy,TRUE
04.02.2026,galaxy,TRUE
04.02.2026,galaxy,TRUE
10.02.2026,galaxy,TRUE
10.02.2026,galaxy,TRUE
10.02.2026,galaxy,TRUE
11.02.2026,galaxy,TRUE
11.02.2026,galaxy,TRUE
11.02.2026,galaxy,TRUE
11.02.2026,galaxy,TRUE
11.02.2026,galaxy,TRUE
11.02.2026,galaxy,TRUE
13.02.2026,galaxy,TRUE
13.02.2026,galaxy,TRUE
13.02.2026,galaxy,TRUE
16.02.2026,galaxy,TRUE
16.02.2026,galaxy,TRUE
16.02.2026,galaxy,TRUE
17.02.2026,galaxy,TRUE
17.02.2026,galaxy,TRUE
17.02.2026,galaxy,TRUE
18.02.2026,galaxy,TRUE
18.02.2026,galaxy,TRUE
18.02.2026,galaxy,TRUE
19.02.2026,galaxy,TRUE
19.02.2026,galaxy,TRUE
19.02.2026,galaxy,TRUE
23.02.2026,galaxy,TRUE
23.02.2026,galaxy,TRUE
23.02.2026,galaxy,TRUE
23.02.2026,galaxy,TRUE
23.02.2026,galaxy,TRUE
23.02.2026,galaxy,TRUE
23.02.2026,galaxy,TRUE
23.02.2026,galaxy,TRUE
23.02.2026,galaxy,TRUE
23.02.2026,galaxy,TRUE
23.02.2026,galaxy,TRUE
23.02.2026,galaxy,TRUE
23.02.2026,galaxy,TRUE
23.02.2026,galaxy,TRUE
23.02.2026,galaxy,TRUE
24.02.2026,galaxy,TRUE
24.02.2026,galaxy,TRUE
24.02.2026,galaxy,TRUE
25.02.2026,galaxy,TRUE
25.02.2026,galaxy,TRUE
25.02.2026,galaxy,TRUE
26.02.2026,galaxy,TRUE
26.02.2026,galaxy,TRUE
26.02.2026,galaxy,TRUE
26.02.2026,galaxy,TRUE
26.02.2026,galaxy,TRUE
26.02.2026,galaxy,TRUE
27.02.2026,galaxy,TRUE
27.02.2026,galaxy,TRUE
27.02.2026,galaxy,TRUE
27.02.2026,galaxy,TRUE
27.02.2026,galaxy,TRUE
27.02.2026,galaxy,TRUE
27.02.2026,galaxy,TRUE
27.02.2026,galaxy,TRUE
27.02.2026,galaxy,TRUE
02.03.2026,galaxy,TRUE
02.03.2026,galaxy,TRUE
02.03.2026,galaxy,TRUE
02.03.2026,galaxy,TRUE
02.03.2026,galaxy,TRUE
02.03.2026,galaxy,TRUE
02.03.2026,galaxy,TRUE
02.03.2026,galaxy,TRUE
02.03.2026,galaxy,TRUE
03.03.2026,galaxy,TRUE
03.03.2026,galaxy,TRUE
03.03.2026,galaxy,TRUE
03.03.2026,galaxy,TRUE
03.03.2026,galaxy,TRUE
03.03.2026,galaxy,TRUE
03.03.2026,galaxy,TRUE
03.03.2026,galaxy,TRUE
03.03.2026,galaxy,TRUE
04.03.2026,galaxy,TRUE
04.03.2026,galaxy,TRUE
04.03.2026,galaxy,TRUE
05.03.2026,galaxy,TRUE
05.03.2026,galaxy,TRUE
05.03.2026,galaxy,TRUE
09.03.2026,galaxy,TRUE
09.03.2026,galaxy,TRUE
09.03.2026,galaxy,TRUE
10.03.2026,galaxy,TRUE
10.03.2026,galaxy,TRUE
10.03.2026,galaxy,TRUE
10.03.2026,galaxy,TRUE
10.03.2026,galaxy,TRUE
11.03.2026,galaxy,TRUE
11.03.2026,galaxy,TRUE
11.03.2026,galaxy,TRUE
12.03.2026,galaxy,TRUE
12.03.2026,galaxy,TRUE
12.03.2026,galaxy,TRUE
12.03.2026,galaxy,TRUE
12.03.2026,galaxy,TRUE
12.03.2026,galaxy,TRUE
12.03.2026,galaxy,TRUE
12.03.2026,galaxy,TRUE
12.03.2026,galaxy,TRUE
17.03.2026,galaxy,TRUE
17.03.2026,galaxy,TRUE
17.03.2026,galaxy,TRUE
17.03.2026,galaxy,TRUE
17.03.2026,galaxy,TRUE
17.03.2026,galaxy,TRUE
17.03.2026,galaxy,TRUE
17.03.2026,galaxy,TRUE
17.03.2026,galaxy,TRUE
17.03.2026,galaxy,TRUE
17.03.2026,galaxy,TRUE
17.03.2026,galaxy,TRUE
18.03.2026,galaxy,TRUE
18.03.2026,galaxy,TRUE
18.03.2026,galaxy,TRUE
23.03.2026,galaxy,TRUE
23.03.2026,galaxy,TRUE
23.03.2026,galaxy,TRUE
24.03.2026,galaxy,TRUE
24.03.2026,galaxy,TRUE
24.03.2026,galaxy,TRUE
24.03.2026,galaxy,TRUE
24.03.2026,galaxy,TRUE
24.03.2026,galaxy,TRUE
27.03.2026,galaxy,TRUE
27.03.2026,galaxy,TRUE
27.03.2026,galaxy,TRUE
27.03.2026,galaxy,TRUE
27.03.2026,galaxy,TRUE
27.03.2026,galaxy,TRUE
30.03.2026,galaxy,TRUE
30.03.2026,galaxy,TRUE
30.03.2026,galaxy,TRUE
01.04.2026,galaxy,TRUE
01.04.2026,galaxy,TRUE
01.04.2026,galaxy,TRUE
07.04.2026,galaxy,TRUE
07.04.2026,galaxy,TRUE
07.04.2026,galaxy,TRUE
08.04.2026,galaxy,TRUE
08.04.2026,galaxy,TRUE
08.04.2026,galaxy,TRUE
08.04.2026,galaxy,TRUE
08.04.2026,galaxy,TRUE
08.04.2026,galaxy,TRUE
08.04.2026,galaxy,TRUE
08.04.2026,galaxy,TRUE
08.04.2026,galaxy,TRUE
08.04.2026,galaxy,TRUE
08.04.2026,galaxy,TRUE
08.04.2026,galaxy,TRUE
08.04.2026,galaxy,TRUE
09.04.2026,galaxy,TRUE
09.04.2026,galaxy,TRUE
09.04.2026,galaxy,TRUE
09.04.2026,galaxy,TRUE
09.04.2026,galaxy,TRUE
09.04.2026,galaxy,TRUE
10.04.2026,galaxy,TRUE
10.04.2026,galaxy,TRUE
10.04.2026,galaxy,TRUE
15.04.2026,galaxy,TRUE
15.04.2026,galaxy,TRUE
15.04.2026,galaxy,TRUE
21.04.2026,galaxy,TRUE
21.04.2026,galaxy,TRUE
21.04.2026,galaxy,TRUE
21.04.2026,galaxy,TRUE
21.04.2026,galaxy,TRUE
21.04.2026,galaxy,TRUE
22.04.2026,galaxy,TRUE
22.04.2026,galaxy,TRUE
22.04.2026,galaxy,TRUE
23.04.2026,galaxy,TRUE
23.04.2026,galaxy,TRUE
23.04.2026,galaxy,TRUE
24.04.2026,galaxy,TRUE
24.04.2026,galaxy,TRUE
24.04.2026,galaxy,TRUE
27.04.2026,galaxy,TRUE
27.04.2026,galaxy,TRUE
27.04.2026,galaxy,TRUE
27.04.2026,galaxy,TRUE
27.04.2026,galaxy,TRUE
27.04.2026,galaxy,TRUE
27.04.2026,galaxy,TRUE
27.04.2026,galaxy,TRUE
28.04.2026,galaxy,TRUE
28.04.2026,galaxy,TRUE
28.04.2026,galaxy,TRUE
30.04.2026,galaxy,TRUE
30.04.2026,galaxy,TRUE
30.04.2026,galaxy,TRUE
30.04.2026,galaxy,TRUE
30.04.2026,galaxy,TRUE
30.04.2026,galaxy,TRUE
30.04.2026,galaxy,TRUE
30.04.2026,galaxy,TRUE
30.04.2026,galaxy,TRUE
30.04.2026,galaxy,TRUE
30.04.2026,galaxy,TRUE
30.04.2026,galaxy,TRUE
05.05.2026,galaxy,TRUE
05.05.2026,galaxy,TRUE
05.05.2026,galaxy,TRUE
05.05.2026,galaxy,TRUE
05.05.2026,galaxy,TRUE
05.05.2026,galaxy,TRUE
06.05.2026,galaxy,TRUE
06.05.2026,galaxy,TRUE
06.05.2026,galaxy,TRUE
06.05.2026,galaxy,TRUE
06.05.2026,galaxy,TRUE
06.05.2026,galaxy,TRUE
06.05.2026,galaxy,TRUE
06.05.2026,galaxy,TRUE
06.05.2026,galaxy,TRUE
07.05.2026,galaxy,TRUE
07.05.2026,galaxy,TRUE
07.05.2026,galaxy,TRUE
07.05.2026,galaxy,TRUE
07.05.2026,galaxy,TRUE
07.05.2026,galaxy,TRUE
13.05.2026,galaxy,TRUE
13.05.2026,galaxy,TRUE
13.05.2026,galaxy,TRUE
13.05.2026,galaxy,TRUE
13.05.2026,galaxy,TRUE
13.05.2026,galaxy,TRUE
18.05.2026,galaxy,TRUE
18.05.2026,galaxy,TRUE
18.05.2026,galaxy,TRUE
19.05.2026,galaxy,TRUE
19.05.2026,galaxy,TRUE
19.05.2026,galaxy,TRUE
20.05.2026,galaxy,TRUE
20.05.2026,galaxy,TRUE
20.05.2026,galaxy,TRUE
20.05.2026,galaxy,TRUE
20.05.2026,galaxy,TRUE
20.05.2026,galaxy,TRUE
20.05.2026,galaxy,TRUE
20.05.2026,galaxy,TRUE
20.05.2026,galaxy,TRUE
21.05.2026,galaxy,TRUE
21.05.2026,galaxy,TRUE
21.05.2026,galaxy,TRUE
21.05.2026,galaxy,TRUE
21.05.2026,galaxy,TRUE
21.05.2026,galaxy,TRUE
21.05.2026,galaxy,TRUE
21.05.2026,galaxy,TRUE
21.05.2026,galaxy,TRUE
25.05.2026,galaxy,TRUE
25.05.2026,galaxy,TRUE
25.05.2026,galaxy,TRUE
25.05.2026,galaxy,TRUE
25.05.2026,galaxy,TRUE
25.05.2026,galaxy,TRUE
27.05.2026,galaxy,TRUE
27.05.2026,galaxy,TRUE
27.05.2026,galaxy,TRUE
27.05.2026,galaxy,TRUE
27.05.2026,galaxy,TRUE
27.05.2026,galaxy,TRUE
27.05.2026,galaxy,TRUE
27.05.2026,galaxy,TRUE
27.05.2026,galaxy,TRUE
28.05.2026,galaxy,TRUE
28.05.2026,galaxy,TRUE
28.05.2026,galaxy,TRUE
02.06.2026,galaxy,TRUE
02.06.2026,galaxy,TRUE
02.06.2026,galaxy,TRUE
02.06.2026,galaxy,TRUE
02.06.2026,galaxy,TRUE
02.06.2026,galaxy,TRUE
02.06.2026,galaxy,TRUE
02.06.2026,galaxy,TRUE
02.06.2026,galaxy,TRUE
02.06.2026,galaxy,TRUE
02.06.2026,galaxy,TRUE
02.06.2026,galaxy,TRUE
04.06.2026,galaxy,TRUE
04.06.2026,galaxy,TRUE
04.06.2026,galaxy,TRUE
09.06.2026,galaxy,TRUE
09.06.2026,galaxy,TRUE
09.06.2026,galaxy,TRUE
10.06.2026,galaxy,TRUE
10.06.2026,galaxy,TRUE
10.06.2026,galaxy,TRUE
10.06.2026,galaxy,TRUE
10.06.2026,galaxy,TRUE
10.06.2026,galaxy,TRUE
10.06.2026,galaxy,TRUE
10.06.2026,galaxy,TRUE
10.06.2026,galaxy,TRUE
12.06.2026,galaxy,TRUE
12.06.2026,galaxy,TRUE
12.06.2026,galaxy,TRUE
15.06.2026,galaxy,TRUE
15.06.2026,galaxy,TRUE
15.06.2026,galaxy,TRUE
16.06.2026,galaxy,TRUE
16.06.2026,galaxy,TRUE
16.06.2026,galaxy,TRUE
16.06.2026,galaxy,TRUE
16.06.2026,galaxy,TRUE
16.06.2026,galaxy,TRUE
16.06.2026,galaxy,TRUE
16.06.2026,galaxy,TRUE
16.06.2026,galaxy,TRUE
17.06.2026,galaxy,TRUE
17.06.2026,galaxy,TRUE
17.06.2026,galaxy,TRUE
17.06.2026,galaxy,TRUE
17.06.2026,galaxy,TRUE
17.06.2026,galaxy,TRUE
17.06.2026,galaxy,TRUE
17.06.2026,galaxy,TRUE
17.06.2026,galaxy,TRUE
18.06.2026,galaxy,TRUE
18.06.2026,galaxy,TRUE
18.06.2026,galaxy,TRUE
18.06.2026,galaxy,TRUE
18.06.2026,galaxy,TRUE
18.06.2026,galaxy,TRUE
22.06.2026,galaxy,TRUE
22.06.2026,galaxy,TRUE
22.06.2026,galaxy,TRUE
23.06.2026,galaxy,TRUE
23.06.2026,galaxy,TRUE
23.06.2026,galaxy,TRUE
24.06.2026,galaxy,TRUE
24.06.2026,galaxy,TRUE
24.06.2026,galaxy,TRUE
24.06.2026,galaxy,TRUE
24.06.2026,galaxy,TRUE
24.06.2026,galaxy,TRUE
25.06.2026,galaxy,TRUE
25.06.2026,galaxy,TRUE
25.06.2026,galaxy,TRUE
25.06.2026,galaxy,TRUE
25.06.2026,galaxy,TRUE
25.06.2026,galaxy,TRUE
25.06.2026,galaxy,TRUE
25.06.2026,galaxy,TRUE
25.06.2026,galaxy,TRUE
29.06.2026,galaxy,TRUE
29.06.2026,galaxy,TRUE
29.06.2026,galaxy,TRUE
02.07.2026,galaxy,TRUE
02.07.2026,galaxy,TRUE
02.07.2026,galaxy,TRUE
02.07.2026,galaxy,TRUE
02.07.2026,galaxy,TRUE
02.07.2026,galaxy,TRUE
03.07.2026,galaxy,TRUE
03.07.2026,galaxy,TRUE
03.07.2026,galaxy,TRUE
07.07.2026,galaxy,TRUE
07.07.2026,galaxy,TRUE
07.07.2026,galaxy,TRUE
07.07.2026,galaxy,TRUE
07.07.2026,galaxy,TRUE
07.07.2026,galaxy,TRUE
08.07.2026,galaxy,TRUE
08.07.2026,galaxy,TRUE
08.07.2026,galaxy,TRUE
09.07.2026,galaxy,TRUE
09.07.2026,galaxy,TRUE
09.07.2026,galaxy,TRUE
10.07.2026,galaxy,TRUE
10.07.2026,galaxy,TRUE
10.07.2026,galaxy,TRUE
14.07.2026,galaxy,TRUE
14.07.2026,galaxy,TRUE
14.07.2026,galaxy,TRUE
16.07.2026,galaxy,TRUE
16.07.2026,galaxy,TRUE
16.07.2026,galaxy,TRUE
16.07.2026,galaxy,TRUE
16.07.2026,galaxy,TRUE
16.07.2026,galaxy,TRUE
20.07.2026,galaxy,TRUE
20.07.2026,galaxy,TRUE
20.07.2026,galaxy,TRUE
21.07.2026,galaxy,TRUE
21.07.2026,galaxy,TRUE
21.07.2026,galaxy,TRUE
22.07.2026,galaxy,TRUE
22.07.2026,galaxy,TRUE
22.07.2026,galaxy,TRUE
22.07.2026,galaxy,TRUE
22.07.2026,galaxy,TRUE
22.07.2026,galaxy,TRUE
27.07.2026,galaxy,TRUE
27.07.2026,galaxy,TRUE
27.07.2026,galaxy,TRUE
28.07.2026,galaxy,TRUE
28.07.2026,galaxy,TRUE
28.07.2026,galaxy,TRUE
29.07.2026,galaxy,TRUE
29.07.2026,galaxy,TRUE
29.07.2026,galaxy,TRUE
30.07.2026,galaxy,TRUE
30.07.2026,galaxy,TRUE
30.07.2026,galaxy,TRUE
30.07.2026,galaxy,TRUE
30.07.2026,galaxy,TRUE
30.07.2026,galaxy,TRUE
31.07.2026,galaxy,TRUE
31.07.2026,galaxy,TRUE
31.07.2026,galaxy,TRUE
03.08.2026,galaxy,TRUE
03.08.2026,galaxy,TRUE
03.08.2026,galaxy,TRUE
06.08.2026,galaxy,TRUE
06.08.2026,galaxy,TRUE
06.08.2026,galaxy,TRUE
10.08.2026,galaxy,TRUE
10.08.2026,galaxy,TRUE
10.08.2026,galaxy,TRUE
11.08.2026,galaxy,TRUE
11.08.2026,galaxy,TRUE
11.08.2026,galaxy,TRUE
11.08.2026,galaxy,TRUE
11.08.2026,galaxy,TRUE
11.08.2026,galaxy,TRUE
12.08.2026,galaxy,TRUE
12.08.2026,galaxy,TRUE
12.08.2026,galaxy,TRUE
17.08.2026,galaxy,TRUE
17.08.2026,galaxy,TRUE
17.08.2026,galaxy,TRUE
17.08.2026,galaxy,TRUE
17.08.2026,galaxy,TRUE
17.08.2026,galaxy,TRUE
18.08.2026,galaxy,TRUE
18.08.2026,galaxy,TRUE
18.08.2026,galaxy,TRUE
20.08.2026,galaxy,TRUE
20.08.2026,galaxy,TRUE
20.08.2026,galaxy,TRUE
25.08.2026,galaxy,TRUE
25.08.2026,galaxy,TRUE
25.08.2026,galaxy,TRUE
25.08.2026,galaxy,TRUE
25.08.2026,galaxy,TRUE
25.08.2026,galaxy,TRUE
26.08.2026,galaxy,TRUE
26.08.2026,galaxy,TRUE
26.08.2026,galaxy,TRUE
26.08.2026,galaxy,TRUE
26.08.2026,galaxy,TRUE
26.08.2026,galaxy,TRUE
27.08.2026,galaxy,TRUE
27.08.2026,galaxy,TRUE
27.08.2026,galaxy,TRUE
28.08.2026,galaxy,TRUE
28.08.2026,galaxy,TRUE
28.08.2026,galaxy,TRUE
06.05.2024,geocoding,TRUE
26.07.2024,geocoding,TRUE
05.08.2024,geocoding,TRUE
06.09.2024,geocoding,TRUE
08.10.2024,geocoding,TRUE
21.10.2024,geocoding,TRUE
21.10.2024,geocoding,TRUE
21.10.2024,geocoding,TRUE
23.10.2024,geocoding,TRUE
29.01.2025,geocoding,TRUE
27.03.2025,geocoding,TRUE
23.07.2025,geocoding,TRUE
26.09.2025,geocoding,TRUE
26.11.2025,geocoding,TRUE
16.02.2026,geocoding,TRUE
01.07.2026,geocoding,TRUE
01.07.2026,geocoding,FALSE
08.07.2026,geocoding,TRUE
05.08.2026,geocoding,TRUE
03.11.2025,github-backup,TRUE
04.11.2025,github-backup,TRUE
04.11.2025,github-backup,TRUE
05.11.2025,github-backup,TRUE
06.11.2025,github-backup,TRUE
10.11.2025,github-backup,TRUE
27.11.2025,github-backup,TRUE
11.03.2026,github-backup,TRUE
19.03.2026,github-backup,TRUE
26.03.2026,github-backup,TRUE
02.01.2024,grafana,TRUE
12.03.2024,grafana,TRUE
08.04.2024,grafana,TRUE
22.04.2024,grafana,TRUE
12.06.2024,grafana,TRUE
11.07.2024,grafana,TRUE
14.10.2024,grafana,TRUE
14.10.2024,grafana,TRUE
30.12.2024,grafana,TRUE
28.02.2025,grafana,TRUE
03.04.2025,grafana,TRUE
22.05.2025,grafana,TRUE
22.07.2025,grafana,TRUE
23.07.2025,grafana,TRUE
03.09.2025,grafana,TRUE
27.11.2025,grafana,TRUE
12.12.2025,grafana,TRUE
28.01.2026,grafana,TRUE
10.03.2026,grafana,TRUE
16.03.2026,grafana,TRUE
02.04.2026,grafana,TRUE
22.04.2026,grafana,TRUE
28.04.2026,grafana,TRUE
04.06.2026,grafana,TRUE
29.06.2026,grafana,TRUE
29.06.2026,grafana,TRUE
30.06.2026,grafana,TRUE
07.07.2026,grafana,TRUE
05.08.2026,grafana,TRUE
26.03.2024,grpc-uptrends-proxy,TRUE
01.07.2024,grpc-uptrends-proxy,TRUE
01.07.2024,grpc-uptrends-proxy,TRUE
11.07.2024,grpc-uptrends-proxy,TRUE
29.08.2024,grpc-uptrends-proxy,TRUE
05.11.2024,grpc-uptrends-proxy,TRUE
18.11.2024,grpc-uptrends-proxy,TRUE
12.12.2024,grpc-uptrends-proxy,TRUE
23.12.2024,grpc-uptrends-proxy,TRUE
10.01.2025,grpc-uptrends-proxy,TRUE
13.03.2025,grpc-uptrends-proxy,TRUE
15.08.2025,grpc-uptrends-proxy,TRUE
11.09.2025,grpc-uptrends-proxy,TRUE
11.11.2025,grpc-uptrends-proxy,TRUE
28.01.2026,grpc-uptrends-proxy,TRUE
28.01.2026,grpc-uptrends-proxy,TRUE
05.02.2026,grpc-uptrends-proxy,TRUE
09.02.2026,grpc-uptrends-proxy,TRUE
02.04.2026,grpc-uptrends-proxy,TRUE
06.05.2026,grpc-uptrends-proxy,TRUE
19.06.2026,grpc-uptrends-proxy,TRUE
21.08.2026,grpc-uptrends-proxy,TRUE
28.02.2024,gym-adm-int,TRUE
29.02.2024,gym-adm-int,TRUE
01.03.2024,gym-adm-int,TRUE
01.03.2024,gym-adm-int,TRUE
03.04.2024,gym-adm-int,TRUE
11.04.2024,gym-adm-int,TRUE
07.05.2024,gym-adm-int,TRUE
07.05.2024,gym-adm-int,TRUE
07.05.2024,gym-adm-int,TRUE
23.05.2024,gym-adm-int,TRUE
28.05.2024,gym-adm-int,TRUE
12.06.2024,gym-adm-int,TRUE
12.06.2024,gym-adm-int,TRUE
12.06.2024,gym-adm-int,TRUE
12.06.2024,gym-adm-int,TRUE
12.06.2024,gym-adm-int,TRUE
12.06.2024,gym-adm-int,TRUE
13.06.2024,gym-adm-int,TRUE
13.06.2024,gym-adm-int,TRUE
13.06.2024,gym-adm-int,TRUE
13.06.2024,gym-adm-int,TRUE
13.06.2024,gym-adm-int,TRUE
14.06.2024,gym-adm-int,TRUE
24.06.2024,gym-adm-int,TRUE
24.06.2024,gym-adm-int,TRUE
19.07.2024,gym-adm-int,TRUE
22.07.2024,gym-adm-int,TRUE
13.08.2024,gym-adm-int,TRUE
14.08.2024,gym-adm-int,TRUE
13.11.2024,gym-adm-int,TRUE
15.11.2024,gym-adm-int,TRUE
15.11.2024,gym-adm-int,TRUE
19.11.2024,gym-adm-int,TRUE
19.11.2024,gym-adm-int,TRUE
25.11.2024,gym-adm-int,TRUE
28.02.2025,gym-adm-int,TRUE
28.02.2025,gym-adm-int,TRUE
28.02.2025,gym-adm-int,TRUE
17.03.2025,gym-adm-int,TRUE
18.03.2025,gym-adm-int,TRUE
10.04.2025,gym-adm-int,TRUE
10.04.2025,gym-adm-int,TRUE
26.04.2025,gym-adm-int,TRUE
29.04.2025,gym-adm-int,TRUE
02.05.2025,gym-adm-int,TRUE
02.05.2025,gym-adm-int,TRUE
05.05.2025,gym-adm-int,TRUE
05.05.2025,gym-adm-int,TRUE
05.05.2025,gym-adm-int,TRUE
06.05.2025,gym-adm-int,TRUE
07.05.2025,gym-adm-int,TRUE
07.05.2025,gym-adm-int,TRUE
07.05.2025,gym-adm-int,TRUE
02.06.2025,gym-adm-int,TRUE
01.07.2025,gym-adm-int,TRUE
22.07.2025,gym-adm-int,TRUE
22.08.2025,gym-adm-int,TRUE
01.09.2025,gym-adm-int,TRUE
03.09.2025,gym-adm-int,TRUE
03.09.2025,gym-adm-int,TRUE
17.09.2025,gym-adm-int,TRUE
02.10.2025,gym-adm-int,TRUE
13.10.2025,gym-adm-int,TRUE
15.10.2025,gym-adm-int,TRUE
18.11.2025,gym-adm-int,TRUE
04.12.2025,gym-adm-int,TRUE
02.01.2026,gym-adm-int,TRUE
02.01.2026,gym-adm-int,TRUE
16.01.2026,gym-adm-int,TRUE
26.01.2026,gym-adm-int,TRUE
05.02.2026,gym-adm-int,TRUE
09.02.2026,gym-adm-int,TRUE
09.02.2026,gym-adm-int,TRUE
12.02.2026,gym-adm-int,TRUE
19.02.2026,gym-adm-int,TRUE
19.02.2026,gym-adm-int,TRUE
29.06.2026,gym-adm-int,TRUE
27.07.2026,gym-adm-int,TRUE
27.07.2026,gym-adm-int,TRUE
27.07.2026,gym-adm-int,TRUE
04.08.2026,gym-adm-int,TRUE
05.08.2026,gym-adm-int,TRUE
30.01.2024,gym-importer-adm-int,TRUE
06.02.2024,gym-importer-adm-int,TRUE
20.03.2024,gym-importer-adm-int,TRUE
22.04.2024,gym-importer-adm-int,TRUE
17.05.2024,gym-importer-adm-int,TRUE
06.06.2024,gym-importer-adm-int,TRUE
20.06.2024,gym-importer-adm-int,TRUE
04.07.2024,gym-importer-adm-int,TRUE
12.07.2024,gym-importer-adm-int,TRUE
12.07.2024,gym-importer-adm-int,TRUE
22.07.2024,gym-importer-adm-int,TRUE
13.08.2024,gym-importer-adm-int,TRUE
14.08.2024,gym-importer-adm-int,TRUE
13.09.2024,gym-importer-adm-int,TRUE
02.12.2024,gym-importer-adm-int,TRUE
23.12.2024,gym-importer-adm-int,TRUE
13.05.2025,gym-importer-adm-int,TRUE
06.06.2025,gym-importer-adm-int,TRUE
01.07.2025,gym-importer-adm-int,TRUE
01.07.2025,gym-importer-adm-int,TRUE
17.07.2025,gym-importer-adm-int,TRUE
18.11.2025,gym-importer-adm-int,TRUE
19.12.2025,gym-importer-adm-int,TRUE
19.12.2025,gym-importer-adm-int,TRUE
02.01.2026,gym-importer-adm-int,TRUE
02.01.2026,gym-importer-adm-int,TRUE
16.01.2026,gym-importer-adm-int,TRUE
09.02.2026,gym-importer-adm-int,TRUE
09.02.2026,gym-importer-adm-int,TRUE
17.02.2026,gym-importer-adm-int,TRUE
19.02.2026,gym-importer-adm-int,TRUE
29.06.2026,gym-importer-adm-int,TRUE
27.07.2026,gym-importer-adm-int,TRUE
27.07.2026,gym-importer-adm-int,TRUE
31.07.2026,gym-importer-adm-int,TRUE
04.08.2026,gym-importer-adm-int,TRUE
05.08.2026,gym-importer-adm-int,TRUE
12.06.2024,gym-importer,TRUE
12.06.2024,gym-importer,TRUE
12.06.2024,gym-importer,TRUE
14.06.2024,gym-importer,TRUE
21.06.2024,gym-importer,TRUE
01.07.2024,gym-importer,TRUE
03.07.2024,gym-importer,TRUE
08.07.2024,gym-importer,TRUE
10.07.2024,gym-importer,TRUE
16.07.2024,gym-importer,TRUE
01.08.2024,gym-importer,TRUE
14.08.2024,gym-importer,TRUE
30.08.2024,gym-importer,TRUE
30.09.2024,gym-importer,TRUE
05.11.2024,gym-importer,TRUE
15.11.2024,gym-importer,TRUE
25.11.2024,gym-importer,TRUE
11.12.2024,gym-importer,TRUE
24.03.2025,gym-importer,TRUE
26.03.2025,gym-importer,TRUE
27.03.2025,gym-importer,TRUE
22.04.2025,gym-importer,TRUE
06.05.2025,gym-importer,TRUE
12.05.2025,gym-importer,TRUE
13.05.2025,gym-importer,TRUE
19.05.2025,gym-importer,TRUE
09.06.2025,gym-importer,TRUE
12.06.2025,gym-importer,TRUE
26.06.2025,gym-importer,TRUE
26.06.2025,gym-importer,TRUE
02.07.2025,gym-importer,TRUE
07.07.2025,gym-importer,TRUE
07.07.2025,gym-importer,TRUE
19.08.2025,gym-importer,TRUE
06.10.2025,gym-importer,TRUE
07.10.2025,gym-importer,TRUE
08.10.2025,gym-importer,TRUE
08.10.2025,gym-importer,TRUE
08.12.2025,gym-importer,TRUE
09.12.2025,gym-importer,TRUE
06.01.2026,gym-importer,TRUE
09.02.2026,gym-importer,TRUE
11.02.2026,gym-importer,TRUE
20.02.2026,gym-importer,TRUE
26.03.2026,gym-importer,TRUE
14.04.2026,gym-importer,TRUE
21.04.2026,gym-importer,TRUE
22.04.2026,gym-importer,TRUE
22.04.2026,gym-importer,TRUE
07.05.2026,gym-importer,TRUE
12.05.2026,gym-importer,TRUE
19.05.2026,gym-importer,TRUE
20.05.2026,gym-importer,TRUE
21.05.2026,gym-importer,TRUE
04.06.2026,gym-importer,TRUE
01.07.2026,gym-importer,TRUE
07.07.2026,gym-importer,TRUE
14.07.2026,gym-importer,TRUE
05.08.2026,gym-importer,TRUE
11.08.2026,gym-importer,TRUE
19.08.2026,gym-importer,TRUE
25.08.2026,gym-importer,TRUE
31.01.2024,gymfinder-adm-int,TRUE
01.02.2024,gymfinder-adm-int,TRUE
09.02.2024,gymfinder-adm-int,TRUE
07.03.2024,gymfinder-adm-int,TRUE
07.03.2024,gymfinder-adm-int,TRUE
12.03.2024,gymfinder-adm-int,TRUE
13.03.2024,gymfinder-adm-int,TRUE
14.03.2024,gymfinder-adm-int,TRUE
18.03.2024,gymfinder-adm-int,TRUE
21.03.2024,gymfinder-adm-int,TRUE
25.03.2024,gymfinder-adm-int,TRUE
26.03.2024,gymfinder-adm-int,TRUE
27.03.2024,gymfinder-adm-int,TRUE
03.04.2024,gymfinder-adm-int,TRUE
10.04.2024,gymfinder-adm-int,TRUE
12.04.2024,gymfinder-adm-int,TRUE
18.04.2024,gymfinder-adm-int,TRUE
25.04.2024,gymfinder-adm-int,TRUE
06.05.2024,gymfinder-adm-int,TRUE
07.05.2024,gymfinder-adm-int,TRUE
22.05.2024,gymfinder-adm-int,TRUE
24.05.2024,gymfinder-adm-int,TRUE
24.05.2024,gymfinder-adm-int,TRUE
28.05.2024,gymfinder-adm-int,TRUE
10.06.2024,gymfinder-adm-int,TRUE
12.06.2024,gymfinder-adm-int,TRUE
12.06.2024,gymfinder-adm-int,TRUE
20.06.2024,gymfinder-adm-int,TRUE
21.06.2024,gymfinder-adm-int,TRUE
22.07.2024,gymfinder-adm-int,TRUE
12.08.2024,gymfinder-adm-int,TRUE
13.08.2024,gymfinder-adm-int,TRUE
13.08.2024,gymfinder-adm-int,FALSE
20.08.2024,gymfinder-adm-int,TRUE
23.08.2024,gymfinder-adm-int,TRUE
26.08.2024,gymfinder-adm-int,TRUE
27.08.2024,gymfinder-adm-int,FALSE
27.08.2024,gymfinder-adm-int,TRUE
27.08.2024,gymfinder-adm-int,TRUE
13.09.2024,gymfinder-adm-int,TRUE
24.09.2024,gymfinder-adm-int,TRUE
24.09.2024,gymfinder-adm-int,TRUE
15.10.2024,gymfinder-adm-int,TRUE
22.10.2024,gymfinder-adm-int,TRUE
23.10.2024,gymfinder-adm-int,TRUE
30.10.2024,gymfinder-adm-int,TRUE
12.11.2024,gymfinder-adm-int,TRUE
18.11.2024,gymfinder-adm-int,TRUE
21.11.2024,gymfinder-adm-int,TRUE
13.12.2024,gymfinder-adm-int,TRUE
29.01.2025,gymfinder-adm-int,TRUE
05.02.2025,gymfinder-adm-int,TRUE
06.02.2025,gymfinder-adm-int,TRUE
04.03.2025,gymfinder-adm-int,TRUE
11.03.2025,gymfinder-adm-int,TRUE
10.06.2025,gymfinder-adm-int,TRUE
27.06.2025,gymfinder-adm-int,TRUE
09.07.2025,gymfinder-adm-int,TRUE
28.07.2025,gymfinder-adm-int,TRUE
30.07.2025,gymfinder-adm-int,TRUE
04.08.2025,gymfinder-adm-int,TRUE
07.08.2025,gymfinder-adm-int,TRUE
07.08.2025,gymfinder-adm-int,TRUE
19.09.2025,gymfinder-adm-int,TRUE
26.11.2025,gymfinder-adm-int,TRUE
09.12.2025,gymfinder-adm-int,TRUE
16.12.2025,gymfinder-adm-int,TRUE
18.12.2025,gymfinder-adm-int,TRUE
19.12.2025,gymfinder-adm-int,TRUE
29.12.2025,gymfinder-adm-int,TRUE
21.01.2026,gymfinder-adm-int,TRUE
21.01.2026,gymfinder-adm-int,TRUE
05.02.2026,gymfinder-adm-int,TRUE
09.02.2026,gymfinder-adm-int,TRUE
09.02.2026,gymfinder-adm-int,TRUE
09.02.2026,gymfinder-adm-int,TRUE
11.02.2026,gymfinder-adm-int,TRUE
16.02.2026,gymfinder-adm-int,TRUE
17.02.2026,gymfinder-adm-int,TRUE
19.02.2026,gymfinder-adm-int,TRUE
24.02.2026,gymfinder-adm-int,TRUE
05.03.2026,gymfinder-adm-int,TRUE
05.03.2026,gymfinder-adm-int,TRUE
05.03.2026,gymfinder-adm-int,TRUE
09.03.2026,gymfinder-adm-int,TRUE
29.04.2026,gymfinder-adm-int,TRUE
29.04.2026,gymfinder-adm-int,TRUE
19.05.2026,gymfinder-adm-int,TRUE
28.05.2026,gymfinder-adm-int,TRUE
29.05.2026,gymfinder-adm-int,TRUE
03.06.2026,gymfinder-adm-int,TRUE
09.06.2026,gymfinder-adm-int,TRUE
11.06.2026,gymfinder-adm-int,TRUE
29.06.2026,gymfinder-adm-int,TRUE
02.07.2026,gymfinder-adm-int,TRUE
03.07.2026,gymfinder-adm-int,TRUE
09.07.2026,gymfinder-adm-int,TRUE
14.07.2026,gymfinder-adm-int,TRUE
15.07.2026,gymfinder-adm-int,TRUE
20.07.2026,gymfinder-adm-int,TRUE
22.07.2026,gymfinder-adm-int,TRUE
22.07.2026,gymfinder-adm-int,TRUE
28.07.2026,gymfinder-adm-int,TRUE
31.07.2026,gymfinder-adm-int,TRUE
31.07.2026,gymfinder-adm-int,TRUE
04.08.2026,gymfinder-adm-int,TRUE
10.08.2026,gymfinder-adm-int,TRUE
14.08.2026,gymfinder-adm-int,TRUE
18.08.2026,gymfinder-adm-int,TRUE
24.08.2026,gymfinder-adm-int,TRUE
26.08.2026,gymfinder-adm-int,TRUE
02.01.2024,gymfinder-backend,TRUE
15.01.2024,gymfinder-backend,TRUE
30.01.2024,gymfinder-backend,TRUE
31.01.2024,gymfinder-backend,TRUE
05.02.2024,gymfinder-backend,TRUE
09.02.2024,gymfinder-backend,TRUE
12.02.2024,gymfinder-backend,TRUE
20.02.2024,gymfinder-backend,TRUE
23.02.2024,gymfinder-backend,TRUE
26.02.2024,gymfinder-backend,TRUE
26.02.2024,gymfinder-backend,TRUE
07.03.2024,gymfinder-backend,TRUE
08.03.2024,gymfinder-backend,TRUE
12.03.2024,gymfinder-backend,TRUE
12.03.2024,gymfinder-backend,TRUE
14.03.2024,gymfinder-backend,TRUE
15.03.2024,gymfinder-backend,TRUE
18.03.2024,gymfinder-backend,TRUE
21.03.2024,gymfinder-backend,TRUE
25.03.2024,gymfinder-backend,TRUE
27.03.2024,gymfinder-backend,TRUE
29.03.2024,gymfinder-backend,TRUE
29.03.2024,gymfinder-backend,TRUE
03.04.2024,gymfinder-backend,TRUE
04.04.2024,gymfinder-backend,TRUE
04.04.2024,gymfinder-backend,TRUE
05.04.2024,gymfinder-backend,TRUE
08.04.2024,gymfinder-backend,TRUE
09.04.2024,gymfinder-backend,TRUE
12.04.2024,gymfinder-backend,TRUE
18.04.2024,gymfinder-backend,TRUE
19.04.2024,gymfinder-backend,TRUE
24.04.2024,gymfinder-backend,TRUE
24.04.2024,gymfinder-backend,TRUE
24.04.2024,gymfinder-backend,TRUE
25.04.2024,gymfinder-backend,TRUE
02.05.2024,gymfinder-backend,TRUE
06.05.2024,gymfinder-backend,TRUE
07.05.2024,gymfinder-backend,TRUE
10.05.2024,gymfinder-backend,TRUE
14.05.2024,gymfinder-backend,TRUE
22.05.2024,gymfinder-backend,TRUE
22.05.2024,gymfinder-backend,TRUE
24.05.2024,gymfinder-backend,TRUE
27.05.2024,gymfinder-backend,TRUE
10.06.2024,gymfinder-backend,TRUE
14.06.2024,gymfinder-backend,TRUE
05.07.2024,gymfinder-backend,TRUE
16.07.2024,gymfinder-backend,TRUE
18.07.2024,gymfinder-backend,TRUE
26.07.2024,gymfinder-backend,TRUE
02.08.2024,gymfinder-backend,TRUE
02.08.2024,gymfinder-backend,TRUE
05.08.2024,gymfinder-backend,TRUE
13.08.2024,gymfinder-backend,TRUE
13.08.2024,gymfinder-backend,FALSE
19.08.2024,gymfinder-backend,TRUE
20.08.2024,gymfinder-backend,TRUE
23.08.2024,gymfinder-backend,TRUE
26.08.2024,gymfinder-backend,TRUE
27.08.2024,gymfinder-backend,FALSE
27.08.2024,gymfinder-backend,TRUE
27.08.2024,gymfinder-backend,TRUE
09.09.2024,gymfinder-backend,TRUE
11.09.2024,gymfinder-backend,TRUE
11.09.2024,gymfinder-backend,TRUE
11.09.2024,gymfinder-backend,TRUE
12.09.2024,gymfinder-backend,TRUE
13.09.2024,gymfinder-backend,TRUE
24.09.2024,gymfinder-backend,TRUE
24.09.2024,gymfinder-backend,TRUE
26.09.2024,gymfinder-backend,TRUE
27.09.2024,gymfinder-backend,TRUE
01.10.2024,gymfinder-backend,TRUE
04.10.2024,gymfinder-backend,TRUE
04.10.2024,gymfinder-backend,TRUE
08.10.2024,gymfinder-backend,TRUE
09.10.2024,gymfinder-backend,TRUE
10.10.2024,gymfinder-backend,TRUE
17.10.2024,gymfinder-backend,TRUE
17.10.2024,gymfinder-backend,TRUE
17.10.2024,gymfinder-backend,TRUE
21.10.2024,gymfinder-backend,TRUE
31.10.2024,gymfinder-backend,TRUE
07.11.2024,gymfinder-backend,TRUE
11.11.2024,gymfinder-backend,TRUE
11.11.2024,gymfinder-backend,TRUE
14.11.2024,gymfinder-backend,TRUE
21.11.2024,gymfinder-backend,TRUE
26.11.2024,gymfinder-backend,TRUE
03.12.2024,gymfinder-backend,TRUE
05.12.2024,gymfinder-backend,TRUE
13.12.2024,gymfinder-backend,TRUE
19.12.2024,gymfinder-backend,TRUE
07.01.2025,gymfinder-backend,TRUE
13.01.2025,gymfinder-backend,TRUE
28.01.2025,gymfinder-backend,TRUE
05.02.2025,gymfinder-backend,TRUE
10.02.2025,gymfinder-backend,TRUE
17.02.2025,gymfinder-backend,TRUE
24.02.2025,gymfinder-backend,TRUE
04.03.2025,gymfinder-backend,TRUE
05.03.2025,gymfinder-backend,TRUE
11.03.2025,gymfinder-backend,TRUE
20.03.2025,gymfinder-backend,TRUE
21.03.2025,gymfinder-backend,TRUE
27.03.2025,gymfinder-backend,TRUE
31.03.2025,gymfinder-backend,TRUE
01.04.2025,gymfinder-backend,TRUE
01.04.2025,gymfinder-backend,TRUE
08.04.2025,gymfinder-backend,TRUE
08.04.2025,gymfinder-backend,TRUE
14.04.2025,gymfinder-backend,TRUE
18.04.2025,gymfinder-backend,TRUE
22.04.2025,gymfinder-backend,TRUE
22.04.2025,gymfinder-backend,TRUE
25.04.2025,gymfinder-backend,TRUE
29.04.2025,gymfinder-backend,TRUE
30.04.2025,gymfinder-backend,TRUE
07.05.2025,gymfinder-backend,TRUE
13.05.2025,gymfinder-backend,TRUE
14.05.2025,gymfinder-backend,TRUE
15.05.2025,gymfinder-backend,TRUE
15.05.2025,gymfinder-backend,TRUE
16.05.2025,gymfinder-backend,TRUE
19.05.2025,gymfinder-backend,TRUE
21.05.2025,gymfinder-backend,TRUE
23.05.2025,gymfinder-backend,TRUE
23.05.2025,gymfinder-backend,TRUE
23.05.2025,gymfinder-backend,TRUE
30.05.2025,gymfinder-backend,TRUE
02.06.2025,gymfinder-backend,TRUE
02.06.2025,gymfinder-backend,TRUE
05.06.2025,gymfinder-backend,TRUE
05.06.2025,gymfinder-backend,TRUE
10.06.2025,gymfinder-backend,TRUE
10.06.2025,gymfinder-backend,TRUE
24.06.2025,gymfinder-backend,TRUE
25.06.2025,gymfinder-backend,TRUE
27.06.2025,gymfinder-backend,TRUE
07.07.2025,gymfinder-backend,TRUE
09.07.2025,gymfinder-backend,TRUE
14.07.2025,gymfinder-backend,TRUE
22.07.2025,gymfinder-backend,TRUE
04.08.2025,gymfinder-backend,TRUE
07.08.2025,gymfinder-backend,TRUE
07.08.2025,gymfinder-backend,TRUE
19.08.2025,gymfinder-backend,TRUE
19.08.2025,gymfinder-backend,TRUE
02.09.2025,gymfinder-backend,TRUE
02.09.2025,gymfinder-backend,TRUE
03.09.2025,gymfinder-backend,TRUE
05.09.2025,gymfinder-backend,TRUE
09.09.2025,gymfinder-backend,TRUE
16.09.2025,gymfinder-backend,TRUE
17.09.2025,gymfinder-backend,TRUE
17.09.2025,gymfinder-backend,TRUE
17.09.2025,gymfinder-backend,TRUE
19.09.2025,gymfinder-backend,TRUE
23.09.2025,gymfinder-backend,TRUE
24.09.2025,gymfinder-backend,TRUE
25.09.2025,gymfinder-backend,TRUE
30.09.2025,gymfinder-backend,TRUE
10.10.2025,gymfinder-backend,TRUE
22.10.2025,gymfinder-backend,TRUE
23.10.2025,gymfinder-backend,TRUE
27.10.2025,gymfinder-backend,TRUE
03.11.2025,gymfinder-backend,TRUE
03.11.2025,gymfinder-backend,TRUE
13.11.2025,gymfinder-backend,TRUE
17.11.2025,gymfinder-backend,TRUE
26.11.2025,gymfinder-backend,TRUE
26.11.2025,gymfinder-backend,FALSE
27.11.2025,gymfinder-backend,TRUE
27.11.2025,gymfinder-backend,TRUE
01.12.2025,gymfinder-backend,TRUE
16.12.2025,gymfinder-backend,TRUE
18.12.2025,gymfinder-backend,TRUE
19.12.2025,gymfinder-backend,TRUE
05.01.2026,gymfinder-backend,TRUE
05.01.2026,gymfinder-backend,TRUE
09.01.2026,gymfinder-backend,TRUE
19.01.2026,gymfinder-backend,TRUE
26.01.2026,gymfinder-backend,TRUE
29.01.2026,gymfinder-backend,TRUE
30.01.2026,gymfinder-backend,TRUE
02.02.2026,gymfinder-backend,TRUE
03.02.2026,gymfinder-backend,TRUE
11.02.2026,gymfinder-backend,TRUE
16.02.2026,gymfinder-backend,TRUE
18.02.2026,gymfinder-backend,TRUE
23.02.2026,gymfinder-backend,TRUE
24.02.2026,gymfinder-backend,TRUE
25.02.2026,gymfinder-backend,TRUE
25.02.2026,gymfinder-backend,TRUE
25.02.2026,gymfinder-backend,TRUE
26.02.2026,gymfinder-backend,TRUE
27.02.2026,gymfinder-backend,TRUE
05.03.2026,gymfinder-backend,TRUE
17.03.2026,gymfinder-backend,TRUE
18.03.2026,gymfinder-backend,TRUE
17.04.2026,gymfinder-backend,TRUE
27.04.2026,gymfinder-backend,TRUE
28.04.2026,gymfinder-backend,TRUE
19.05.2026,gymfinder-backend,TRUE
19.05.2026,gymfinder-backend,FALSE
19.05.2026,gymfinder-backend,TRUE
26.05.2026,gymfinder-backend,TRUE
26.05.2026,gymfinder-backend,TRUE
27.05.2026,gymfinder-backend,TRUE
28.05.2026,gymfinder-backend,TRUE
28.05.2026,gymfinder-backend,TRUE
28.05.2026,gymfinder-backend,TRUE
03.06.2026,gymfinder-backend,TRUE
09.06.2026,gymfinder-backend,TRUE
10.06.2026,gymfinder-backend,TRUE
10.06.2026,gymfinder-backend,TRUE
12.06.2026,gymfinder-backend,TRUE
19.06.2026,gymfinder-backend,TRUE
23.06.2026,gymfinder-backend,TRUE
25.06.2026,gymfinder-backend,TRUE
26.06.2026,gymfinder-backend,TRUE
09.07.2026,gymfinder-backend,TRUE
09.07.2026,gymfinder-backend,TRUE
10.07.2026,gymfinder-backend,TRUE
14.07.2026,gymfinder-backend,TRUE
22.07.2026,gymfinder-backend,TRUE
24.07.2026,gymfinder-backend,TRUE
24.07.2026,gymfinder-backend,TRUE
24.07.2026,gymfinder-backend,TRUE
31.07.2026,gymfinder-backend,TRUE
31.07.2026,gymfinder-backend,TRUE
04.08.2026,gymfinder-backend,TRUE
06.08.2026,gymfinder-backend,TRUE
07.08.2026,gymfinder-backend,TRUE
10.08.2026,gymfinder-backend,TRUE
13.08.2026,gymfinder-backend,TRUE
13.08.2026,gymfinder-backend,FALSE
13.08.2026,gymfinder-backend,TRUE
14.08.2026,gymfinder-backend,TRUE
14.08.2026,gymfinder-backend,TRUE
18.08.2026,gymfinder-backend,TRUE
19.08.2026,gymfinder-backend,TRUE
19.08.2026,gymfinder-backend,TRUE
20.08.2026,gymfinder-backend,TRUE
20.08.2026,gymfinder-backend,TRUE
21.08.2026,gymfinder-backend,TRUE
24.08.2026,gymfinder-backend,TRUE
24.08.2026,gymfinder-backend,TRUE
26.08.2026,gymfinder-backend,TRUE
26.08.2026,gymfinder-backend,TRUE
26.08.2026,gymfinder-backend,FALSE
26.08.2026,gymfinder-backend,TRUE
27.08.2026,gymfinder-backend,TRUE
27.08.2026,gymfinder-backend,TRUE
31.08.2026,gymfinder-backend,TRUE
04.01.2024,gymfinder-frontend,TRUE
10.01.2024,gymfinder-frontend,TRUE
12.01.2024,gymfinder-frontend,TRUE
12.01.2024,gymfinder-frontend,TRUE
15.01.2024,gymfinder-frontend,TRUE
22.01.2024,gymfinder-frontend,TRUE
22.01.2024,gymfinder-frontend,TRUE
29.01.2024,gymfinder-frontend,TRUE
30.01.2024,gymfinder-frontend,TRUE
30.01.2024,gymfinder-frontend,TRUE
31.01.2024,gymfinder-frontend,TRUE
01.02.2024,gymfinder-frontend,TRUE
01.02.2024,gymfinder-frontend,TRUE
05.02.2024,gymfinder-frontend,TRUE
06.02.2024,gymfinder-frontend,TRUE
07.02.2024,gymfinder-frontend,TRUE
08.02.2024,gymfinder-frontend,TRUE
08.02.2024,gymfinder-frontend,TRUE
09.02.2024,gymfinder-frontend,TRUE
09.02.2024,gymfinder-frontend,TRUE
12.02.2024,gymfinder-frontend,TRUE
12.02.2024,gymfinder-frontend,TRUE
14.02.2024,gymfinder-frontend,TRUE
14.02.2024,gymfinder-frontend,TRUE
16.02.2024,gymfinder-frontend,TRUE
16.02.2024,gymfinder-frontend,TRUE
19.02.2024,gymfinder-frontend,TRUE
20.02.2024,gymfinder-frontend,TRUE
26.02.2024,gymfinder-frontend,TRUE
27.02.2024,gymfinder-frontend,TRUE
27.02.2024,gymfinder-frontend,TRUE
29.02.2024,gymfinder-frontend,TRUE
05.03.2024,gymfinder-frontend,TRUE
06.03.2024,gymfinder-frontend,TRUE
07.03.2024,gymfinder-frontend,TRUE
12.03.2024,gymfinder-frontend,TRUE
13.03.2024,gymfinder-frontend,TRUE
13.03.2024,gymfinder-frontend,TRUE
15.03.2024,gymfinder-frontend,TRUE
21.03.2024,gymfinder-frontend,TRUE
26.03.2024,gymfinder-frontend,TRUE
27.03.2024,gymfinder-frontend,TRUE
29.03.2024,gymfinder-frontend,TRUE
02.04.2024,gymfinder-frontend,TRUE
09.04.2024,gymfinder-frontend,TRUE
10.04.2024,gymfinder-frontend,TRUE
10.04.2024,gymfinder-frontend,TRUE
12.04.2024,gymfinder-frontend,TRUE
16.04.2024,gymfinder-frontend,TRUE
18.04.2024,gymfinder-frontend,TRUE
23.04.2024,gymfinder-frontend,TRUE
24.04.2024,gymfinder-frontend,TRUE
25.04.2024,gymfinder-frontend,TRUE
30.04.2024,gymfinder-frontend,TRUE
30.04.2024,gymfinder-frontend,TRUE
06.05.2024,gymfinder-frontend,TRUE
16.05.2024,gymfinder-frontend,TRUE
27.05.2024,gymfinder-frontend,TRUE
29.05.2024,gymfinder-frontend,TRUE
31.05.2024,gymfinder-frontend,TRUE
21.06.2024,gymfinder-frontend,TRUE
05.07.2024,gymfinder-frontend,TRUE
15.07.2024,gymfinder-frontend,TRUE
16.07.2024,gymfinder-frontend,TRUE
17.07.2024,gymfinder-frontend,TRUE
18.07.2024,gymfinder-frontend,TRUE
19.07.2024,gymfinder-frontend,TRUE
19.07.2024,gymfinder-frontend,TRUE
19.07.2024,gymfinder-frontend,TRUE
22.07.2024,gymfinder-frontend,TRUE
22.07.2024,gymfinder-frontend,TRUE
25.07.2024,gymfinder-frontend,TRUE
29.07.2024,gymfinder-frontend,TRUE
30.07.2024,gymfinder-frontend,TRUE
31.07.2024,gymfinder-frontend,TRUE
05.08.2024,gymfinder-frontend,TRUE
06.08.2024,gymfinder-frontend,TRUE
08.08.2024,gymfinder-frontend,TRUE
13.08.2024,gymfinder-frontend,TRUE
13.08.2024,gymfinder-frontend,FALSE
16.08.2024,gymfinder-frontend,TRUE
22.08.2024,gymfinder-frontend,TRUE
27.08.2024,gymfinder-frontend,TRUE
28.08.2024,gymfinder-frontend,TRUE
28.08.2024,gymfinder-frontend,TRUE
29.08.2024,gymfinder-frontend,TRUE
04.09.2024,gymfinder-frontend,TRUE
12.09.2024,gymfinder-frontend,TRUE
13.09.2024,gymfinder-frontend,TRUE
25.09.2024,gymfinder-frontend,TRUE
25.09.2024,gymfinder-frontend,TRUE
26.09.2024,gymfinder-frontend,TRUE
27.09.2024,gymfinder-frontend,TRUE
11.10.2024,gymfinder-frontend,TRUE
21.10.2024,gymfinder-frontend,TRUE
28.10.2024,gymfinder-frontend,TRUE
29.10.2024,gymfinder-frontend,TRUE
29.10.2024,gymfinder-frontend,TRUE
29.10.2024,gymfinder-frontend,TRUE
05.11.2024,gymfinder-frontend,TRUE
13.11.2024,gymfinder-frontend,TRUE
21.11.2024,gymfinder-frontend,TRUE
29.11.2024,gymfinder-frontend,TRUE
29.11.2024,gymfinder-frontend,TRUE
20.12.2024,gymfinder-frontend,TRUE
28.01.2025,gymfinder-frontend,TRUE
29.01.2025,gymfinder-frontend,TRUE
05.02.2025,gymfinder-frontend,TRUE
06.02.2025,gymfinder-frontend,TRUE
10.02.2025,gymfinder-frontend,TRUE
24.02.2025,gymfinder-frontend,TRUE
25.02.2025,gymfinder-frontend,TRUE
27.02.2025,gymfinder-frontend,TRUE
28.02.2025,gymfinder-frontend,TRUE
03.03.2025,gymfinder-frontend,TRUE
26.03.2025,gymfinder-frontend,TRUE
31.03.2025,gymfinder-frontend,TRUE
08.04.2025,gymfinder-frontend,TRUE
08.04.2025,gymfinder-frontend,TRUE
10.04.2025,gymfinder-frontend,TRUE
16.04.2025,gymfinder-frontend,TRUE
25.04.2025,gymfinder-frontend,TRUE
29.04.2025,gymfinder-frontend,TRUE
30.04.2025,gymfinder-frontend,TRUE
12.05.2025,gymfinder-frontend,TRUE
13.05.2025,gymfinder-frontend,TRUE
13.05.2025,gymfinder-frontend,TRUE
15.05.2025,gymfinder-frontend,TRUE
23.05.2025,gymfinder-frontend,TRUE
23.05.2025,gymfinder-frontend,TRUE
28.05.2025,gymfinder-frontend,TRUE
30.05.2025,gymfinder-frontend,TRUE
12.06.2025,gymfinder-frontend,TRUE
24.06.2025,gymfinder-frontend,TRUE
24.06.2025,gymfinder-frontend,TRUE
26.06.2025,gymfinder-frontend,TRUE
07.07.2025,gymfinder-frontend,TRUE
23.07.2025,gymfinder-frontend,TRUE
29.07.2025,gymfinder-frontend,TRUE
04.08.2025,gymfinder-frontend,TRUE
04.08.2025,gymfinder-frontend,TRUE
13.08.2025,gymfinder-frontend,TRUE
13.08.2025,gymfinder-frontend,TRUE
01.09.2025,gymfinder-frontend,TRUE
02.09.2025,gymfinder-frontend,TRUE
15.09.2025,gymfinder-frontend,TRUE
22.09.2025,gymfinder-frontend,TRUE
24.11.2025,gymfinder-frontend,TRUE
02.12.2025,gymfinder-frontend,TRUE
08.12.2025,gymfinder-frontend,TRUE
08.12.2025,gymfinder-frontend,TRUE
09.12.2025,gymfinder-frontend,TRUE
19.01.2026,gymfinder-frontend,TRUE
20.01.2026,gymfinder-frontend,TRUE
05.02.2026,gymfinder-frontend,TRUE
09.02.2026,gymfinder-frontend,TRUE
09.02.2026,gymfinder-frontend,TRUE
12.02.2026,gymfinder-frontend,TRUE
13.02.2026,gymfinder-frontend,TRUE
16.02.2026,gymfinder-frontend,TRUE
20.02.2026,gymfinder-frontend,TRUE
24.02.2026,gymfinder-frontend,TRUE
24.02.2026,gymfinder-frontend,TRUE
24.02.2026,gymfinder-frontend,TRUE
24.02.2026,gymfinder-frontend,TRUE
24.02.2026,gymfinder-frontend,TRUE
25.02.2026,gymfinder-frontend,TRUE
25.02.2026,gymfinder-frontend,TRUE
26.02.2026,gymfinder-frontend,TRUE
02.03.2026,gymfinder-frontend,TRUE
02.03.2026,gymfinder-frontend,TRUE
03.03.2026,gymfinder-frontend,TRUE
04.03.2026,gymfinder-frontend,TRUE
05.03.2026,gymfinder-frontend,TRUE
05.03.2026,gymfinder-frontend,TRUE
05.03.2026,gymfinder-frontend,TRUE
06.03.2026,gymfinder-frontend,TRUE
09.03.2026,gymfinder-frontend,TRUE
09.03.2026,gymfinder-frontend,TRUE
10.03.2026,gymfinder-frontend,TRUE
11.03.2026,gymfinder-frontend,TRUE
13.03.2026,gymfinder-frontend,TRUE
16.03.2026,gymfinder-frontend,TRUE
17.03.2026,gymfinder-frontend,TRUE
17.03.2026,gymfinder-frontend,TRUE
18.03.2026,gymfinder-frontend,TRUE
18.03.2026,gymfinder-frontend,TRUE
20.03.2026,gymfinder-frontend,TRUE
23.03.2026,gymfinder-frontend,TRUE
24.03.2026,gymfinder-frontend,TRUE
26.03.2026,gymfinder-frontend,TRUE
30.03.2026,gymfinder-frontend,TRUE
31.03.2026,gymfinder-frontend,TRUE
07.04.2026,gymfinder-frontend,TRUE
09.04.2026,gymfinder-frontend,TRUE
13.04.2026,gymfinder-frontend,TRUE
16.04.2026,gymfinder-frontend,TRUE
17.04.2026,gymfinder-frontend,TRUE
17.04.2026,gymfinder-frontend,TRUE
20.04.2026,gymfinder-frontend,TRUE
23.04.2026,gymfinder-frontend,TRUE
27.04.2026,gymfinder-frontend,TRUE
29.04.2026,gymfinder-frontend,TRUE
29.04.2026,gymfinder-frontend,TRUE
06.05.2026,gymfinder-frontend,TRUE
12.05.2026,gymfinder-frontend,TRUE
15.05.2026,gymfinder-frontend,TRUE
18.05.2026,gymfinder-frontend,TRUE
21.05.2026,gymfinder-frontend,TRUE
27.05.2026,gymfinder-frontend,TRUE
27.05.2026,gymfinder-frontend,TRUE
28.05.2026,gymfinder-frontend,TRUE
29.05.2026,gymfinder-frontend,TRUE
29.05.2026,gymfinder-frontend,TRUE
29.05.2026,gymfinder-frontend,TRUE
01.06.2026,gymfinder-frontend,TRUE
03.06.2026,gymfinder-frontend,TRUE
04.06.2026,gymfinder-frontend,TRUE
08.06.2026,gymfinder-frontend,TRUE
09.06.2026,gymfinder-frontend,TRUE
10.06.2026,gymfinder-frontend,TRUE
10.06.2026,gymfinder-frontend,TRUE
11.06.2026,gymfinder-frontend,TRUE
16.06.2026,gymfinder-frontend,TRUE
18.06.2026,gymfinder-frontend,TRUE
18.06.2026,gymfinder-frontend,TRUE
19.06.2026,gymfinder-frontend,TRUE
23.06.2026,gymfinder-frontend,TRUE
23.06.2026,gymfinder-frontend,TRUE
24.06.2026,gymfinder-frontend,TRUE
29.06.2026,gymfinder-frontend,TRUE
01.07.2026,gymfinder-frontend,TRUE
01.07.2026,gymfinder-frontend,TRUE
01.07.2026,gymfinder-frontend,TRUE
02.07.2026,gymfinder-frontend,TRUE
03.07.2026,gymfinder-frontend,TRUE
06.07.2026,gymfinder-frontend,TRUE
06.07.2026,gymfinder-frontend,TRUE
06.07.2026,gymfinder-frontend,TRUE
06.07.2026,gymfinder-frontend,TRUE
09.07.2026,gymfinder-frontend,TRUE
14.07.2026,gymfinder-frontend,TRUE
15.07.2026,gymfinder-frontend,TRUE
17.07.2026,gymfinder-frontend,TRUE
17.07.2026,gymfinder-frontend,TRUE
21.07.2026,gymfinder-frontend,TRUE
23.07.2026,gymfinder-frontend,TRUE
28.07.2026,gymfinder-frontend,TRUE
31.07.2026,gymfinder-frontend,TRUE
31.07.2026,gymfinder-frontend,TRUE
05.08.2026,gymfinder-frontend,TRUE
06.08.2026,gymfinder-frontend,TRUE
07.08.2026,gymfinder-frontend,TRUE
12.08.2026,gymfinder-frontend,TRUE
14.08.2026,gymfinder-frontend,TRUE
19.08.2026,gymfinder-frontend,TRUE
19.08.2026,gymfinder-frontend,TRUE
24.08.2026,gymfinder-frontend,TRUE
24.08.2026,gymfinder-frontend,TRUE
25.08.2026,gymfinder-frontend,TRUE
06.05.2024,gymfinder-geocoding,TRUE
26.07.2024,gymfinder-geocoding,TRUE
05.08.2024,gymfinder-geocoding,TRUE
06.09.2024,gymfinder-geocoding,TRUE
08.10.2024,gymfinder-geocoding,TRUE
21.10.2024,gymfinder-geocoding,TRUE
21.10.2024,gymfinder-geocoding,TRUE
21.10.2024,gymfinder-geocoding,TRUE
23.10.2024,gymfinder-geocoding,TRUE
29.01.2025,gymfinder-geocoding,TRUE
27.03.2025,gymfinder-geocoding,TRUE
23.07.2025,gymfinder-geocoding,TRUE
26.09.2025,gymfinder-geocoding,TRUE
26.11.2025,gymfinder-geocoding,TRUE
16.02.2026,gymfinder-geocoding,TRUE
01.07.2026,gymfinder-geocoding,TRUE
01.07.2026,gymfinder-geocoding,FALSE
08.07.2026,gymfinder-geocoding,TRUE
05.08.2026,gymfinder-geocoding,TRUE
04.01.2024,gymlib-back-office,TRUE
04.01.2024,gymlib-back-office,TRUE
12.01.2024,gymlib-back-office,TRUE
15.01.2024,gymlib-back-office,TRUE
22.01.2024,gymlib-back-office,TRUE
25.01.2024,gymlib-back-office,TRUE
29.01.2024,gymlib-back-office,TRUE
19.03.2024,gymlib-back-office,TRUE
28.03.2024,gymlib-back-office,TRUE
02.04.2024,gymlib-back-office,TRUE
02.04.2024,gymlib-back-office,TRUE
08.04.2024,gymlib-back-office,TRUE
09.04.2024,gymlib-back-office,TRUE
11.04.2024,gymlib-back-office,TRUE
16.04.2024,gymlib-back-office,TRUE
24.04.2024,gymlib-back-office,TRUE
26.04.2024,gymlib-back-office,TRUE
03.05.2024,gymlib-back-office,TRUE
06.05.2024,gymlib-back-office,TRUE
14.05.2024,gymlib-back-office,TRUE
22.05.2024,gymlib-back-office,TRUE
22.05.2024,gymlib-back-office,TRUE
22.05.2024,gymlib-back-office,TRUE
23.05.2024,gymlib-back-office,TRUE
24.05.2024,gymlib-back-office,TRUE
30.05.2024,gymlib-back-office,TRUE
04.06.2024,gymlib-back-office,TRUE
07.06.2024,gymlib-back-office,TRUE
14.06.2024,gymlib-back-office,TRUE
17.06.2024,gymlib-back-office,TRUE
02.07.2024,gymlib-back-office,TRUE
16.07.2024,gymlib-back-office,TRUE
01.08.2024,gymlib-back-office,TRUE
09.08.2024,gymlib-back-office,TRUE
14.08.2024,gymlib-back-office,TRUE
21.08.2024,gymlib-back-office,TRUE
04.09.2024,gymlib-back-office,TRUE
11.09.2024,gymlib-back-office,TRUE
18.09.2024,gymlib-back-office,TRUE
24.09.2024,gymlib-back-office,TRUE
03.10.2024,gymlib-back-office,TRUE
03.10.2024,gymlib-back-office,TRUE
07.10.2024,gymlib-back-office,TRUE
08.10.2024,gymlib-back-office,TRUE
08.10.2024,gymlib-back-office,TRUE
11.11.2024,gymlib-back-office,TRUE
03.03.2025,gymlib-back-office,TRUE
17.03.2025,gymlib-back-office,TRUE
04.04.2025,gymlib-back-office,TRUE
15.04.2025,gymlib-back-office,TRUE
17.04.2025,gymlib-back-office,TRUE
29.04.2025,gymlib-back-office,TRUE
06.05.2025,gymlib-back-office,TRUE
16.05.2025,gymlib-back-office,TRUE
20.05.2025,gymlib-back-office,TRUE
26.05.2025,gymlib-back-office,TRUE
04.06.2025,gymlib-back-office,TRUE
01.08.2025,gymlib-back-office,TRUE
01.08.2025,gymlib-back-office,TRUE
04.08.2025,gymlib-back-office,TRUE
29.08.2025,gymlib-back-office,TRUE
11.09.2025,gymlib-back-office,TRUE
11.09.2025,gymlib-back-office,TRUE
24.09.2025,gymlib-back-office,TRUE
30.09.2025,gymlib-back-office,TRUE
30.10.2025,gymlib-back-office,TRUE
29.01.2026,gymlib-back-office,TRUE
02.01.2024,gymlib-backend,TRUE
02.01.2024,gymlib-backend,TRUE
02.01.2024,gymlib-backend,TRUE
02.01.2024,gymlib-backend,TRUE
04.01.2024,gymlib-backend,TRUE
04.01.2024,gymlib-backend,TRUE
04.01.2024,gymlib-backend,TRUE
08.01.2024,gymlib-backend,TRUE
08.01.2024,gymlib-backend,TRUE
08.01.2024,gymlib-backend,TRUE
09.01.2024,gymlib-backend,TRUE
10.01.2024,gymlib-backend,TRUE
11.01.2024,gymlib-backend,TRUE
15.01.2024,gymlib-backend,TRUE
15.01.2024,gymlib-backend,TRUE
16.01.2024,gymlib-backend,TRUE
22.01.2024,gymlib-backend,TRUE
23.01.2024,gymlib-backend,TRUE
24.01.2024,gymlib-backend,TRUE
24.01.2024,gymlib-backend,TRUE
25.01.2024,gymlib-backend,TRUE
25.01.2024,gymlib-backend,TRUE
25.01.2024,gymlib-backend,TRUE
25.01.2024,gymlib-backend,TRUE
26.01.2024,gymlib-backend,TRUE
29.01.2024,gymlib-backend,TRUE
30.01.2024,gymlib-backend,TRUE
30.01.2024,gymlib-backend,TRUE
30.01.2024,gymlib-backend,TRUE
31.01.2024,gymlib-backend,TRUE
01.02.2024,gymlib-backend,TRUE
01.02.2024,gymlib-backend,TRUE
01.02.2024,gymlib-backend,TRUE
02.02.2024,gymlib-backend,TRUE
05.02.2024,gymlib-backend,TRUE
05.02.2024,gymlib-backend,TRUE
06.02.2024,gymlib-backend,TRUE
07.02.2024,gymlib-backend,TRUE
07.02.2024,gymlib-backend,TRUE
07.02.2024,gymlib-backend,TRUE
07.02.2024,gymlib-backend,TRUE
07.02.2024,gymlib-backend,TRUE
13.02.2024,gymlib-backend,TRUE
14.02.2024,gymlib-backend,TRUE
14.02.2024,gymlib-backend,TRUE
19.02.2024,gymlib-backend,TRUE
20.02.2024,gymlib-backend,TRUE
20.02.2024,gymlib-backend,TRUE
21.02.2024,gymlib-backend,TRUE
22.02.2024,gymlib-backend,TRUE
27.02.2024,gymlib-backend,TRUE
29.02.2024,gymlib-backend,TRUE
29.02.2024,gymlib-backend,TRUE
04.03.2024,gymlib-backend,TRUE
05.03.2024,gymlib-backend,TRUE
06.03.2024,gymlib-backend,TRUE
07.03.2024,gymlib-backend,TRUE
07.03.2024,gymlib-backend,TRUE
12.03.2024,gymlib-backend,TRUE
12.03.2024,gymlib-backend,TRUE
13.03.2024,gymlib-backend,TRUE
13.03.2024,gymlib-backend,TRUE
14.03.2024,gymlib-backend,TRUE
19.03.2024,gymlib-backend,TRUE
19.03.2024,gymlib-backend,TRUE
20.03.2024,gymlib-backend,TRUE
21.03.2024,gymlib-backend,TRUE
26.03.2024,gymlib-backend,TRUE
26.03.2024,gymlib-backend,TRUE
27.03.2024,gymlib-backend,TRUE
27.03.2024,gymlib-backend,TRUE
28.03.2024,gymlib-backend,TRUE
02.04.2024,gymlib-backend,TRUE
02.04.2024,gymlib-backend,TRUE
02.04.2024,gymlib-backend,TRUE
02.04.2024,gymlib-backend,TRUE
03.04.2024,gymlib-backend,TRUE
03.04.2024,gymlib-backend,TRUE
04.04.2024,gymlib-backend,TRUE
05.04.2024,gymlib-backend,TRUE
08.04.2024,gymlib-backend,TRUE
08.04.2024,gymlib-backend,TRUE
08.04.2024,gymlib-backend,TRUE
09.04.2024,gymlib-backend,TRUE
10.04.2024,gymlib-backend,TRUE
10.04.2024,gymlib-backend,TRUE
11.04.2024,gymlib-backend,TRUE
15.04.2024,gymlib-backend,TRUE
16.04.2024,gymlib-backend,TRUE
16.04.2024,gymlib-backend,TRUE
17.04.2024,gymlib-backend,TRUE
17.04.2024,gymlib-backend,TRUE
17.04.2024,gymlib-backend,TRUE
17.04.2024,gymlib-backend,TRUE
18.04.2024,gymlib-backend,TRUE
23.04.2024,gymlib-backend,TRUE
23.04.2024,gymlib-backend,TRUE
24.04.2024,gymlib-backend,TRUE
26.04.2024,gymlib-backend,TRUE
29.04.2024,gymlib-backend,TRUE
29.04.2024,gymlib-backend,TRUE
30.04.2024,gymlib-backend,TRUE
02.05.2024,gymlib-backend,TRUE
03.05.2024,gymlib-backend,TRUE
03.05.2024,gymlib-backend,TRUE
06.05.2024,gymlib-backend,TRUE
07.05.2024,gymlib-backend,TRUE
13.05.2024,gymlib-backend,TRUE
13.05.2024,gymlib-backend,TRUE
14.05.2024,gymlib-backend,TRUE
14.05.2024,gymlib-backend,TRUE
14.05.2024,gymlib-backend,TRUE
14.05.2024,gymlib-backend,TRUE
15.05.2024,gymlib-backend,TRUE
20.05.2024,gymlib-backend,TRUE
22.05.2024,gymlib-backend,TRUE
22.05.2024,gymlib-backend,TRUE
22.05.2024,gymlib-backend,TRUE
24.05.2024,gymlib-backend,TRUE
24.05.2024,gymlib-backend,TRUE
27.05.2024,gymlib-backend,TRUE
28.05.2024,gymlib-backend,TRUE
28.05.2024,gymlib-backend,TRUE
28.05.2024,gymlib-backend,TRUE
28.05.2024,gymlib-backend,TRUE
28.05.2024,gymlib-backend,TRUE
29.05.2024,gymlib-backend,TRUE
30.05.2024,gymlib-backend,TRUE
30.05.2024,gymlib-backend,TRUE
30.05.2024,gymlib-backend,FALSE
31.05.2024,gymlib-backend,TRUE
04.06.2024,gymlib-backend,TRUE
05.06.2024,gymlib-backend,TRUE
07.06.2024,gymlib-backend,TRUE
07.06.2024,gymlib-backend,TRUE
07.06.2024,gymlib-backend,TRUE
11.06.2024,gymlib-backend,TRUE
12.06.2024,gymlib-backend,TRUE
12.06.2024,gymlib-backend,TRUE
14.06.2024,gymlib-backend,TRUE
17.06.2024,gymlib-backend,TRUE
19.06.2024,gymlib-backend,TRUE
20.06.2024,gymlib-backend,TRUE
21.06.2024,gymlib-backend,TRUE
02.07.2024,gymlib-backend,TRUE
03.07.2024,gymlib-backend,TRUE
03.07.2024,gymlib-backend,TRUE
04.07.2024,gymlib-backend,TRUE
04.07.2024,gymlib-backend,TRUE
05.07.2024,gymlib-backend,TRUE
05.07.2024,gymlib-backend,TRUE
08.07.2024,gymlib-backend,TRUE
09.07.2024,gymlib-backend,TRUE
10.07.2024,gymlib-backend,TRUE
10.07.2024,gymlib-backend,TRUE
11.07.2024,gymlib-backend,TRUE
11.07.2024,gymlib-backend,TRUE
15.07.2024,gymlib-backend,TRUE
16.07.2024,gymlib-backend,TRUE
16.07.2024,gymlib-backend,TRUE
17.07.2024,gymlib-backend,TRUE
18.07.2024,gymlib-backend,TRUE
24.07.2024,gymlib-backend,TRUE
24.07.2024,gymlib-backend,TRUE
25.07.2024,gymlib-backend,TRUE
26.07.2024,gymlib-backend,TRUE
30.07.2024,gymlib-backend,TRUE
01.08.2024,gymlib-backend,TRUE
02.08.2024,gymlib-backend,TRUE
02.08.2024,gymlib-backend,TRUE
07.08.2024,gymlib-backend,TRUE
08.08.2024,gymlib-backend,TRUE
08.08.2024,gymlib-backend,TRUE
09.08.2024,gymlib-backend,TRUE
09.08.2024,gymlib-backend,TRUE
12.08.2024,gymlib-backend,TRUE
14.08.2024,gymlib-backend,TRUE
14.08.2024,gymlib-backend,FALSE
14.08.2024,gymlib-backend,TRUE
14.08.2024,gymlib-backend,TRUE
19.08.2024,gymlib-backend,TRUE
21.08.2024,gymlib-backend,TRUE
23.08.2024,gymlib-backend,TRUE
26.08.2024,gymlib-backend,TRUE
30.08.2024,gymlib-backend,TRUE
30.08.2024,gymlib-backend,TRUE
02.09.2024,gymlib-backend,TRUE
04.09.2024,gymlib-backend,TRUE
04.09.2024,gymlib-backend,TRUE
06.09.2024,gymlib-backend,TRUE
06.09.2024,gymlib-backend,TRUE
11.09.2024,gymlib-backend,TRUE
11.09.2024,gymlib-backend,TRUE
13.09.2024,gymlib-backend,TRUE
17.09.2024,gymlib-backend,TRUE
17.09.2024,gymlib-backend,TRUE
24.09.2024,gymlib-backend,TRUE
25.09.2024,gymlib-backend,TRUE
26.09.2024,gymlib-backend,TRUE
27.09.2024,gymlib-backend,TRUE
01.10.2024,gymlib-backend,TRUE
03.10.2024,gymlib-backend,TRUE
03.10.2024,gymlib-backend,TRUE
03.10.2024,gymlib-backend,TRUE
04.10.2024,gymlib-backend,TRUE
04.10.2024,gymlib-backend,TRUE
07.10.2024,gymlib-backend,TRUE
08.10.2024,gymlib-backend,TRUE
08.10.2024,gymlib-backend,TRUE
08.10.2024,gymlib-backend,TRUE
09.10.2024,gymlib-backend,TRUE
10.10.2024,gymlib-backend,TRUE
11.10.2024,gymlib-backend,TRUE
21.10.2024,gymlib-backend,TRUE
21.10.2024,gymlib-backend,TRUE
22.10.2024,gymlib-backend,TRUE
22.10.2024,gymlib-backend,TRUE
23.10.2024,gymlib-backend,TRUE
24.10.2024,gymlib-backend,TRUE
25.10.2024,gymlib-backend,TRUE
28.10.2024,gymlib-backend,TRUE
29.10.2024,gymlib-backend,TRUE
06.11.2024,gymlib-backend,TRUE
06.11.2024,gymlib-backend,TRUE
07.11.2024,gymlib-backend,TRUE
11.11.2024,gymlib-backend,TRUE
11.11.2024,gymlib-backend,FALSE
12.11.2024,gymlib-backend,TRUE
12.11.2024,gymlib-backend,TRUE
13.11.2024,gymlib-backend,TRUE
18.11.2024,gymlib-backend,TRUE
20.11.2024,gymlib-backend,TRUE
22.11.2024,gymlib-backend,TRUE
22.11.2024,gymlib-backend,FALSE
22.11.2024,gymlib-backend,TRUE
26.11.2024,gymlib-backend,TRUE
28.11.2024,gymlib-backend,TRUE
29.11.2024,gymlib-backend,TRUE
29.11.2024,gymlib-backend,TRUE
02.12.2024,gymlib-backend,TRUE
02.12.2024,gymlib-backend,FALSE
02.12.2024,gymlib-backend,TRUE
02.12.2024,gymlib-backend,TRUE
02.12.2024,gymlib-backend,TRUE
02.12.2024,gymlib-backend,TRUE
03.12.2024,gymlib-backend,TRUE
03.12.2024,gymlib-backend,TRUE
03.12.2024,gymlib-backend,TRUE
03.12.2024,gymlib-backend,TRUE
04.12.2024,gymlib-backend,TRUE
09.12.2024,gymlib-backend,TRUE
11.12.2024,gymlib-backend,TRUE
16.12.2024,gymlib-backend,TRUE
17.12.2024,gymlib-backend,TRUE
17.12.2024,gymlib-backend,TRUE
17.12.2024,gymlib-backend,FALSE
19.12.2024,gymlib-backend,TRUE
23.12.2024,gymlib-backend,TRUE
10.01.2025,gymlib-backend,TRUE
10.01.2025,gymlib-backend,TRUE
13.01.2025,gymlib-backend,TRUE
20.01.2025,gymlib-backend,TRUE
20.01.2025,gymlib-backend,TRUE
20.01.2025,gymlib-backend,TRUE
27.01.2025,gymlib-backend,TRUE
29.01.2025,gymlib-backend,TRUE
30.01.2025,gymlib-backend,TRUE
31.01.2025,gymlib-backend,TRUE
31.01.2025,gymlib-backend,TRUE
31.01.2025,gymlib-backend,TRUE
03.02.2025,gymlib-backend,TRUE
05.02.2025,gymlib-backend,TRUE
05.02.2025,gymlib-backend,TRUE
11.02.2025,gymlib-backend,TRUE
13.02.2025,gymlib-backend,TRUE
17.02.2025,gymlib-backend,TRUE
18.02.2025,gymlib-backend,TRUE
20.02.2025,gymlib-backend,TRUE
24.02.2025,gymlib-backend,TRUE
24.02.2025,gymlib-backend,TRUE
03.03.2025,gymlib-backend,TRUE
05.03.2025,gymlib-backend,TRUE
06.03.2025,gymlib-backend,TRUE
07.03.2025,gymlib-backend,TRUE
10.03.2025,gymlib-backend,TRUE
10.03.2025,gymlib-backend,TRUE
11.03.2025,gymlib-backend,TRUE
12.03.2025,gymlib-backend,TRUE
14.03.2025,gymlib-backend,TRUE
17.03.2025,gymlib-backend,TRUE
19.03.2025,gymlib-backend,TRUE
21.03.2025,gymlib-backend,TRUE
25.03.2025,gymlib-backend,TRUE
02.04.2025,gymlib-backend,TRUE
03.04.2025,gymlib-backend,TRUE
04.04.2025,gymlib-backend,TRUE
04.04.2025,gymlib-backend,TRUE
07.04.2025,gymlib-backend,TRUE
07.04.2025,gymlib-backend,FALSE
07.04.2025,gymlib-backend,TRUE
07.04.2025,gymlib-backend,TRUE
08.04.2025,gymlib-backend,TRUE
08.04.2025,gymlib-backend,TRUE
08.04.2025,gymlib-backend,TRUE
09.04.2025,gymlib-backend,TRUE
11.04.2025,gymlib-backend,TRUE
11.04.2025,gymlib-backend,TRUE
14.04.2025,gymlib-backend,TRUE
17.04.2025,gymlib-backend,TRUE
22.04.2025,gymlib-backend,TRUE
24.04.2025,gymlib-backend,TRUE
25.04.2025,gymlib-backend,TRUE
29.04.2025,gymlib-backend,TRUE
29.04.2025,gymlib-backend,TRUE
29.04.2025,gymlib-backend,TRUE
30.04.2025,gymlib-backend,TRUE
30.04.2025,gymlib-backend,TRUE
02.05.2025,gymlib-backend,TRUE
05.05.2025,gymlib-backend,TRUE
05.05.2025,gymlib-backend,TRUE
06.05.2025,gymlib-backend,TRUE
06.05.2025,gymlib-backend,TRUE
07.05.2025,gymlib-backend,TRUE
07.05.2025,gymlib-backend,TRUE
07.05.2025,gymlib-backend,TRUE
08.05.2025,gymlib-backend,TRUE
16.05.2025,gymlib-backend,TRUE
16.05.2025,gymlib-backend,TRUE
19.05.2025,gymlib-backend,TRUE
19.05.2025,gymlib-backend,TRUE
21.05.2025,gymlib-backend,TRUE
26.05.2025,gymlib-backend,TRUE
02.06.2025,gymlib-backend,TRUE
02.06.2025,gymlib-backend,TRUE
02.06.2025,gymlib-backend,TRUE
04.06.2025,gymlib-backend,TRUE
05.06.2025,gymlib-backend,TRUE
10.06.2025,gymlib-backend,TRUE
16.06.2025,gymlib-backend,TRUE
18.06.2025,gymlib-backend,TRUE
19.06.2025,gymlib-backend,TRUE
23.06.2025,gymlib-backend,TRUE
24.06.2025,gymlib-backend,TRUE
24.06.2025,gymlib-backend,TRUE
30.06.2025,gymlib-backend,TRUE
01.07.2025,gymlib-backend,TRUE
07.07.2025,gymlib-backend,TRUE
08.07.2025,gymlib-backend,TRUE
09.07.2025,gymlib-backend,TRUE
11.07.2025,gymlib-backend,TRUE
15.07.2025,gymlib-backend,TRUE
17.07.2025,gymlib-backend,TRUE
23.07.2025,gymlib-backend,TRUE
01.08.2025,gymlib-backend,TRUE
04.08.2025,gymlib-backend,TRUE
05.08.2025,gymlib-backend,TRUE
05.08.2025,gymlib-backend,TRUE
06.08.2025,gymlib-backend,TRUE
07.08.2025,gymlib-backend,TRUE
26.08.2025,gymlib-backend,TRUE
26.08.2025,gymlib-backend,TRUE
27.08.2025,gymlib-backend,TRUE
01.09.2025,gymlib-backend,TRUE
03.09.2025,gymlib-backend,TRUE
05.09.2025,gymlib-backend,TRUE
05.09.2025,gymlib-backend,TRUE
09.09.2025,gymlib-backend,TRUE
09.09.2025,gymlib-backend,TRUE
10.09.2025,gymlib-backend,TRUE
11.09.2025,gymlib-backend,TRUE
11.09.2025,gymlib-backend,TRUE
12.09.2025,gymlib-backend,TRUE
15.09.2025,gymlib-backend,TRUE
16.09.2025,gymlib-backend,TRUE
16.09.2025,gymlib-backend,TRUE
18.09.2025,gymlib-backend,TRUE
18.09.2025,gymlib-backend,TRUE
24.09.2025,gymlib-backend,TRUE
24.09.2025,gymlib-backend,TRUE
25.09.2025,gymlib-backend,TRUE
25.09.2025,gymlib-backend,TRUE
26.09.2025,gymlib-backend,FALSE
29.09.2025,gymlib-backend,TRUE
01.10.2025,gymlib-backend,TRUE
07.10.2025,gymlib-backend,TRUE
07.10.2025,gymlib-backend,TRUE
07.10.2025,gymlib-backend,TRUE
09.10.2025,gymlib-backend,TRUE
10.10.2025,gymlib-backend,TRUE
14.10.2025,gymlib-backend,TRUE
16.10.2025,gymlib-backend,TRUE
21.10.2025,gymlib-backend,TRUE
22.10.2025,gymlib-backend,TRUE
23.10.2025,gymlib-backend,FALSE
24.10.2025,gymlib-backend,TRUE
27.10.2025,gymlib-backend,TRUE
28.10.2025,gymlib-backend,TRUE
30.10.2025,gymlib-backend,TRUE
30.10.2025,gymlib-backend,TRUE
04.11.2025,gymlib-backend,TRUE
04.11.2025,gymlib-backend,TRUE
05.11.2025,gymlib-backend,TRUE
06.11.2025,gymlib-backend,TRUE
07.11.2025,gymlib-backend,TRUE
07.11.2025,gymlib-backend,TRUE
10.11.2025,gymlib-backend,FALSE
10.11.2025,gymlib-backend,TRUE
11.11.2025,gymlib-backend,TRUE
13.11.2025,gymlib-backend,TRUE
17.11.2025,gymlib-backend,TRUE
24.11.2025,gymlib-backend,TRUE
25.11.2025,gymlib-backend,TRUE
25.11.2025,gymlib-backend,TRUE
02.12.2025,gymlib-backend,TRUE
03.12.2025,gymlib-backend,TRUE
04.12.2025,gymlib-backend,TRUE
08.12.2025,gymlib-backend,TRUE
10.12.2025,gymlib-backend,TRUE
16.12.2025,gymlib-backend,TRUE
16.12.2025,gymlib-backend,TRUE
18.12.2025,gymlib-backend,TRUE
19.12.2025,gymlib-backend,TRUE
19.12.2025,gymlib-backend,TRUE
19.12.2025,gymlib-backend,TRUE
22.12.2025,gymlib-backend,TRUE
29.12.2025,gymlib-backend,TRUE
30.12.2025,gymlib-backend,TRUE
09.01.2026,gymlib-backend,TRUE
12.01.2026,gymlib-backend,TRUE
12.01.2026,gymlib-backend,TRUE
19.01.2026,gymlib-backend,TRUE
19.01.2026,gymlib-backend,TRUE
20.01.2026,gymlib-backend,TRUE
22.01.2026,gymlib-backend,TRUE
26.01.2026,gymlib-backend,TRUE
29.01.2026,gymlib-backend,TRUE
30.01.2026,gymlib-backend,TRUE
02.02.2026,gymlib-backend,TRUE
02.02.2026,gymlib-backend,TRUE
02.02.2026,gymlib-backend,TRUE
02.02.2026,gymlib-backend,TRUE
03.02.2026,gymlib-backend,TRUE
04.02.2026,gymlib-backend,TRUE
05.02.2026,gymlib-backend,TRUE
05.02.2026,gymlib-backend,FALSE
05.02.2026,gymlib-backend,TRUE
05.02.2026,gymlib-backend,TRUE
06.02.2026,gymlib-backend,TRUE
11.02.2026,gymlib-backend,TRUE
11.02.2026,gymlib-backend,TRUE
12.02.2026,gymlib-backend,TRUE
13.02.2026,gymlib-backend,TRUE
13.02.2026,gymlib-backend,TRUE
16.02.2026,gymlib-backend,TRUE
18.02.2026,gymlib-backend,TRUE
23.02.2026,gymlib-backend,TRUE
25.02.2026,gymlib-backend,TRUE
26.02.2026,gymlib-backend,TRUE
02.03.2026,gymlib-backend,TRUE
03.03.2026,gymlib-backend,TRUE
04.03.2026,gymlib-backend,TRUE
05.03.2026,gymlib-backend,TRUE
05.03.2026,gymlib-backend,TRUE
11.03.2026,gymlib-backend,TRUE
13.03.2026,gymlib-backend,TRUE
13.03.2026,gymlib-backend,TRUE
17.03.2026,gymlib-backend,TRUE
17.03.2026,gymlib-backend,TRUE
17.03.2026,gymlib-backend,TRUE
17.03.2026,gymlib-backend,TRUE
19.03.2026,gymlib-backend,TRUE
25.03.2026,gymlib-backend,TRUE
25.03.2026,gymlib-backend,TRUE
27.03.2026,gymlib-backend,TRUE
09.04.2026,gymlib-backend,TRUE
10.04.2026,gymlib-backend,TRUE
14.04.2026,gymlib-backend,TRUE
17.04.2026,gymlib-backend,TRUE
17.04.2026,gymlib-backend,TRUE
21.04.2026,gymlib-backend,TRUE
21.04.2026,gymlib-backend,TRUE
24.04.2026,gymlib-backend,TRUE
28.04.2026,gymlib-backend,TRUE
28.04.2026,gymlib-backend,TRUE
29.04.2026,gymlib-backend,TRUE
04.05.2026,gymlib-backend,TRUE
06.05.2026,gymlib-backend,TRUE
11.05.2026,gymlib-backend,TRUE
12.05.2026,gymlib-backend,TRUE
12.05.2026,gymlib-backend,TRUE
18.05.2026,gymlib-backend,TRUE
19.05.2026,gymlib-backend,TRUE
19.05.2026,gymlib-backend,TRUE
19.05.2026,gymlib-backend,FALSE
19.05.2026,gymlib-backend,TRUE
20.05.2026,gymlib-backend,TRUE
21.05.2026,gymlib-backend,TRUE
21.05.2026,gymlib-backend,TRUE
21.05.2026,gymlib-backend,TRUE
21.05.2026,gymlib-backend,TRUE
21.05.2026,gymlib-backend,TRUE
22.05.2026,gymlib-backend,TRUE
26.05.2026,gymlib-backend,TRUE
26.05.2026,gymlib-backend,TRUE
26.05.2026,gymlib-backend,TRUE
26.05.2026,gymlib-backend,TRUE
27.05.2026,gymlib-backend,TRUE
27.05.2026,gymlib-backend,TRUE
27.05.2026,gymlib-backend,TRUE
28.05.2026,gymlib-backend,TRUE
28.05.2026,gymlib-backend,TRUE
29.05.2026,gymlib-backend,TRUE
29.05.2026,gymlib-backend,TRUE
01.06.2026,gymlib-backend,TRUE
02.06.2026,gymlib-backend,TRUE
02.06.2026,gymlib-backend,TRUE
03.06.2026,gymlib-backend,TRUE
04.06.2026,gymlib-backend,TRUE
04.06.2026,gymlib-backend,TRUE
04.06.2026,gymlib-backend,TRUE
05.06.2026,gymlib-backend,TRUE
05.06.2026,gymlib-backend,TRUE
05.06.2026,gymlib-backend,TRUE
05.06.2026,gymlib-backend,TRUE
08.06.2026,gymlib-backend,TRUE
08.06.2026,gymlib-backend,TRUE
09.06.2026,gymlib-backend,TRUE
10.06.2026,gymlib-backend,TRUE
10.06.2026,gymlib-backend,TRUE
10.06.2026,gymlib-backend,TRUE
10.06.2026,gymlib-backend,TRUE
10.06.2026,gymlib-backend,TRUE
11.06.2026,gymlib-backend,TRUE
11.06.2026,gymlib-backend,TRUE
12.06.2026,gymlib-backend,FALSE
15.06.2026,gymlib-backend,TRUE
15.06.2026,gymlib-backend,TRUE
15.06.2026,gymlib-backend,TRUE
16.06.2026,gymlib-backend,TRUE
16.06.2026,gymlib-backend,TRUE
16.06.2026,gymlib-backend,TRUE
16.06.2026,gymlib-backend,TRUE
16.06.2026,gymlib-backend,TRUE
17.06.2026,gymlib-backend,TRUE
18.06.2026,gymlib-backend,TRUE
18.06.2026,gymlib-backend,TRUE
18.06.2026,gymlib-backend,TRUE
18.06.2026,gymlib-backend,TRUE
19.06.2026,gymlib-backend,TRUE
23.06.2026,gymlib-backend,TRUE
23.06.2026,gymlib-backend,TRUE
23.06.2026,gymlib-backend,TRUE
23.06.2026,gymlib-backend,TRUE
23.06.2026,gymlib-backend,TRUE
24.06.2026,gymlib-backend,TRUE
25.06.2026,gymlib-backend,TRUE
26.06.2026,gymlib-backend,TRUE
26.06.2026,gymlib-backend,TRUE
26.06.2026,gymlib-backend,TRUE
29.06.2026,gymlib-backend,TRUE
29.06.2026,gymlib-backend,TRUE
29.06.2026,gymlib-backend,TRUE
29.06.2026,gymlib-backend,TRUE
29.06.2026,gymlib-backend,TRUE
30.06.2026,gymlib-backend,TRUE
01.07.2026,gymlib-backend,TRUE
02.07.2026,gymlib-backend,TRUE
02.07.2026,gymlib-backend,TRUE
06.07.2026,gymlib-backend,TRUE
06.07.2026,gymlib-backend,TRUE
07.07.2026,gymlib-backend,TRUE
07.07.2026,gymlib-backend,TRUE
07.07.2026,gymlib-backend,TRUE
07.07.2026,gymlib-backend,TRUE
08.07.2026,gymlib-backend,TRUE
09.07.2026,gymlib-backend,TRUE
09.07.2026,gymlib-backend,TRUE
10.07.2026,gymlib-backend,TRUE
10.07.2026,gymlib-backend,TRUE
13.07.2026,gymlib-backend,TRUE
16.07.2026,gymlib-backend,TRUE
20.07.2026,gymlib-backend,TRUE
20.07.2026,gymlib-backend,TRUE
22.07.2026,gymlib-backend,TRUE
24.07.2026,gymlib-backend,TRUE
24.07.2026,gymlib-backend,TRUE
27.07.2026,gymlib-backend,TRUE
28.07.2026,gymlib-backend,TRUE
31.07.2026,gymlib-backend,TRUE
31.07.2026,gymlib-backend,TRUE
05.08.2026,gymlib-backend,TRUE
07.08.2026,gymlib-backend,TRUE
13.08.2026,gymlib-backend,TRUE
27.08.2026,gymlib-backend,TRUE
05.02.2024,gymlib-hr-dashboard,TRUE
27.02.2024,gymlib-hr-dashboard,TRUE
10.04.2024,gymlib-hr-dashboard,TRUE
11.04.2024,gymlib-hr-dashboard,TRUE
28.06.2024,gymlib-hr-dashboard,TRUE
09.07.2024,gymlib-hr-dashboard,TRUE
30.07.2024,gymlib-hr-dashboard,TRUE
14.11.2024,gymlib-hr-dashboard,TRUE
10.12.2024,gymlib-hr-dashboard,TRUE
13.01.2025,gymlib-hr-dashboard,TRUE
13.01.2025,gymlib-hr-dashboard,TRUE
03.03.2025,gymlib-hr-dashboard,TRUE
14.03.2025,gymlib-hr-dashboard,TRUE
08.04.2025,gymlib-hr-dashboard,TRUE
08.04.2025,gymlib-hr-dashboard,TRUE
17.04.2025,gymlib-hr-dashboard,TRUE
06.05.2025,gymlib-hr-dashboard,TRUE
30.01.2024,gymlib-partners-dashboard,TRUE
03.07.2024,gymlib-partners-dashboard,TRUE
03.07.2024,gymlib-partners-dashboard,TRUE
23.08.2024,gymlib-partners-dashboard,TRUE
23.08.2024,gymlib-partners-dashboard,TRUE
13.09.2024,gymlib-partners-dashboard,TRUE
16.09.2024,gymlib-partners-dashboard,TRUE
16.09.2024,gymlib-partners-dashboard,TRUE
17.09.2024,gymlib-partners-dashboard,TRUE
24.09.2024,gymlib-partners-dashboard,TRUE
26.09.2024,gymlib-partners-dashboard,TRUE
26.09.2024,gymlib-partners-dashboard,TRUE
11.10.2024,gymlib-partners-dashboard,TRUE
08.11.2024,gymlib-partners-dashboard,TRUE
28.11.2024,gymlib-partners-dashboard,TRUE
13.12.2024,gymlib-partners-dashboard,TRUE
30.01.2025,gymlib-partners-dashboard,TRUE
04.02.2025,gymlib-partners-dashboard,TRUE
12.02.2025,gymlib-partners-dashboard,TRUE
19.02.2025,gymlib-partners-dashboard,TRUE
17.03.2025,gymlib-partners-dashboard,TRUE
28.03.2025,gymlib-partners-dashboard,TRUE
18.04.2025,gymlib-partners-dashboard,TRUE
18.04.2025,gymlib-partners-dashboard,TRUE
09.05.2025,gymlib-partners-dashboard,TRUE
13.05.2025,gymlib-partners-dashboard,TRUE
28.07.2025,gymlib-partners-dashboard,TRUE
04.08.2025,gymlib-partners-dashboard,TRUE
08.10.2025,gymlib-partners-dashboard,TRUE
24.11.2025,gymlib-partners-dashboard,TRUE
28.01.2026,gymlib-partners-dashboard,TRUE
25.02.2026,gymlib-partners-dashboard,TRUE
10.03.2026,gymlib-partners-dashboard,TRUE
16.03.2026,gymlib-partners-dashboard,TRUE
31.03.2026,gymlib-partners-dashboard,TRUE
10.04.2026,gymlib-partners-dashboard,TRUE
13.04.2026,gymlib-partners-dashboard,TRUE
14.04.2026,gymlib-partners-dashboard,TRUE
14.04.2026,gymlib-partners-dashboard,TRUE
14.04.2026,gymlib-partners-dashboard,TRUE
16.04.2026,gymlib-partners-dashboard,TRUE
21.04.2026,gymlib-partners-dashboard,TRUE
08.01.2024,hris-connector,TRUE
11.01.2024,hris-connector,TRUE
16.01.2024,hris-connector,TRUE
23.01.2024,hris-connector,TRUE
24.01.2024,hris-connector,TRUE
25.01.2024,hris-connector,TRUE
31.01.2024,hris-connector,TRUE
02.02.2024,hris-connector,TRUE
05.02.2024,hris-connector,TRUE
09.02.2024,hris-connector,TRUE
29.02.2024,hris-connector,TRUE
01.03.2024,hris-connector,TRUE
05.03.2024,hris-connector,TRUE
05.03.2024,hris-connector,TRUE
11.03.2024,hris-connector,TRUE
11.03.2024,hris-connector,TRUE
18.03.2024,hris-connector,TRUE
25.03.2024,hris-connector,TRUE
29.04.2024,hris-connector,TRUE
19.06.2024,hris-connector,TRUE
22.07.2024,hris-connector,TRUE
25.07.2024,hris-connector,TRUE
30.07.2024,hris-connector,TRUE
08.08.2024,hris-connector,TRUE
16.09.2024,hris-connector,TRUE
17.09.2024,hris-connector,TRUE
18.09.2024,hris-connector,TRUE
26.09.2024,hris-connector,TRUE
07.10.2024,hris-connector,TRUE
08.10.2024,hris-connector,TRUE
09.10.2024,hris-connector,TRUE
15.10.2024,hris-connector,TRUE
23.10.2024,hris-connector,TRUE
28.10.2024,hris-connector,TRUE
05.11.2024,hris-connector,TRUE
13.11.2024,hris-connector,TRUE
15.11.2024,hris-connector,TRUE
19.11.2024,hris-connector,TRUE
21.11.2024,hris-connector,TRUE
29.11.2024,hris-connector,TRUE
04.12.2024,hris-connector,TRUE
13.12.2024,hris-connector,TRUE
16.12.2024,hris-connector,TRUE
20.12.2024,hris-connector,TRUE
02.01.2025,hris-connector,TRUE
06.01.2025,hris-connector,TRUE
09.01.2025,hris-connector,TRUE
27.01.2025,hris-connector,TRUE
28.01.2025,hris-connector,TRUE
05.02.2025,hris-connector,TRUE
05.02.2025,hris-connector,TRUE
10.02.2025,hris-connector,TRUE
12.02.2025,hris-connector,TRUE
17.02.2025,hris-connector,TRUE
24.02.2025,hris-connector,TRUE
25.02.2025,hris-connector,TRUE
06.03.2025,hris-connector,TRUE
11.03.2025,hris-connector,TRUE
11.03.2025,hris-connector,TRUE
17.03.2025,hris-connector,TRUE
18.03.2025,hris-connector,TRUE
19.03.2025,hris-connector,TRUE
20.03.2025,hris-connector,TRUE
20.03.2025,hris-connector,TRUE
27.03.2025,hris-connector,TRUE
27.03.2025,hris-connector,TRUE
28.03.2025,hris-connector,TRUE
07.04.2025,hris-connector,TRUE
09.04.2025,hris-connector,TRUE
14.04.2025,hris-connector,TRUE
14.04.2025,hris-connector,TRUE
23.04.2025,hris-connector,TRUE
28.04.2025,hris-connector,TRUE
05.05.2025,hris-connector,TRUE
08.05.2025,hris-connector,TRUE
12.05.2025,hris-connector,TRUE
13.05.2025,hris-connector,TRUE
16.05.2025,hris-connector,TRUE
19.05.2025,hris-connector,TRUE
22.05.2025,hris-connector,TRUE
26.05.2025,hris-connector,TRUE
27.05.2025,hris-connector,TRUE
30.05.2025,hris-connector,TRUE
02.06.2025,hris-connector,TRUE
04.06.2025,hris-connector,TRUE
18.06.2025,hris-connector,TRUE
25.06.2025,hris-connector,TRUE
26.06.2025,hris-connector,TRUE
27.06.2025,hris-connector,TRUE
10.07.2025,hris-connector,TRUE
10.07.2025,hris-connector,TRUE
22.07.2025,hris-connector,TRUE
23.07.2025,hris-connector,TRUE
23.07.2025,hris-connector,TRUE
25.07.2025,hris-connector,TRUE
04.08.2025,hris-connector,TRUE
05.08.2025,hris-connector,TRUE
05.08.2025,hris-connector,TRUE
12.08.2025,hris-connector,TRUE
18.08.2025,hris-connector,TRUE
02.09.2025,hris-connector,TRUE
08.09.2025,hris-connector,TRUE
08.09.2025,hris-connector,TRUE
09.09.2025,hris-connector,TRUE
16.09.2025,hris-connector,TRUE
18.09.2025,hris-connector,TRUE
25.09.2025,hris-connector,TRUE
06.10.2025,hris-connector,TRUE
15.10.2025,hris-connector,TRUE
16.10.2025,hris-connector,TRUE
28.10.2025,hris-connector,TRUE
07.11.2025,hris-connector,TRUE
13.11.2025,hris-connector,TRUE
11.12.2025,hris-connector,TRUE
17.12.2025,hris-connector,TRUE
06.01.2026,hris-connector,TRUE
20.01.2026,hris-connector,TRUE
22.01.2026,hris-connector,TRUE
26.01.2026,hris-connector,TRUE
03.02.2026,hris-connector,TRUE
03.02.2026,hris-connector,TRUE
06.02.2026,hris-connector,TRUE
09.02.2026,hris-connector,TRUE
10.02.2026,hris-connector,TRUE
12.02.2026,hris-connector,TRUE
13.02.2026,hris-connector,TRUE
18.02.2026,hris-connector,TRUE
18.02.2026,hris-connector,TRUE
06.03.2026,hris-connector,TRUE
31.03.2026,hris-connector,TRUE
31.03.2026,hris-connector,TRUE
08.04.2026,hris-connector,TRUE
14.04.2026,hris-connector,TRUE
24.04.2026,hris-connector,TRUE
07.05.2026,hris-connector,TRUE
07.05.2026,hris-connector,TRUE
07.05.2026,hris-connector,TRUE
20.05.2026,hris-connector,TRUE
20.05.2026,hris-connector,TRUE
22.05.2026,hris-connector,TRUE
01.06.2026,hris-connector,TRUE
01.06.2026,hris-connector,TRUE
23.06.2026,hris-connector,TRUE
30.06.2026,hris-connector,TRUE
30.06.2026,hris-connector,TRUE
02.07.2026,hris-connector,TRUE
07.07.2026,hris-connector,TRUE
08.07.2026,hris-connector,FALSE
08.07.2026,hris-connector,TRUE
09.07.2026,hris-connector,TRUE
09.07.2026,hris-connector,TRUE
27.07.2026,hris-connector,TRUE
27.07.2026,hris-connector,TRUE
27.07.2026,hris-connector,TRUE
04.08.2026,hris-connector,TRUE
10.08.2026,hris-connector,TRUE
18.08.2026,hris-connector,TRUE
25.08.2026,hris-connector,TRUE
28.08.2026,hris-connector,TRUE
28.08.2026,hris-connector,TRUE
19.08.2024,inbody-adapter-adm-int,TRUE
22.08.2024,inbody-adapter-adm-int,TRUE
22.08.2024,inbody-adapter-adm-int,TRUE
31.03.2025,inbody-adapter-adm-int,TRUE
06.06.2025,inbody-adapter-adm-int,TRUE
20.11.2025,inbody-adapter-adm-int,TRUE
20.11.2025,inbody-adapter-adm-int,TRUE
27.11.2025,inbody-adapter-adm-int,TRUE
02.01.2026,inbody-adapter-adm-int,TRUE
19.01.2026,inbody-adapter-adm-int,TRUE
09.02.2026,inbody-adapter-adm-int,TRUE
09.02.2026,inbody-adapter-adm-int,TRUE
10.02.2026,inbody-adapter-adm-int,TRUE
13.02.2026,inbody-adapter-adm-int,TRUE
17.02.2026,inbody-adapter-adm-int,TRUE
19.02.2026,inbody-adapter-adm-int,TRUE
12.03.2026,inbody-adapter-adm-int,TRUE
29.06.2026,inbody-adapter-adm-int,TRUE
03.08.2026,inbody-adapter-adm-int,TRUE
04.08.2026,inbody-adapter-adm-int,TRUE
05.08.2026,inbody-adapter-adm-int,TRUE
28.08.2026,inbody-adapter-adm-int,TRUE
29.01.2024,inbody-adapter,TRUE
13.05.2024,inbody-adapter,TRUE
13.05.2024,inbody-adapter,TRUE
13.05.2024,inbody-adapter,TRUE
13.05.2024,inbody-adapter,TRUE
10.07.2024,inbody-adapter,TRUE
23.07.2024,inbody-adapter,TRUE
14.08.2024,inbody-adapter,TRUE
14.08.2024,inbody-adapter,TRUE
19.08.2024,inbody-adapter,TRUE
29.08.2024,inbody-adapter,TRUE
20.09.2024,inbody-adapter,TRUE
24.10.2024,inbody-adapter,TRUE
07.01.2025,inbody-adapter,TRUE
18.03.2025,inbody-adapter,TRUE
27.03.2025,inbody-adapter,TRUE
02.04.2025,inbody-adapter,TRUE
14.05.2025,inbody-adapter,TRUE
10.06.2025,inbody-adapter,TRUE
10.06.2025,inbody-adapter,TRUE
12.06.2025,inbody-adapter,TRUE
01.07.2025,inbody-adapter,TRUE
27.08.2025,inbody-adapter,TRUE
31.12.2025,inbody-adapter,TRUE
02.01.2026,inbody-adapter,TRUE
17.02.2026,inbody-adapter,TRUE
09.03.2026,inbody-adapter,TRUE
10.03.2026,inbody-adapter,TRUE
10.03.2026,inbody-adapter,TRUE
30.03.2026,inbody-adapter,TRUE
31.03.2026,inbody-adapter,TRUE
31.03.2026,inbody-adapter,TRUE
04.05.2026,inbody-adapter,TRUE
11.06.2026,inbody-adapter,TRUE
12.06.2026,inbody-adapter,TRUE
29.06.2026,inbody-adapter,TRUE
10.07.2026,inbody-adapter,TRUE
28.07.2026,inbody-adapter,TRUE
05.08.2026,inbody-adapter,TRUE
05.08.2026,inbody-adapter,TRUE
08.04.2024,ingress-nginx,TRUE
08.04.2024,ingress-nginx,TRUE
08.04.2024,ingress-nginx,TRUE
15.04.2024,ingress-nginx,TRUE
15.04.2024,ingress-nginx,TRUE
15.04.2024,ingress-nginx,TRUE
15.04.2024,ingress-nginx,TRUE
15.04.2024,ingress-nginx,TRUE
15.04.2024,ingress-nginx,TRUE
15.04.2024,ingress-nginx,TRUE
15.04.2024,ingress-nginx,TRUE
15.04.2024,ingress-nginx,TRUE
04.07.2024,ingress-nginx,TRUE
04.07.2024,ingress-nginx,TRUE
04.07.2024,ingress-nginx,TRUE
04.07.2024,ingress-nginx,TRUE
04.07.2024,ingress-nginx,TRUE
04.07.2024,ingress-nginx,TRUE
04.07.2024,ingress-nginx,TRUE
07.08.2024,ingress-nginx,TRUE
07.08.2024,ingress-nginx,TRUE
07.08.2024,ingress-nginx,TRUE
07.08.2024,ingress-nginx,TRUE
07.08.2024,ingress-nginx,TRUE
07.08.2024,ingress-nginx,TRUE
07.08.2024,ingress-nginx,TRUE
26.09.2024,ingress-nginx,FALSE
26.09.2024,ingress-nginx,TRUE
05.12.2024,ingress-nginx,TRUE
05.12.2024,ingress-nginx,TRUE
05.12.2024,ingress-nginx,TRUE
11.02.2025,ingress-nginx,TRUE
11.02.2025,ingress-nginx,TRUE
11.02.2025,ingress-nginx,TRUE
11.02.2025,ingress-nginx,TRUE
11.02.2025,ingress-nginx,TRUE
11.02.2025,ingress-nginx,TRUE
11.02.2025,ingress-nginx,TRUE
12.02.2025,ingress-nginx,TRUE
12.02.2025,ingress-nginx,TRUE
12.02.2025,ingress-nginx,TRUE
12.02.2025,ingress-nginx,TRUE
12.02.2025,ingress-nginx,TRUE
12.02.2025,ingress-nginx,TRUE
12.02.2025,ingress-nginx,TRUE
27.02.2025,ingress-nginx,TRUE
27.02.2025,ingress-nginx,TRUE
27.02.2025,ingress-nginx,TRUE
27.02.2025,ingress-nginx,TRUE
27.02.2025,ingress-nginx,TRUE
27.02.2025,ingress-nginx,TRUE
27.02.2025,ingress-nginx,TRUE
25.03.2025,ingress-nginx,TRUE
25.03.2025,ingress-nginx,TRUE
25.03.2025,ingress-nginx,TRUE
25.03.2025,ingress-nginx,TRUE
25.03.2025,ingress-nginx,TRUE
25.03.2025,ingress-nginx,TRUE
03.04.2025,ingress-nginx,TRUE
03.04.2025,ingress-nginx,TRUE
03.04.2025,ingress-nginx,TRUE
03.04.2025,ingress-nginx,TRUE
03.04.2025,ingress-nginx,TRUE
03.04.2025,ingress-nginx,TRUE
03.04.2025,ingress-nginx,TRUE
07.04.2025,ingress-nginx,TRUE
07.04.2025,ingress-nginx,TRUE
07.04.2025,ingress-nginx,TRUE
07.04.2025,ingress-nginx,TRUE
07.04.2025,ingress-nginx,TRUE
07.04.2025,ingress-nginx,TRUE
07.04.2025,ingress-nginx,TRUE
09.04.2025,ingress-nginx,TRUE
09.04.2025,ingress-nginx,TRUE
09.04.2025,ingress-nginx,TRUE
09.04.2025,ingress-nginx,TRUE
09.04.2025,ingress-nginx,TRUE
09.04.2025,ingress-nginx,TRUE
09.04.2025,ingress-nginx,TRUE
23.04.2025,ingress-nginx,TRUE
23.04.2025,ingress-nginx,TRUE
23.04.2025,ingress-nginx,TRUE
23.04.2025,ingress-nginx,TRUE
23.04.2025,ingress-nginx,TRUE
23.04.2025,ingress-nginx,TRUE
23.04.2025,ingress-nginx,TRUE
23.04.2025,ingress-nginx,TRUE
05.05.2025,ingress-nginx,TRUE
05.05.2025,ingress-nginx,TRUE
05.05.2025,ingress-nginx,TRUE
05.05.2025,ingress-nginx,TRUE
05.05.2025,ingress-nginx,TRUE
05.05.2025,ingress-nginx,TRUE
05.05.2025,ingress-nginx,TRUE
05.05.2025,ingress-nginx,TRUE
30.06.2025,ingress-nginx,TRUE
30.06.2025,ingress-nginx,TRUE
30.06.2025,ingress-nginx,TRUE
30.06.2025,ingress-nginx,TRUE
30.06.2025,ingress-nginx,TRUE
30.06.2025,ingress-nginx,TRUE
30.06.2025,ingress-nginx,TRUE
30.06.2025,ingress-nginx,TRUE
30.06.2025,ingress-nginx,TRUE
08.07.2025,ingress-nginx,TRUE
08.07.2025,ingress-nginx,TRUE
08.07.2025,ingress-nginx,TRUE
14.07.2025,ingress-nginx,TRUE
14.07.2025,ingress-nginx,TRUE
14.07.2025,ingress-nginx,TRUE
14.07.2025,ingress-nginx,TRUE
14.07.2025,ingress-nginx,TRUE
14.07.2025,ingress-nginx,TRUE
14.07.2025,ingress-nginx,TRUE
14.07.2025,ingress-nginx,TRUE
14.07.2025,ingress-nginx,TRUE
14.07.2025,ingress-nginx,TRUE
14.07.2025,ingress-nginx,TRUE
14.07.2025,ingress-nginx,TRUE
14.07.2025,ingress-nginx,TRUE
15.07.2025,ingress-nginx,TRUE
15.07.2025,ingress-nginx,TRUE
15.07.2025,ingress-nginx,TRUE
15.07.2025,ingress-nginx,TRUE
17.07.2025,ingress-nginx,TRUE
17.07.2025,ingress-nginx,TRUE
17.07.2025,ingress-nginx,TRUE
17.07.2025,ingress-nginx,TRUE
17.07.2025,ingress-nginx,TRUE
17.07.2025,ingress-nginx,TRUE
17.07.2025,ingress-nginx,TRUE
17.07.2025,ingress-nginx,TRUE
29.07.2025,ingress-nginx,TRUE
29.07.2025,ingress-nginx,TRUE
29.07.2025,ingress-nginx,TRUE
29.07.2025,ingress-nginx,TRUE
29.07.2025,ingress-nginx,TRUE
29.07.2025,ingress-nginx,TRUE
29.07.2025,ingress-nginx,TRUE
29.07.2025,ingress-nginx,TRUE
04.08.2025,ingress-nginx,TRUE
04.08.2025,ingress-nginx,TRUE
04.08.2025,ingress-nginx,TRUE
04.08.2025,ingress-nginx,TRUE
04.08.2025,ingress-nginx,TRUE
04.08.2025,ingress-nginx,TRUE
04.08.2025,ingress-nginx,TRUE
04.08.2025,ingress-nginx,TRUE
17.09.2025,ingress-nginx,TRUE
17.09.2025,ingress-nginx,TRUE
17.09.2025,ingress-nginx,TRUE
17.09.2025,ingress-nginx,TRUE
17.09.2025,ingress-nginx,TRUE
17.09.2025,ingress-nginx,TRUE
17.09.2025,ingress-nginx,TRUE
17.09.2025,ingress-nginx,TRUE
18.09.2025,ingress-nginx,TRUE
18.09.2025,ingress-nginx,FALSE
18.09.2025,ingress-nginx,TRUE
18.09.2025,ingress-nginx,TRUE
18.09.2025,ingress-nginx,TRUE
18.09.2025,ingress-nginx,TRUE
18.09.2025,ingress-nginx,TRUE
18.09.2025,ingress-nginx,TRUE
18.09.2025,ingress-nginx,TRUE
18.09.2025,ingress-nginx,TRUE
07.10.2025,ingress-nginx,TRUE
14.10.2025,ingress-nginx,TRUE
14.10.2025,ingress-nginx,TRUE
14.10.2025,ingress-nginx,TRUE
14.10.2025,ingress-nginx,TRUE
14.10.2025,ingress-nginx,TRUE
14.10.2025,ingress-nginx,TRUE
14.10.2025,ingress-nginx,TRUE
14.10.2025,ingress-nginx,TRUE
14.10.2025,ingress-nginx,TRUE
14.11.2025,ingress-nginx,TRUE
14.11.2025,ingress-nginx,TRUE
14.11.2025,ingress-nginx,TRUE
14.11.2025,ingress-nginx,TRUE
14.11.2025,ingress-nginx,TRUE
20.01.2026,ingress-nginx,TRUE
20.01.2026,ingress-nginx,TRUE
20.01.2026,ingress-nginx,TRUE
20.01.2026,ingress-nginx,TRUE
20.01.2026,ingress-nginx,TRUE
20.01.2026,ingress-nginx,TRUE
20.01.2026,ingress-nginx,TRUE
20.01.2026,ingress-nginx,TRUE
20.01.2026,ingress-nginx,TRUE
20.01.2026,ingress-nginx,TRUE
20.01.2026,ingress-nginx,TRUE
21.01.2026,ingress-nginx,TRUE
21.01.2026,ingress-nginx,TRUE
21.01.2026,ingress-nginx,TRUE
21.01.2026,ingress-nginx,TRUE
21.01.2026,ingress-nginx,TRUE
21.01.2026,ingress-nginx,TRUE
21.01.2026,ingress-nginx,TRUE
21.01.2026,ingress-nginx,TRUE
21.01.2026,ingress-nginx,TRUE
21.01.2026,ingress-nginx,TRUE
21.01.2026,ingress-nginx,TRUE
30.01.2026,ingress-nginx,TRUE
30.01.2026,ingress-nginx,TRUE
30.01.2026,ingress-nginx,TRUE
30.01.2026,ingress-nginx,TRUE
30.01.2026,ingress-nginx,TRUE
30.01.2026,ingress-nginx,TRUE
30.01.2026,ingress-nginx,TRUE
30.01.2026,ingress-nginx,TRUE
30.01.2026,ingress-nginx,TRUE
30.01.2026,ingress-nginx,TRUE
30.01.2026,ingress-nginx,TRUE
30.01.2026,ingress-nginx,TRUE
02.02.2026,ingress-nginx,TRUE
02.02.2026,ingress-nginx,TRUE
02.02.2026,ingress-nginx,TRUE
02.02.2026,ingress-nginx,TRUE
02.02.2026,ingress-nginx,TRUE
02.02.2026,ingress-nginx,TRUE
04.02.2026,ingress-nginx,TRUE
04.02.2026,ingress-nginx,TRUE
04.02.2026,ingress-nginx,TRUE
04.02.2026,ingress-nginx,TRUE
04.02.2026,ingress-nginx,TRUE
04.02.2026,ingress-nginx,TRUE
04.03.2026,ingress-nginx,TRUE
04.03.2026,ingress-nginx,TRUE
04.03.2026,ingress-nginx,TRUE
04.03.2026,ingress-nginx,TRUE
04.03.2026,ingress-nginx,TRUE
04.03.2026,ingress-nginx,TRUE
17.03.2026,ingress-nginx,TRUE
17.03.2026,ingress-nginx,TRUE
17.03.2026,ingress-nginx,TRUE
17.03.2026,ingress-nginx,TRUE
23.03.2026,ingress-nginx,TRUE
23.03.2026,ingress-nginx,TRUE
23.03.2026,ingress-nginx,TRUE
23.03.2026,ingress-nginx,TRUE
09.04.2026,ingress-nginx,TRUE
09.04.2026,ingress-nginx,TRUE
09.04.2026,ingress-nginx,TRUE
09.04.2026,ingress-nginx,TRUE
10.04.2026,ingress-nginx,TRUE
10.04.2026,ingress-nginx,TRUE
10.04.2026,ingress-nginx,TRUE
10.04.2026,ingress-nginx,TRUE
10.04.2026,ingress-nginx,TRUE
10.04.2026,ingress-nginx,TRUE
10.04.2026,ingress-nginx,TRUE
10.04.2026,ingress-nginx,TRUE
15.04.2026,ingress-nginx,TRUE
15.04.2026,ingress-nginx,TRUE
15.04.2026,ingress-nginx,TRUE
15.04.2026,ingress-nginx,TRUE
07.05.2026,ingress-nginx,TRUE
07.05.2026,ingress-nginx,TRUE
07.05.2026,ingress-nginx,TRUE
07.05.2026,ingress-nginx,TRUE
07.05.2026,ingress-nginx,TRUE
07.05.2026,ingress-nginx,TRUE
07.05.2026,ingress-nginx,TRUE
07.05.2026,ingress-nginx,TRUE
01.06.2026,ingress-nginx,TRUE
01.06.2026,ingress-nginx,TRUE
01.06.2026,ingress-nginx,TRUE
22.12.2025,istio-gateway,TRUE
22.12.2025,istio-gateway,TRUE
22.12.2025,istio-gateway,TRUE
22.12.2025,istio-gateway,TRUE
22.12.2025,istio-gateway,TRUE
22.12.2025,istio-gateway,TRUE
07.01.2026,istio-gateway,TRUE
07.01.2026,istio-gateway,TRUE
07.01.2026,istio-gateway,TRUE
07.01.2026,istio-gateway,TRUE
07.01.2026,istio-gateway,TRUE
07.01.2026,istio-gateway,TRUE
07.01.2026,istio-gateway,TRUE
07.01.2026,istio-gateway,TRUE
08.01.2026,istio-gateway,TRUE
08.01.2026,istio-gateway,TRUE
09.01.2026,istio-gateway,TRUE
09.01.2026,istio-gateway,TRUE
09.01.2026,istio-gateway,TRUE
09.01.2026,istio-gateway,TRUE
12.01.2026,istio-gateway,TRUE
12.01.2026,istio-gateway,TRUE
12.01.2026,istio-gateway,TRUE
16.01.2026,istio-gateway,TRUE
16.01.2026,istio-gateway,TRUE
16.01.2026,istio-gateway,TRUE
16.01.2026,istio-gateway,TRUE
29.01.2026,istio-gateway,TRUE
29.01.2026,istio-gateway,TRUE
29.01.2026,istio-gateway,TRUE
29.01.2026,istio-gateway,TRUE
02.02.2026,istio-gateway,TRUE
02.02.2026,istio-gateway,TRUE
02.02.2026,istio-gateway,TRUE
02.02.2026,istio-gateway,TRUE
17.02.2026,istio-gateway,TRUE
17.02.2026,istio-gateway,TRUE
17.02.2026,istio-gateway,TRUE
17.02.2026,istio-gateway,TRUE
17.02.2026,istio-gateway,TRUE
17.02.2026,istio-gateway,TRUE
25.02.2026,istio-gateway,TRUE
25.02.2026,istio-gateway,TRUE
25.02.2026,istio-gateway,TRUE
25.02.2026,istio-gateway,TRUE
25.02.2026,istio-gateway,TRUE
25.02.2026,istio-gateway,TRUE
12.03.2026,istio-gateway,TRUE
12.03.2026,istio-gateway,TRUE
12.03.2026,istio-gateway,TRUE
23.03.2026,istio-gateway,TRUE
23.03.2026,istio-gateway,TRUE
23.03.2026,istio-gateway,TRUE
23.03.2026,istio-gateway,TRUE
08.04.2026,istio-gateway,TRUE
08.04.2026,istio-gateway,TRUE
08.04.2026,istio-gateway,TRUE
09.04.2026,istio-gateway,TRUE
10.04.2026,istio-gateway,TRUE
10.04.2026,istio-gateway,TRUE
15.04.2026,istio-gateway,TRUE
15.04.2026,istio-gateway,TRUE
27.04.2026,istio-gateway,TRUE
27.04.2026,istio-gateway,TRUE
27.04.2026,istio-gateway,TRUE
27.04.2026,istio-gateway,TRUE
29.04.2026,istio-gateway,TRUE
18.05.2026,istio-gateway,TRUE
27.05.2026,istio-gateway,TRUE
27.05.2026,istio-gateway,TRUE
29.05.2026,istio-gateway,TRUE
29.05.2026,istio-gateway,TRUE
05.06.2026,istio-gateway,TRUE
22.06.2026,istio-gateway,TRUE
22.06.2026,istio-gateway,TRUE
22.06.2026,istio-gateway,TRUE
01.07.2026,istio-gateway,TRUE
01.07.2026,istio-gateway,TRUE
02.07.2026,istio-gateway,TRUE
02.07.2026,istio-gateway,TRUE
02.07.2026,istio-gateway,TRUE
02.07.2026,istio-gateway,TRUE
09.07.2026,istio-gateway,TRUE
28.05.2024,jira-adm-int,TRUE
11.06.2024,jira-adm-int,TRUE
12.06.2024,jira-adm-int,TRUE
12.06.2024,jira-adm-int,TRUE
12.06.2024,jira-adm-int,TRUE
18.06.2024,jira-adm-int,TRUE
26.06.2024,jira-adm-int,TRUE
26.06.2024,jira-adm-int,TRUE
22.07.2024,jira-adm-int,TRUE
22.07.2024,jira-adm-int,TRUE
22.07.2024,jira-adm-int,TRUE
14.08.2024,jira-adm-int,TRUE
25.11.2024,jira-adm-int,TRUE
17.07.2025,jira-adm-int,TRUE
17.09.2025,jira-adm-int,TRUE
14.11.2025,jira-adm-int,TRUE
20.11.2025,jira-adm-int,TRUE
02.01.2026,jira-adm-int,TRUE
02.01.2026,jira-adm-int,TRUE
16.01.2026,jira-adm-int,TRUE
09.02.2026,jira-adm-int,TRUE
09.02.2026,jira-adm-int,TRUE
17.02.2026,jira-adm-int,TRUE
19.02.2026,jira-adm-int,TRUE
09.03.2026,jira-adm-int,TRUE
27.03.2026,jira-adm-int,TRUE
30.07.2026,jira-adm-int,TRUE
03.08.2026,jira-adm-int,TRUE
04.08.2026,jira-adm-int,TRUE
04.08.2026,jira-adm-int,TRUE
17.01.2024,leaderboard-backend,TRUE
24.01.2024,leaderboard-backend,TRUE
05.02.2024,leaderboard-backend,TRUE
14.02.2024,leaderboard-backend,TRUE
26.02.2024,leaderboard-backend,TRUE
01.03.2024,leaderboard-backend,TRUE
12.03.2024,leaderboard-backend,TRUE
18.03.2024,leaderboard-backend,TRUE
25.03.2024,leaderboard-backend,TRUE
25.03.2024,leaderboard-backend,TRUE
25.03.2024,leaderboard-backend,FALSE
25.03.2024,leaderboard-backend,TRUE
02.04.2024,leaderboard-backend,TRUE
02.04.2024,leaderboard-backend,TRUE
02.04.2024,leaderboard-backend,FALSE
02.04.2024,leaderboard-backend,TRUE
03.04.2024,leaderboard-backend,TRUE
08.04.2024,leaderboard-backend,TRUE
08.04.2024,leaderboard-backend,TRUE
08.04.2024,leaderboard-backend,TRUE
08.04.2024,leaderboard-backend,FALSE
08.04.2024,leaderboard-backend,TRUE
08.04.2024,leaderboard-backend,TRUE
08.04.2024,leaderboard-backend,TRUE
08.04.2024,leaderboard-backend,TRUE
08.04.2024,leaderboard-backend,TRUE
11.04.2024,leaderboard-backend,FALSE
11.04.2024,leaderboard-backend,TRUE
11.04.2024,leaderboard-backend,FALSE
11.04.2024,leaderboard-backend,FALSE
15.04.2024,leaderboard-backend,TRUE
06.05.2024,leaderboard-backend,TRUE
18.06.2024,leaderboard-backend,TRUE
08.07.2024,leaderboard-backend,TRUE
08.07.2024,leaderboard-backend,TRUE
09.07.2024,leaderboard-backend,TRUE
11.07.2024,leaderboard-backend,TRUE
16.07.2024,leaderboard-backend,TRUE
17.07.2024,leaderboard-backend,TRUE
25.07.2024,leaderboard-backend,TRUE
01.08.2024,leaderboard-backend,TRUE
07.08.2024,leaderboard-backend,TRUE
07.08.2024,leaderboard-backend,TRUE
12.08.2024,leaderboard-backend,TRUE
12.08.2024,leaderboard-backend,TRUE
03.09.2024,leaderboard-backend,TRUE
16.09.2024,leaderboard-backend,TRUE
18.09.2024,leaderboard-backend,TRUE
10.10.2024,leaderboard-backend,TRUE
10.10.2024,leaderboard-backend,TRUE
17.10.2024,leaderboard-backend,TRUE
17.10.2024,leaderboard-backend,TRUE
18.10.2024,leaderboard-backend,TRUE
24.10.2024,leaderboard-backend,TRUE
31.10.2024,leaderboard-backend,TRUE
31.10.2024,leaderboard-backend,TRUE
01.11.2024,leaderboard-backend,TRUE
20.11.2024,leaderboard-backend,TRUE
20.11.2024,leaderboard-backend,FALSE
20.11.2024,leaderboard-backend,TRUE
20.11.2024,leaderboard-backend,TRUE
21.11.2024,leaderboard-backend,TRUE
22.11.2024,leaderboard-backend,TRUE
25.11.2024,leaderboard-backend,TRUE
25.11.2024,leaderboard-backend,TRUE
28.11.2024,leaderboard-backend,TRUE
05.12.2024,leaderboard-backend,TRUE
10.12.2024,leaderboard-backend,TRUE
12.12.2024,leaderboard-backend,TRUE
20.12.2024,leaderboard-backend,TRUE
24.12.2024,leaderboard-backend,TRUE
24.12.2024,leaderboard-backend,FALSE
03.01.2025,leaderboard-backend,TRUE
06.01.2025,leaderboard-backend,TRUE
09.01.2025,leaderboard-backend,TRUE
10.01.2025,leaderboard-backend,TRUE
14.01.2025,leaderboard-backend,TRUE
15.01.2025,leaderboard-backend,TRUE
15.01.2025,leaderboard-backend,TRUE
23.01.2025,leaderboard-backend,TRUE
30.01.2025,leaderboard-backend,TRUE
30.01.2025,leaderboard-backend,TRUE
30.01.2025,leaderboard-backend,TRUE
31.01.2025,leaderboard-backend,TRUE
06.02.2025,leaderboard-backend,TRUE
06.02.2025,leaderboard-backend,TRUE
11.02.2025,leaderboard-backend,TRUE
24.02.2025,leaderboard-backend,TRUE
24.02.2025,leaderboard-backend,FALSE
24.02.2025,leaderboard-backend,TRUE
25.02.2025,leaderboard-backend,FALSE
26.02.2025,leaderboard-backend,TRUE
28.02.2025,leaderboard-backend,TRUE
19.03.2025,leaderboard-backend,TRUE
26.03.2025,leaderboard-backend,TRUE
07.04.2025,leaderboard-backend,TRUE
08.04.2025,leaderboard-backend,TRUE
17.04.2025,leaderboard-backend,TRUE
27.05.2025,leaderboard-backend,TRUE
28.05.2025,leaderboard-backend,TRUE
10.06.2025,leaderboard-backend,TRUE
11.06.2025,leaderboard-backend,TRUE
19.06.2025,leaderboard-backend,TRUE
19.06.2025,leaderboard-backend,TRUE
24.06.2025,leaderboard-backend,TRUE
25.06.2025,leaderboard-backend,TRUE
25.06.2025,leaderboard-backend,TRUE
25.06.2025,leaderboard-backend,TRUE
25.06.2025,leaderboard-backend,FALSE
26.06.2025,leaderboard-backend,TRUE
26.06.2025,leaderboard-backend,TRUE
27.06.2025,leaderboard-backend,FALSE
27.06.2025,leaderboard-backend,FALSE
30.06.2025,leaderboard-backend,TRUE
30.06.2025,leaderboard-backend,TRUE
07.07.2025,leaderboard-backend,TRUE
10.07.2025,leaderboard-backend,TRUE
15.07.2025,leaderboard-backend,TRUE
29.07.2025,leaderboard-backend,TRUE
30.07.2025,leaderboard-backend,TRUE
01.08.2025,leaderboard-backend,TRUE
05.08.2025,leaderboard-backend,TRUE
07.08.2025,leaderboard-backend,TRUE
14.08.2025,leaderboard-backend,TRUE
15.08.2025,leaderboard-backend,TRUE
28.08.2025,leaderboard-backend,TRUE
29.08.2025,leaderboard-backend,TRUE
02.09.2025,leaderboard-backend,TRUE
08.09.2025,leaderboard-backend,TRUE
09.09.2025,leaderboard-backend,TRUE
09.09.2025,leaderboard-backend,TRUE
09.09.2025,leaderboard-backend,TRUE
10.09.2025,leaderboard-backend,TRUE
10.09.2025,leaderboard-backend,TRUE
19.09.2025,leaderboard-backend,TRUE
19.09.2025,leaderboard-backend,TRUE
22.09.2025,leaderboard-backend,TRUE
23.09.2025,leaderboard-backend,TRUE
23.09.2025,leaderboard-backend,TRUE
06.10.2025,leaderboard-backend,TRUE
07.10.2025,leaderboard-backend,TRUE
07.10.2025,leaderboard-backend,FALSE
07.10.2025,leaderboard-backend,TRUE
10.10.2025,leaderboard-backend,TRUE
13.10.2025,leaderboard-backend,TRUE
11.11.2025,leaderboard-backend,TRUE
12.11.2025,leaderboard-backend,TRUE
12.11.2025,leaderboard-backend,TRUE
14.11.2025,leaderboard-backend,TRUE
19.11.2025,leaderboard-backend,TRUE
21.11.2025,leaderboard-backend,TRUE
03.12.2025,leaderboard-backend,TRUE
22.12.2025,leaderboard-backend,TRUE
07.01.2026,leaderboard-backend,TRUE
21.01.2026,leaderboard-backend,TRUE
22.01.2026,leaderboard-backend,TRUE
26.01.2026,leaderboard-backend,TRUE
05.02.2026,leaderboard-backend,TRUE
05.02.2026,leaderboard-backend,TRUE
10.02.2026,leaderboard-backend,TRUE
24.02.2026,leaderboard-backend,TRUE
24.02.2026,leaderboard-backend,TRUE
02.03.2026,leaderboard-backend,TRUE
03.03.2026,leaderboard-backend,TRUE
03.03.2026,leaderboard-backend,FALSE
04.03.2026,leaderboard-backend,TRUE
04.03.2026,leaderboard-backend,TRUE
04.03.2026,leaderboard-backend,TRUE
23.03.2026,leaderboard-backend,TRUE
27.03.2026,leaderboard-backend,TRUE
28.04.2026,leaderboard-backend,TRUE
13.05.2026,leaderboard-backend,TRUE
13.05.2026,leaderboard-backend,FALSE
13.05.2026,leaderboard-backend,FALSE
13.05.2026,leaderboard-backend,TRUE
13.05.2026,leaderboard-backend,FALSE
15.05.2026,leaderboard-backend,TRUE
19.05.2026,leaderboard-backend,TRUE
19.05.2026,leaderboard-backend,TRUE
19.05.2026,leaderboard-backend,TRUE
20.05.2026,leaderboard-backend,TRUE
22.05.2026,leaderboard-backend,TRUE
27.05.2026,leaderboard-backend,TRUE
29.05.2026,leaderboard-backend,TRUE
02.06.2026,leaderboard-backend,TRUE
02.06.2026,leaderboard-backend,TRUE
10.06.2026,leaderboard-backend,TRUE
16.06.2026,leaderboard-backend,TRUE
17.06.2026,leaderboard-backend,TRUE
23.06.2026,leaderboard-backend,TRUE
25.06.2026,leaderboard-backend,TRUE
29.06.2026,leaderboard-backend,TRUE
04.08.2026,leaderboard-backend,TRUE
05.08.2026,leaderboard-backend,TRUE
05.08.2026,leaderboard-backend,TRUE
06.08.2026,leaderboard-backend,TRUE
12.08.2026,leaderboard-backend,TRUE
13.08.2026,leaderboard-backend,TRUE
14.08.2026,leaderboard-backend,TRUE
17.08.2026,leaderboard-backend,TRUE
17.08.2026,leaderboard-backend,TRUE
20.08.2026,leaderboard-backend,TRUE
20.08.2026,leaderboard-backend,TRUE
24.08.2026,leaderboard-backend,TRUE
24.08.2026,leaderboard-backend,TRUE
31.08.2026,leaderboard-backend,TRUE
11.01.2024,leaderboard-frontend,TRUE
12.02.2024,leaderboard-frontend,TRUE
04.04.2024,leaderboard-frontend,TRUE
08.04.2024,leaderboard-frontend,TRUE
15.04.2024,leaderboard-frontend,TRUE
29.04.2024,leaderboard-frontend,TRUE
02.05.2024,leaderboard-frontend,TRUE
08.05.2024,leaderboard-frontend,TRUE
16.05.2024,leaderboard-frontend,TRUE
07.06.2024,leaderboard-frontend,TRUE
18.06.2024,leaderboard-frontend,TRUE
20.06.2024,leaderboard-frontend,TRUE
26.06.2024,leaderboard-frontend,TRUE
08.07.2024,leaderboard-frontend,TRUE
19.07.2024,leaderboard-frontend,TRUE
19.07.2024,leaderboard-frontend,TRUE
24.07.2024,leaderboard-frontend,TRUE
01.08.2024,leaderboard-frontend,TRUE
08.08.2024,leaderboard-frontend,TRUE
12.08.2024,leaderboard-frontend,TRUE
10.09.2024,leaderboard-frontend,TRUE
16.09.2024,leaderboard-frontend,TRUE
18.09.2024,leaderboard-frontend,TRUE
07.10.2024,leaderboard-frontend,TRUE
15.10.2024,leaderboard-frontend,TRUE
18.10.2024,leaderboard-frontend,TRUE
23.10.2024,leaderboard-frontend,TRUE
06.11.2024,leaderboard-frontend,TRUE
07.11.2024,leaderboard-frontend,TRUE
25.11.2024,leaderboard-frontend,TRUE
28.11.2024,leaderboard-frontend,TRUE
28.11.2024,leaderboard-frontend,TRUE
30.12.2024,leaderboard-frontend,TRUE
21.01.2025,leaderboard-frontend,TRUE
24.02.2025,leaderboard-frontend,TRUE
25.02.2025,leaderboard-frontend,TRUE
25.02.2025,leaderboard-frontend,FALSE
28.02.2025,leaderboard-frontend,TRUE
18.03.2025,leaderboard-frontend,TRUE
18.03.2025,leaderboard-frontend,TRUE
29.04.2025,leaderboard-frontend,TRUE
06.05.2025,leaderboard-frontend,TRUE
08.05.2025,leaderboard-frontend,TRUE
16.05.2025,leaderboard-frontend,TRUE
19.05.2025,leaderboard-frontend,TRUE
20.05.2025,leaderboard-frontend,TRUE
28.05.2025,leaderboard-frontend,TRUE
16.06.2025,leaderboard-frontend,TRUE
18.06.2025,leaderboard-frontend,FALSE
24.06.2025,leaderboard-frontend,TRUE
25.06.2025,leaderboard-frontend,TRUE
25.06.2025,leaderboard-frontend,TRUE
25.06.2025,leaderboard-frontend,TRUE
08.07.2025,leaderboard-frontend,TRUE
11.07.2025,leaderboard-frontend,TRUE
23.07.2025,leaderboard-frontend,TRUE
30.07.2025,leaderboard-frontend,TRUE
30.07.2025,leaderboard-frontend,TRUE
30.07.2025,leaderboard-frontend,TRUE
31.07.2025,leaderboard-frontend,TRUE
01.08.2025,leaderboard-frontend,TRUE
01.08.2025,leaderboard-frontend,TRUE
04.08.2025,leaderboard-frontend,TRUE
14.08.2025,leaderboard-frontend,TRUE
15.08.2025,leaderboard-frontend,TRUE
19.08.2025,leaderboard-frontend,TRUE
19.08.2025,leaderboard-frontend,TRUE
21.08.2025,leaderboard-frontend,TRUE
25.08.2025,leaderboard-frontend,TRUE
25.08.2025,leaderboard-frontend,TRUE
02.09.2025,leaderboard-frontend,TRUE
03.09.2025,leaderboard-frontend,TRUE
08.09.2025,leaderboard-frontend,TRUE
09.09.2025,leaderboard-frontend,TRUE
10.09.2025,leaderboard-frontend,TRUE
10.09.2025,leaderboard-frontend,TRUE
19.09.2025,leaderboard-frontend,TRUE
23.09.2025,leaderboard-frontend,TRUE
25.09.2025,leaderboard-frontend,TRUE
02.10.2025,leaderboard-frontend,TRUE
06.10.2025,leaderboard-frontend,TRUE
06.10.2025,leaderboard-frontend,TRUE
06.11.2025,leaderboard-frontend,TRUE
07.11.2025,leaderboard-frontend,TRUE
10.11.2025,leaderboard-frontend,TRUE
10.11.2025,leaderboard-frontend,TRUE
13.11.2025,leaderboard-frontend,TRUE
20.11.2025,leaderboard-frontend,TRUE
24.11.2025,leaderboard-frontend,TRUE
10.12.2025,leaderboard-frontend,TRUE
16.12.2025,leaderboard-frontend,TRUE
20.01.2026,leaderboard-frontend,TRUE
22.01.2026,leaderboard-frontend,TRUE
22.01.2026,leaderboard-frontend,TRUE
23.01.2026,leaderboard-frontend,TRUE
11.02.2026,leaderboard-frontend,TRUE
11.02.2026,leaderboard-frontend,TRUE
12.02.2026,leaderboard-frontend,TRUE
13.02.2026,leaderboard-frontend,TRUE
26.02.2026,leaderboard-frontend,TRUE
03.03.2026,leaderboard-frontend,TRUE
03.03.2026,leaderboard-frontend,TRUE
04.03.2026,leaderboard-frontend,TRUE
23.03.2026,leaderboard-frontend,TRUE
31.03.2026,leaderboard-frontend,TRUE
31.03.2026,leaderboard-frontend,TRUE
31.03.2026,leaderboard-frontend,TRUE
31.03.2026,leaderboard-frontend,TRUE
07.04.2026,leaderboard-frontend,TRUE
10.04.2026,leaderboard-frontend,TRUE
15.05.2026,leaderboard-frontend,TRUE
19.05.2026,leaderboard-frontend,TRUE
20.05.2026,leaderboard-frontend,TRUE
01.06.2026,leaderboard-frontend,TRUE
02.06.2026,leaderboard-frontend,TRUE
04.06.2026,leaderboard-frontend,TRUE
23.06.2026,leaderboard-frontend,TRUE
23.06.2026,leaderboard-frontend,TRUE
23.06.2026,leaderboard-frontend,FALSE
24.06.2026,leaderboard-frontend,TRUE
29.06.2026,leaderboard-frontend,TRUE
11.08.2026,leaderboard-frontend,TRUE
12.08.2026,leaderboard-frontend,TRUE
12.08.2026,leaderboard-frontend,TRUE
13.08.2026,leaderboard-frontend,TRUE
14.08.2026,leaderboard-frontend,TRUE
14.08.2026,leaderboard-frontend,TRUE
20.08.2026,leaderboard-frontend,TRUE
20.08.2026,leaderboard-frontend,FALSE
20.08.2026,leaderboard-frontend,TRUE
25.08.2026,leaderboard-frontend,TRUE
02.01.2024,legal-documents,TRUE
04.03.2024,legal-documents,TRUE
22.05.2024,legal-documents,TRUE
28.05.2024,legal-documents,TRUE
20.06.2024,legal-documents,TRUE
26.06.2024,legal-documents,TRUE
15.07.2024,legal-documents,TRUE
16.07.2024,legal-documents,TRUE
29.07.2024,legal-documents,TRUE
13.08.2024,legal-documents,TRUE
20.09.2024,legal-documents,TRUE
26.09.2024,legal-documents,TRUE
02.10.2024,legal-documents,TRUE
02.10.2024,legal-documents,TRUE
07.10.2024,legal-documents,TRUE
07.10.2024,legal-documents,TRUE
16.10.2024,legal-documents,TRUE
02.12.2024,legal-documents,TRUE
12.12.2024,legal-documents,TRUE
13.12.2024,legal-documents,TRUE
16.12.2024,legal-documents,TRUE
16.12.2024,legal-documents,TRUE
20.12.2024,legal-documents,TRUE
26.02.2025,legal-documents,TRUE
14.04.2025,legal-documents,TRUE
03.06.2025,legal-documents,TRUE
01.07.2025,legal-documents,TRUE
27.08.2025,legal-documents,TRUE
23.10.2025,legal-documents,TRUE
04.11.2025,legal-documents,TRUE
07.11.2025,legal-documents,TRUE
13.11.2025,legal-documents,TRUE
16.12.2025,legal-documents,TRUE
12.01.2026,legal-documents,TRUE
12.02.2026,legal-documents,TRUE
10.03.2026,legal-documents,TRUE
31.03.2026,legal-documents,TRUE
21.04.2026,legal-documents,TRUE
04.05.2026,legal-documents,TRUE
05.05.2026,legal-documents,TRUE
08.06.2026,legal-documents,TRUE
23.06.2026,legal-documents,TRUE
23.06.2026,legal-documents,TRUE
07.07.2026,legal-documents,TRUE
09.07.2026,legal-documents,TRUE
09.07.2026,legal-documents,TRUE
10.07.2026,legal-documents,TRUE
15.07.2026,legal-documents,TRUE
15.07.2026,legal-documents,TRUE
15.07.2026,legal-documents,TRUE
15.07.2026,legal-documents,TRUE
15.07.2026,legal-documents,TRUE
05.08.2026,legal-documents,TRUE
05.08.2026,legal-documents,TRUE
07.08.2026,legal-documents,TRUE
14.08.2026,legal-documents,TRUE
14.08.2026,legal-documents,TRUE
14.08.2026,legal-documents,TRUE
28.08.2026,legal-documents,TRUE
20.08.2024,life-fitness-adapter-adm-int,TRUE
20.08.2024,life-fitness-adapter-adm-int,TRUE
14.05.2025,life-fitness-adapter-adm-int,TRUE
11.12.2025,life-fitness-adapter-adm-int,TRUE
19.01.2026,life-fitness-adapter-adm-int,TRUE
09.02.2026,life-fitness-adapter-adm-int,TRUE
10.02.2026,life-fitness-adapter-adm-int,TRUE
13.02.2026,life-fitness-adapter-adm-int,TRUE
17.02.2026,life-fitness-adapter-adm-int,TRUE
19.02.2026,life-fitness-adapter-adm-int,TRUE
05.03.2026,life-fitness-adapter-adm-int,TRUE
09.03.2026,life-fitness-adapter-adm-int,TRUE
12.03.2026,life-fitness-adapter-adm-int,TRUE
29.06.2026,life-fitness-adapter-adm-int,TRUE
03.08.2026,life-fitness-adapter-adm-int,TRUE
04.08.2026,life-fitness-adapter-adm-int,TRUE
05.08.2026,life-fitness-adapter-adm-int,TRUE
28.08.2026,life-fitness-adapter-adm-int,TRUE
17.01.2024,life-fitness-adapter,TRUE
22.01.2024,life-fitness-adapter,TRUE
29.01.2024,life-fitness-adapter,TRUE
31.01.2024,life-fitness-adapter,TRUE
13.05.2024,life-fitness-adapter,TRUE
13.05.2024,life-fitness-adapter,TRUE
28.05.2024,life-fitness-adapter,TRUE
28.05.2024,life-fitness-adapter,TRUE
23.07.2024,life-fitness-adapter,TRUE
14.08.2024,life-fitness-adapter,TRUE
20.08.2024,life-fitness-adapter,TRUE
20.08.2024,life-fitness-adapter,TRUE
29.08.2024,life-fitness-adapter,TRUE
20.09.2024,life-fitness-adapter,TRUE
24.10.2024,life-fitness-adapter,TRUE
25.10.2024,life-fitness-adapter,TRUE
07.01.2025,life-fitness-adapter,TRUE
18.03.2025,life-fitness-adapter,TRUE
02.04.2025,life-fitness-adapter,TRUE
03.04.2025,life-fitness-adapter,TRUE
03.04.2025,life-fitness-adapter,TRUE
14.05.2025,life-fitness-adapter,TRUE
10.06.2025,life-fitness-adapter,TRUE
10.06.2025,life-fitness-adapter,TRUE
23.06.2025,life-fitness-adapter,TRUE
01.07.2025,life-fitness-adapter,TRUE
21.07.2025,life-fitness-adapter,TRUE
29.07.2025,life-fitness-adapter,TRUE
23.09.2025,life-fitness-adapter,TRUE
23.09.2025,life-fitness-adapter,TRUE
17.10.2025,life-fitness-adapter,TRUE
29.10.2025,life-fitness-adapter,TRUE
20.11.2025,life-fitness-adapter,TRUE
25.11.2025,life-fitness-adapter,TRUE
25.11.2025,life-fitness-adapter,TRUE
27.11.2025,life-fitness-adapter,TRUE
08.12.2025,life-fitness-adapter,TRUE
15.12.2025,life-fitness-adapter,TRUE
13.01.2026,life-fitness-adapter,TRUE
13.02.2026,life-fitness-adapter,TRUE
13.02.2026,life-fitness-adapter,TRUE
17.02.2026,life-fitness-adapter,TRUE
27.02.2026,life-fitness-adapter,TRUE
27.02.2026,life-fitness-adapter,TRUE
27.02.2026,life-fitness-adapter,TRUE
10.03.2026,life-fitness-adapter,TRUE
18.03.2026,life-fitness-adapter,TRUE
23.03.2026,life-fitness-adapter,TRUE
26.03.2026,life-fitness-adapter,TRUE
26.03.2026,life-fitness-adapter,TRUE
27.03.2026,life-fitness-adapter,TRUE
31.03.2026,life-fitness-adapter,TRUE
01.04.2026,life-fitness-adapter,TRUE
01.04.2026,life-fitness-adapter,TRUE
15.04.2026,life-fitness-adapter,TRUE
08.05.2026,life-fitness-adapter,TRUE
18.05.2026,life-fitness-adapter,TRUE
27.05.2026,life-fitness-adapter,TRUE
05.06.2026,life-fitness-adapter,TRUE
24.06.2026,life-fitness-adapter,TRUE
02.07.2026,life-fitness-adapter,TRUE
03.08.2026,life-fitness-adapter,TRUE
04.08.2026,life-fitness-adapter,TRUE
05.08.2026,life-fitness-adapter,TRUE
05.08.2026,life-fitness-adapter,TRUE
05.08.2026,life-fitness-adapter,TRUE
05.08.2026,life-fitness-adapter,TRUE
15.01.2024,machine-factory-server,TRUE
21.02.2024,machine-factory-server,TRUE
02.04.2024,machine-factory-server,TRUE
02.10.2024,machine-factory-server,TRUE
09.10.2024,machine-factory-server,TRUE
19.12.2024,machine-factory-server,TRUE
21.01.2025,machine-factory-server,TRUE
04.02.2025,machine-factory-server,TRUE
25.03.2025,machine-factory-server,TRUE
15.04.2025,machine-factory-server,TRUE
15.04.2025,machine-factory-server,TRUE
29.04.2025,machine-factory-server,TRUE
07.05.2025,machine-factory-server,TRUE
07.05.2025,machine-factory-server,TRUE
12.06.2025,machine-factory-server,TRUE
02.07.2025,machine-factory-server,TRUE
07.07.2025,machine-factory-server,TRUE
08.07.2025,machine-factory-server,TRUE
11.07.2025,machine-factory-server,TRUE
17.07.2025,machine-factory-server,TRUE
18.07.2025,machine-factory-server,TRUE
21.07.2025,machine-factory-server,TRUE
22.07.2025,machine-factory-server,TRUE
29.07.2025,machine-factory-server,TRUE
01.08.2025,machine-factory-server,TRUE
07.08.2025,machine-factory-server,TRUE
12.08.2025,machine-factory-server,TRUE
13.08.2025,machine-factory-server,TRUE
14.08.2025,machine-factory-server,TRUE
19.08.2025,machine-factory-server,TRUE
20.08.2025,machine-factory-server,TRUE
22.08.2025,machine-factory-server,TRUE
01.09.2025,machine-factory-server,TRUE
09.09.2025,machine-factory-server,TRUE
22.09.2025,machine-factory-server,TRUE
23.09.2025,machine-factory-server,TRUE
07.10.2025,machine-factory-server,TRUE
08.10.2025,machine-factory-server,TRUE
10.10.2025,machine-factory-server,TRUE
14.10.2025,machine-factory-server,TRUE
15.10.2025,machine-factory-server,TRUE
17.10.2025,machine-factory-server,TRUE
27.10.2025,machine-factory-server,TRUE
28.10.2025,machine-factory-server,TRUE
11.12.2025,machine-factory-server,TRUE
12.02.2026,machine-factory-server,TRUE
15.04.2026,machine-factory-server,TRUE
15.04.2026,machine-factory-server,TRUE
02.01.2024,machine-ostree,TRUE
15.01.2024,machine-ostree,TRUE
24.01.2024,machine-ostree,TRUE
27.02.2024,machine-ostree,TRUE
27.02.2024,machine-ostree,TRUE
07.03.2024,machine-ostree,TRUE
02.04.2024,machine-ostree,TRUE
02.04.2024,machine-ostree,TRUE
10.06.2024,machine-ostree,TRUE
28.06.2024,machine-ostree,TRUE
28.06.2024,machine-ostree,TRUE
03.07.2024,machine-ostree,TRUE
29.08.2024,machine-ostree,TRUE
12.09.2024,machine-ostree,TRUE
24.09.2024,machine-ostree,TRUE
12.11.2024,machine-ostree,TRUE
08.01.2025,machine-ostree,TRUE
09.01.2025,machine-ostree,TRUE
14.04.2025,machine-ostree,TRUE
07.05.2025,machine-ostree,TRUE
12.06.2025,machine-ostree,TRUE
02.07.2025,machine-ostree,TRUE
03.07.2025,machine-ostree,TRUE
14.07.2025,machine-ostree,TRUE
17.07.2025,machine-ostree,TRUE
18.07.2025,machine-ostree,TRUE
30.07.2025,machine-ostree,TRUE
07.08.2025,machine-ostree,TRUE
11.08.2025,machine-ostree,TRUE
14.08.2025,machine-ostree,TRUE
19.08.2025,machine-ostree,TRUE
20.08.2025,machine-ostree,TRUE
21.08.2025,machine-ostree,TRUE
25.08.2025,machine-ostree,TRUE
01.09.2025,machine-ostree,TRUE
09.09.2025,machine-ostree,TRUE
22.09.2025,machine-ostree,TRUE
23.09.2025,machine-ostree,TRUE
25.09.2025,machine-ostree,TRUE
07.10.2025,machine-ostree,TRUE
08.10.2025,machine-ostree,TRUE
09.10.2025,machine-ostree,TRUE
10.10.2025,machine-ostree,TRUE
14.10.2025,machine-ostree,TRUE
17.10.2025,machine-ostree,TRUE
27.10.2025,machine-ostree,TRUE
28.10.2025,machine-ostree,TRUE
11.11.2025,machine-ostree,TRUE
03.12.2025,machine-ostree,TRUE
05.01.2026,machine-ostree,TRUE
03.02.2026,machine-ostree,TRUE
19.03.2026,machine-ostree,TRUE
20.04.2026,machine-ostree,TRUE
20.04.2026,machine-ostree,TRUE
05.05.2026,machine-ostree,TRUE
01.06.2026,machine-ostree,TRUE
02.06.2026,machine-ostree,TRUE
03.06.2026,machine-ostree,TRUE
03.06.2026,machine-ostree,TRUE
23.06.2026,machine-ostree,TRUE
06.07.2026,machine-ostree,TRUE
13.07.2026,machine-ostree,TRUE
21.07.2026,machine-ostree,TRUE
04.08.2026,machine-ostree,TRUE
25.08.2026,machine-ostree,TRUE
03.01.2024,machine-training,TRUE
16.02.2024,machine-training,TRUE
19.02.2024,machine-training,TRUE
20.02.2024,machine-training,TRUE
21.02.2024,machine-training,TRUE
28.02.2024,machine-training,TRUE
28.02.2024,machine-training,TRUE
28.02.2024,machine-training,TRUE
06.03.2024,machine-training,TRUE
13.03.2024,machine-training,TRUE
21.03.2024,machine-training,TRUE
21.03.2024,machine-training,TRUE
03.04.2024,machine-training,TRUE
03.04.2024,machine-training,TRUE
05.04.2024,machine-training,TRUE
09.04.2024,machine-training,TRUE
12.04.2024,machine-training,TRUE
29.04.2024,machine-training,TRUE
04.06.2024,machine-training,TRUE
04.07.2024,machine-training,TRUE
08.07.2024,machine-training,TRUE
16.07.2024,machine-training,TRUE
23.07.2024,machine-training,TRUE
23.08.2024,machine-training,TRUE
27.08.2024,machine-training,TRUE
10.09.2024,machine-training,TRUE
13.09.2024,machine-training,TRUE
16.09.2024,machine-training,TRUE
20.09.2024,machine-training,TRUE
14.10.2024,machine-training,TRUE
23.10.2024,machine-training,TRUE
23.10.2024,machine-training,TRUE
23.10.2024,machine-training,TRUE
25.10.2024,machine-training,TRUE
04.11.2024,machine-training,TRUE
05.11.2024,machine-training,TRUE
08.11.2024,machine-training,TRUE
14.11.2024,machine-training,TRUE
27.12.2024,machine-training,TRUE
31.01.2025,machine-training,TRUE
11.03.2025,machine-training,TRUE
25.06.2025,machine-training,TRUE
27.08.2025,machine-training,TRUE
20.11.2025,machine-training,TRUE
26.11.2025,machine-training,TRUE
18.12.2025,machine-training,TRUE
30.01.2026,machine-training,TRUE
23.02.2026,machine-training,TRUE
24.02.2026,machine-training,TRUE
04.03.2026,machine-training,TRUE
06.03.2026,machine-training,TRUE
17.03.2026,machine-training,TRUE
23.03.2026,machine-training,TRUE
26.03.2026,machine-training,TRUE
09.04.2026,machine-training,TRUE
10.04.2026,machine-training,TRUE
16.04.2026,machine-training,TRUE
28.04.2026,machine-training,TRUE
29.04.2026,machine-training,TRUE
29.04.2026,machine-training,TRUE
05.05.2026,machine-training,TRUE
20.05.2026,machine-training,TRUE
21.05.2026,machine-training,TRUE
21.05.2026,machine-training,TRUE
21.05.2026,machine-training,TRUE
26.05.2026,machine-training,TRUE
03.06.2026,machine-training,TRUE
10.06.2026,machine-training,TRUE
11.06.2026,machine-training,TRUE
15.06.2026,machine-training,TRUE
17.06.2026,machine-training,TRUE
17.06.2026,machine-training,TRUE
23.06.2026,machine-training,TRUE
24.06.2026,machine-training,TRUE
29.06.2026,machine-training,TRUE
30.06.2026,machine-training,TRUE
01.07.2026,machine-training,TRUE
03.07.2026,machine-training,TRUE
13.07.2026,machine-training,TRUE
21.07.2026,machine-training,TRUE
21.07.2026,machine-training,TRUE
22.07.2026,machine-training,TRUE
27.07.2026,machine-training,TRUE
28.07.2026,machine-training,TRUE
28.07.2026,machine-training,TRUE
31.07.2026,machine-training,TRUE
21.08.2026,machine-training,TRUE
24.08.2026,machine-training,TRUE
28.08.2026,machine-training,TRUE
18.06.2024,machine-user-settings,TRUE
18.07.2024,machine-user-settings,TRUE
06.09.2024,machine-user-settings,TRUE
20.09.2024,machine-user-settings,TRUE
15.10.2024,machine-user-settings,TRUE
10.01.2025,machine-user-settings,TRUE
11.03.2025,machine-user-settings,TRUE
13.03.2025,machine-user-settings,TRUE
23.06.2025,machine-user-settings,TRUE
11.08.2025,machine-user-settings,TRUE
01.09.2025,machine-user-settings,TRUE
12.01.2026,machine-user-settings,TRUE
27.01.2026,machine-user-settings,TRUE
29.01.2026,machine-user-settings,TRUE
16.02.2026,machine-user-settings,TRUE
24.02.2026,machine-user-settings,TRUE
26.03.2026,machine-user-settings,TRUE
09.04.2026,machine-user-settings,TRUE
10.04.2026,machine-user-settings,TRUE
16.04.2026,machine-user-settings,TRUE
28.04.2026,machine-user-settings,TRUE
28.04.2026,machine-user-settings,TRUE
21.05.2026,machine-user-settings,TRUE
08.06.2026,machine-user-settings,TRUE
11.06.2026,machine-user-settings,TRUE
22.06.2026,machine-user-settings,TRUE
22.06.2026,machine-user-settings,TRUE
22.06.2026,machine-user-settings,TRUE
22.06.2026,machine-user-settings,TRUE
29.06.2026,machine-user-settings,TRUE
13.07.2026,machine-user-settings,TRUE
23.07.2026,machine-user-settings,TRUE
24.07.2026,machine-user-settings,TRUE
31.07.2026,machine-user-settings,TRUE
04.08.2026,machine-user-settings,TRUE
11.08.2026,machine-user-settings,TRUE
11.08.2026,machine-user-settings,TRUE
19.08.2026,machine-user-settings,TRUE
24.08.2026,machine-user-settings,TRUE
17.06.2024,mali-pubsub-logger,TRUE
17.06.2024,mali-pubsub-logger,TRUE
17.06.2024,mali-pubsub-logger,TRUE
18.06.2024,mali-pubsub-logger,TRUE
18.06.2024,mali-pubsub-logger,TRUE
18.06.2024,mali-pubsub-logger,TRUE
02.01.2024,mali,TRUE
02.01.2024,mali,FALSE
03.01.2024,mali,TRUE
04.01.2024,mali,TRUE
05.01.2024,mali,TRUE
15.01.2024,mali,TRUE
17.01.2024,mali,TRUE
24.01.2024,mali,TRUE
25.01.2024,mali,TRUE
02.02.2024,mali,TRUE
07.02.2024,mali,TRUE
26.02.2024,mali,TRUE
28.02.2024,mali,TRUE
07.03.2024,mali,TRUE
21.03.2024,mali,TRUE
27.03.2024,mali,TRUE
02.04.2024,mali,TRUE
04.04.2024,mali,TRUE
05.04.2024,mali,TRUE
24.04.2024,mali,TRUE
29.04.2024,mali,TRUE
30.04.2024,mali,TRUE
07.05.2024,mali,TRUE
16.05.2024,mali,TRUE
29.05.2024,mali,TRUE
10.06.2024,mali,TRUE
10.06.2024,mali,TRUE
12.06.2024,mali,TRUE
18.06.2024,mali,TRUE
18.06.2024,mali,TRUE
21.06.2024,mali,TRUE
24.06.2024,mali,TRUE
24.06.2024,mali,TRUE
24.06.2024,mali,TRUE
24.06.2024,mali,TRUE
25.06.2024,mali,TRUE
25.06.2024,mali,TRUE
25.06.2024,mali,TRUE
25.06.2024,mali,TRUE
25.06.2024,mali,TRUE
26.06.2024,mali,TRUE
26.06.2024,mali,TRUE
26.06.2024,mali,TRUE
26.06.2024,mali,TRUE
26.06.2024,mali,TRUE
27.06.2024,mali,TRUE
28.06.2024,mali,TRUE
04.07.2024,mali,TRUE
04.07.2024,mali,TRUE
09.07.2024,mali,TRUE
25.07.2024,mali,TRUE
26.07.2024,mali,TRUE
30.07.2024,mali,TRUE
07.08.2024,mali,TRUE
07.08.2024,mali,TRUE
27.08.2024,mali,TRUE
27.08.2024,mali,TRUE
04.09.2024,mali,TRUE
06.09.2024,mali,TRUE
09.09.2024,mali,TRUE
09.09.2024,mali,TRUE
10.09.2024,mali,TRUE
12.09.2024,mali,TRUE
12.09.2024,mali,FALSE
12.09.2024,mali,TRUE
12.09.2024,mali,TRUE
12.09.2024,mali,TRUE
13.09.2024,mali,TRUE
13.09.2024,mali,TRUE
17.09.2024,mali,TRUE
17.09.2024,mali,TRUE
17.09.2024,mali,TRUE
17.09.2024,mali,FALSE
18.09.2024,mali,TRUE
18.09.2024,mali,TRUE
18.09.2024,mali,TRUE
19.09.2024,mali,TRUE
24.09.2024,mali,TRUE
25.09.2024,mali,TRUE
27.09.2024,mali,TRUE
09.10.2024,mali,TRUE
17.10.2024,mali,TRUE
24.10.2024,mali,TRUE
28.10.2024,mali,TRUE
28.10.2024,mali,FALSE
28.10.2024,mali,FALSE
28.10.2024,mali,TRUE
28.10.2024,mali,FALSE
31.10.2024,mali,TRUE
04.11.2024,mali,TRUE
05.11.2024,mali,TRUE
06.11.2024,mali,TRUE
06.11.2024,mali,TRUE
06.11.2024,mali,TRUE
07.11.2024,mali,TRUE
07.11.2024,mali,TRUE
07.11.2024,mali,TRUE
07.11.2024,mali,TRUE
07.11.2024,mali,FALSE
07.11.2024,mali,TRUE
08.11.2024,mali,TRUE
08.11.2024,mali,TRUE
11.11.2024,mali,TRUE
12.11.2024,mali,TRUE
12.11.2024,mali,TRUE
12.11.2024,mali,TRUE
13.11.2024,mali,TRUE
14.11.2024,mali,TRUE
15.11.2024,mali,TRUE
18.11.2024,mali,TRUE
19.11.2024,mali,TRUE
19.11.2024,mali,TRUE
19.11.2024,mali,TRUE
21.11.2024,mali,TRUE
22.11.2024,mali,TRUE
22.11.2024,mali,TRUE
25.11.2024,mali,TRUE
25.11.2024,mali,TRUE
25.11.2024,mali,TRUE
26.11.2024,mali,TRUE
26.11.2024,mali,TRUE
28.11.2024,mali,TRUE
28.11.2024,mali,TRUE
28.11.2024,mali,TRUE
29.11.2024,mali,TRUE
29.11.2024,mali,TRUE
03.12.2024,mali,TRUE
05.12.2024,mali,TRUE
05.12.2024,mali,TRUE
06.12.2024,mali,TRUE
11.12.2024,mali,TRUE
11.12.2024,mali,TRUE
12.12.2024,mali,TRUE
12.12.2024,mali,TRUE
12.12.2024,mali,TRUE
16.12.2024,mali,TRUE
19.12.2024,mali,TRUE
19.12.2024,mali,TRUE
19.12.2024,mali,TRUE
09.01.2025,mali,TRUE
09.01.2025,mali,TRUE
10.01.2025,mali,TRUE
13.01.2025,mali,TRUE
22.01.2025,mali,TRUE
28.01.2025,mali,TRUE
28.01.2025,mali,TRUE
30.01.2025,mali,TRUE
31.01.2025,mali,TRUE
11.02.2025,mali,TRUE
17.02.2025,mali,TRUE
18.02.2025,mali,TRUE
25.02.2025,mali,TRUE
25.02.2025,mali,TRUE
06.03.2025,mali,TRUE
19.03.2025,mali,TRUE
26.03.2025,mali,TRUE
27.03.2025,mali,TRUE
27.03.2025,mali,TRUE
08.04.2025,mali,TRUE
09.04.2025,mali,TRUE
14.04.2025,mali,TRUE
17.04.2025,mali,TRUE
23.04.2025,mali,TRUE
29.04.2025,mali,TRUE
05.05.2025,mali,TRUE
15.05.2025,mali,TRUE
19.05.2025,mali,TRUE
19.05.2025,mali,FALSE
19.05.2025,mali,TRUE
19.05.2025,mali,TRUE
21.05.2025,mali,TRUE
21.05.2025,mali,TRUE
27.05.2025,mali,TRUE
27.05.2025,mali,TRUE
02.06.2025,mali,TRUE
03.06.2025,mali,TRUE
03.06.2025,mali,TRUE
05.06.2025,mali,TRUE
06.06.2025,mali,TRUE
06.06.2025,mali,FALSE
06.06.2025,mali,TRUE
12.06.2025,mali,TRUE
17.06.2025,mali,TRUE
24.06.2025,mali,TRUE
24.06.2025,mali,TRUE
26.06.2025,mali,TRUE
26.06.2025,mali,TRUE
30.06.2025,mali,TRUE
30.06.2025,mali,TRUE
01.07.2025,mali,TRUE
03.07.2025,mali,TRUE
03.07.2025,mali,TRUE
09.07.2025,mali,TRUE
09.07.2025,mali,TRUE
14.07.2025,mali,TRUE
15.07.2025,mali,TRUE
16.07.2025,mali,TRUE
16.07.2025,mali,TRUE
17.07.2025,mali,TRUE
18.07.2025,mali,TRUE
21.07.2025,mali,TRUE
23.07.2025,mali,TRUE
30.07.2025,mali,TRUE
31.07.2025,mali,TRUE
04.08.2025,mali,TRUE
06.08.2025,mali,TRUE
07.08.2025,mali,TRUE
11.08.2025,mali,TRUE
11.08.2025,mali,TRUE
14.08.2025,mali,TRUE
19.08.2025,mali,TRUE
20.08.2025,mali,TRUE
20.08.2025,mali,TRUE
21.08.2025,mali,TRUE
25.08.2025,mali,TRUE
25.08.2025,mali,TRUE
26.08.2025,mali,TRUE
27.08.2025,mali,TRUE
01.09.2025,mali,TRUE
01.09.2025,mali,TRUE
02.09.2025,mali,TRUE
03.09.2025,mali,TRUE
04.09.2025,mali,TRUE
04.09.2025,mali,TRUE
08.09.2025,mali,TRUE
08.09.2025,mali,TRUE
08.09.2025,mali,TRUE
08.09.2025,mali,TRUE
10.09.2025,mali,TRUE
11.09.2025,mali,TRUE
11.09.2025,mali,TRUE
12.09.2025,mali,TRUE
22.09.2025,mali,TRUE
23.09.2025,mali,TRUE
23.09.2025,mali,TRUE
24.09.2025,mali,TRUE
24.09.2025,mali,TRUE
25.09.2025,mali,TRUE
06.10.2025,mali,TRUE
07.10.2025,mali,TRUE
08.10.2025,mali,TRUE
08.10.2025,mali,TRUE
08.10.2025,mali,TRUE
09.10.2025,mali,TRUE
09.10.2025,mali,TRUE
10.10.2025,mali,TRUE
10.10.2025,mali,TRUE
15.10.2025,mali,TRUE
15.10.2025,mali,TRUE
15.10.2025,mali,TRUE
17.10.2025,mali,TRUE
20.10.2025,mali,TRUE
21.10.2025,mali,TRUE
22.10.2025,mali,TRUE
22.10.2025,mali,TRUE
27.10.2025,mali,TRUE
28.10.2025,mali,TRUE
03.11.2025,mali,TRUE
04.11.2025,mali,TRUE
06.11.2025,mali,TRUE
06.11.2025,mali,TRUE
13.11.2025,mali,TRUE
24.11.2025,mali,TRUE
24.11.2025,mali,TRUE
27.11.2025,mali,TRUE
27.11.2025,mali,TRUE
01.12.2025,mali,TRUE
01.12.2025,mali,TRUE
01.12.2025,mali,TRUE
02.12.2025,mali,TRUE
02.12.2025,mali,TRUE
03.12.2025,mali,TRUE
04.12.2025,mali,TRUE
05.12.2025,mali,TRUE
15.12.2025,mali,TRUE
15.12.2025,mali,TRUE
23.12.2025,mali,TRUE
05.01.2026,mali,TRUE
20.01.2026,mali,TRUE
20.01.2026,mali,TRUE
21.01.2026,mali,TRUE
21.01.2026,mali,TRUE
26.01.2026,mali,TRUE
27.01.2026,mali,TRUE
30.01.2026,mali,TRUE
03.02.2026,mali,TRUE
03.02.2026,mali,TRUE
04.02.2026,mali,TRUE
04.02.2026,mali,TRUE
12.02.2026,mali,TRUE
17.02.2026,mali,TRUE
18.02.2026,mali,TRUE
18.02.2026,mali,TRUE
19.02.2026,mali,TRUE
19.02.2026,mali,TRUE
20.02.2026,mali,TRUE
25.02.2026,mali,TRUE
25.02.2026,mali,TRUE
25.02.2026,mali,TRUE
25.02.2026,mali,FALSE
26.02.2026,mali,TRUE
26.02.2026,mali,TRUE
27.02.2026,mali,TRUE
27.02.2026,mali,TRUE
03.03.2026,mali,TRUE
04.03.2026,mali,TRUE
05.03.2026,mali,TRUE
06.03.2026,mali,TRUE
09.03.2026,mali,TRUE
12.03.2026,mali,TRUE
17.03.2026,mali,TRUE
17.03.2026,mali,TRUE
18.03.2026,mali,TRUE
23.03.2026,mali,TRUE
24.03.2026,mali,TRUE
25.03.2026,mali,TRUE
01.04.2026,mali,TRUE
01.04.2026,mali,TRUE
07.04.2026,mali,TRUE
07.04.2026,mali,TRUE
08.04.2026,mali,TRUE
09.04.2026,mali,TRUE
09.04.2026,mali,TRUE
09.04.2026,mali,TRUE
14.04.2026,mali,TRUE
17.04.2026,mali,TRUE
20.04.2026,mali,TRUE
21.04.2026,mali,TRUE
22.04.2026,mali,TRUE
22.04.2026,mali,TRUE
27.04.2026,mali,TRUE
29.04.2026,mali,TRUE
05.05.2026,mali,TRUE
07.05.2026,mali,TRUE
07.05.2026,mali,TRUE
12.05.2026,mali,TRUE
13.05.2026,mali,TRUE
19.05.2026,mali,TRUE
20.05.2026,mali,TRUE
21.05.2026,mali,TRUE
21.05.2026,mali,TRUE
21.05.2026,mali,TRUE
21.05.2026,mali,TRUE
21.05.2026,mali,TRUE
28.05.2026,mali,TRUE
28.05.2026,mali,TRUE
02.06.2026,mali,TRUE
02.06.2026,mali,TRUE
08.06.2026,mali,TRUE
11.06.2026,mali,TRUE
15.06.2026,mali,TRUE
16.06.2026,mali,TRUE
17.06.2026,mali,TRUE
18.06.2026,mali,TRUE
22.06.2026,mali,TRUE
24.06.2026,mali,TRUE
25.06.2026,mali,TRUE
29.06.2026,mali,TRUE
01.07.2026,mali,TRUE
06.07.2026,mali,TRUE
06.07.2026,mali,TRUE
07.07.2026,mali,TRUE
09.07.2026,mali,TRUE
09.07.2026,mali,TRUE
21.07.2026,mali,TRUE
22.07.2026,mali,TRUE
23.07.2026,mali,TRUE
24.07.2026,mali,TRUE
04.08.2026,mali,TRUE
11.08.2026,mali,TRUE
13.08.2026,mali,TRUE
17.08.2026,mali,TRUE
17.08.2026,mali,TRUE
19.08.2026,mali,TRUE
25.08.2026,mali,TRUE
26.08.2026,mali,TRUE
27.08.2026,mali,TRUE
27.08.2026,mali,TRUE
27.07.2026,mcp-internal,TRUE
03.08.2026,mcp-internal,TRUE
03.08.2026,mcp-internal,TRUE
04.08.2026,mcp-internal,TRUE
05.08.2026,mcp-internal,TRUE
05.08.2026,mcp-internal,TRUE
05.08.2026,mcp-internal,TRUE
06.08.2026,mcp-internal,TRUE
11.08.2026,mcp-internal,TRUE
11.08.2026,mcp-internal,TRUE
11.08.2026,mcp-internal,FALSE
11.08.2026,mcp-internal,TRUE
12.08.2026,mcp-internal,TRUE
13.08.2026,mcp-internal,TRUE
19.08.2026,mcp-internal,TRUE
20.08.2026,mcp-internal,TRUE
20.08.2026,mcp-internal,TRUE
24.08.2026,mcp-internal,TRUE
28.08.2026,mcp-internal,TRUE
29.01.2024,measurement-migration,TRUE
02.10.2024,measurement-migration,TRUE
27.03.2025,measurement-migration,TRUE
09.09.2025,measurement-migration,TRUE
18.09.2025,measurement-migration,TRUE
01.10.2025,measurement-migration,TRUE
04.11.2025,measurement-migration,TRUE
04.11.2025,measurement-migration,TRUE
04.11.2025,measurement-migration,TRUE
04.11.2025,measurement-migration,TRUE
05.11.2025,measurement-migration,TRUE
06.11.2025,measurement-migration,TRUE
10.11.2025,measurement-migration,TRUE
10.11.2025,measurement-migration,TRUE
16.01.2024,measurements,TRUE
17.01.2024,measurements,TRUE
22.01.2024,measurements,TRUE
19.02.2024,measurements,TRUE
20.02.2024,measurements,TRUE
01.03.2024,measurements,TRUE
01.03.2024,measurements,TRUE
01.03.2024,measurements,TRUE
01.03.2024,measurements,TRUE
06.03.2024,measurements,TRUE
07.03.2024,measurements,TRUE
13.03.2024,measurements,TRUE
19.03.2024,measurements,TRUE
19.03.2024,measurements,TRUE
22.03.2024,measurements,TRUE
26.03.2024,measurements,TRUE
26.03.2024,measurements,TRUE
02.04.2024,measurements,TRUE
23.04.2024,measurements,TRUE
26.04.2024,measurements,TRUE
13.05.2024,measurements,TRUE
20.05.2024,measurements,TRUE
24.05.2024,measurements,TRUE
13.06.2024,measurements,TRUE
17.06.2024,measurements,TRUE
17.06.2024,measurements,TRUE
17.06.2024,measurements,TRUE
18.06.2024,measurements,TRUE
27.06.2024,measurements,TRUE
27.06.2024,measurements,TRUE
27.06.2024,measurements,TRUE
27.06.2024,measurements,TRUE
03.07.2024,measurements,TRUE
03.07.2024,measurements,TRUE
03.07.2024,measurements,TRUE
03.07.2024,measurements,TRUE
03.07.2024,measurements,TRUE
03.07.2024,measurements,TRUE
03.07.2024,measurements,TRUE
04.07.2024,measurements,TRUE
04.07.2024,measurements,TRUE
04.07.2024,measurements,TRUE
04.07.2024,measurements,TRUE
05.07.2024,measurements,TRUE
05.07.2024,measurements,TRUE
05.07.2024,measurements,TRUE
05.07.2024,measurements,TRUE
05.07.2024,measurements,TRUE
09.07.2024,measurements,TRUE
09.07.2024,measurements,TRUE
09.07.2024,measurements,TRUE
09.07.2024,measurements,TRUE
09.07.2024,measurements,TRUE
09.07.2024,measurements,TRUE
09.07.2024,measurements,TRUE
12.07.2024,measurements,TRUE
12.07.2024,measurements,TRUE
23.07.2024,measurements,TRUE
23.07.2024,measurements,TRUE
23.07.2024,measurements,TRUE
23.07.2024,measurements,TRUE
23.07.2024,measurements,TRUE
23.07.2024,measurements,TRUE
24.07.2024,measurements,TRUE
24.07.2024,measurements,TRUE
24.07.2024,measurements,TRUE
24.07.2024,measurements,TRUE
24.07.2024,measurements,TRUE
24.07.2024,measurements,TRUE
24.07.2024,measurements,TRUE
24.07.2024,measurements,TRUE
25.07.2024,measurements,TRUE
26.07.2024,measurements,TRUE
26.07.2024,measurements,TRUE
26.07.2024,measurements,TRUE
26.07.2024,measurements,TRUE
26.07.2024,measurements,TRUE
30.07.2024,measurements,TRUE
30.07.2024,measurements,TRUE
30.07.2024,measurements,TRUE
30.07.2024,measurements,TRUE
30.07.2024,measurements,TRUE
06.08.2024,measurements,TRUE
06.08.2024,measurements,TRUE
12.08.2024,measurements,TRUE
12.08.2024,measurements,TRUE
12.08.2024,measurements,TRUE
12.08.2024,measurements,TRUE
13.08.2024,measurements,TRUE
13.08.2024,measurements,TRUE
13.08.2024,measurements,TRUE
13.08.2024,measurements,TRUE
14.08.2024,measurements,TRUE
14.08.2024,measurements,TRUE
14.08.2024,measurements,TRUE
19.08.2024,measurements,TRUE
24.08.2024,measurements,TRUE
28.08.2024,measurements,TRUE
28.08.2024,measurements,TRUE
28.08.2024,measurements,TRUE
28.08.2024,measurements,TRUE
28.08.2024,measurements,TRUE
28.08.2024,measurements,TRUE
28.08.2024,measurements,TRUE
28.08.2024,measurements,TRUE
29.08.2024,measurements,TRUE
29.08.2024,measurements,TRUE
29.08.2024,measurements,TRUE
29.08.2024,measurements,TRUE
29.08.2024,measurements,TRUE
29.08.2024,measurements,TRUE
29.08.2024,measurements,TRUE
29.08.2024,measurements,TRUE
29.08.2024,measurements,TRUE
29.08.2024,measurements,TRUE
03.09.2024,measurements,TRUE
03.09.2024,measurements,TRUE
05.09.2024,measurements,TRUE
05.09.2024,measurements,TRUE
05.09.2024,measurements,TRUE
09.09.2024,measurements,TRUE
09.09.2024,measurements,TRUE
10.09.2024,measurements,TRUE
10.09.2024,measurements,TRUE
10.09.2024,measurements,TRUE
12.09.2024,measurements,TRUE
07.10.2024,measurements,TRUE
08.10.2024,measurements,TRUE
09.10.2024,measurements,TRUE
10.10.2024,measurements,TRUE
30.10.2024,measurements,TRUE
19.11.2024,measurements,TRUE
26.11.2024,measurements,TRUE
26.11.2024,measurements,TRUE
02.12.2024,measurements,TRUE
16.12.2024,measurements,TRUE
23.12.2024,measurements,TRUE
08.01.2025,measurements,TRUE
10.01.2025,measurements,TRUE
30.01.2025,measurements,TRUE
03.02.2025,measurements,TRUE
04.02.2025,measurements,TRUE
18.02.2025,measurements,TRUE
19.02.2025,measurements,TRUE
07.03.2025,measurements,TRUE
10.03.2025,measurements,TRUE
11.03.2025,measurements,TRUE
11.03.2025,measurements,TRUE
31.03.2025,measurements,TRUE
03.04.2025,measurements,TRUE
03.04.2025,measurements,TRUE
09.05.2025,measurements,TRUE
16.05.2025,measurements,TRUE
26.05.2025,measurements,TRUE
04.06.2025,measurements,TRUE
05.06.2025,measurements,TRUE
17.06.2025,measurements,TRUE
17.06.2025,measurements,TRUE
17.06.2025,measurements,TRUE
04.07.2025,measurements,TRUE
08.07.2025,measurements,TRUE
11.07.2025,measurements,TRUE
16.07.2025,measurements,TRUE
16.07.2025,measurements,TRUE
16.07.2025,measurements,TRUE
16.07.2025,measurements,TRUE
30.07.2025,measurements,TRUE
31.07.2025,measurements,TRUE
04.08.2025,measurements,TRUE
06.08.2025,measurements,TRUE
20.08.2025,measurements,TRUE
20.08.2025,measurements,TRUE
20.08.2025,measurements,TRUE
20.08.2025,measurements,TRUE
20.08.2025,measurements,TRUE
20.08.2025,measurements,TRUE
21.08.2025,measurements,TRUE
26.08.2025,measurements,TRUE
27.08.2025,measurements,TRUE
19.09.2025,measurements,TRUE
22.09.2025,measurements,TRUE
23.09.2025,measurements,TRUE
29.09.2025,measurements,TRUE
29.09.2025,measurements,TRUE
13.10.2025,measurements,TRUE
17.10.2025,measurements,TRUE
28.10.2025,measurements,TRUE
29.10.2025,measurements,TRUE
31.10.2025,measurements,TRUE
04.11.2025,measurements,TRUE
24.11.2025,measurements,TRUE
27.11.2025,measurements,TRUE
27.11.2025,measurements,TRUE
05.12.2025,measurements,TRUE
10.12.2025,measurements,TRUE
10.12.2025,measurements,TRUE
07.01.2026,measurements,TRUE
07.01.2026,measurements,TRUE
13.01.2026,measurements,TRUE
13.01.2026,measurements,TRUE
26.01.2026,measurements,TRUE
02.02.2026,measurements,TRUE
05.02.2026,measurements,TRUE
20.02.2026,measurements,TRUE
02.03.2026,measurements,TRUE
05.03.2026,measurements,TRUE
05.03.2026,measurements,TRUE
05.03.2026,measurements,TRUE
09.03.2026,measurements,TRUE
17.03.2026,measurements,TRUE
19.03.2026,measurements,TRUE
23.03.2026,measurements,TRUE
02.04.2026,measurements,TRUE
02.04.2026,measurements,TRUE
08.04.2026,measurements,TRUE
10.04.2026,measurements,TRUE
17.04.2026,measurements,TRUE
17.04.2026,measurements,TRUE
17.04.2026,measurements,TRUE
20.04.2026,measurements,TRUE
21.04.2026,measurements,TRUE
23.04.2026,measurements,TRUE
23.04.2026,measurements,TRUE
04.05.2026,measurements,TRUE
13.05.2026,measurements,TRUE
13.05.2026,measurements,TRUE
13.05.2026,measurements,TRUE
22.05.2026,measurements,TRUE
02.06.2026,measurements,TRUE
10.06.2026,measurements,TRUE
10.06.2026,measurements,TRUE
19.06.2026,measurements,TRUE
25.06.2026,measurements,TRUE
30.06.2026,measurements,TRUE
06.07.2026,measurements,TRUE
07.07.2026,measurements,TRUE
08.07.2026,measurements,TRUE
08.07.2026,measurements,TRUE
13.07.2026,measurements,TRUE
14.07.2026,measurements,TRUE
16.07.2026,measurements,TRUE
27.07.2026,measurements,TRUE
29.07.2026,measurements,TRUE
05.08.2026,measurements,TRUE
10.08.2026,measurements,TRUE
10.08.2026,measurements,TRUE
11.08.2026,measurements,TRUE
14.08.2026,measurements,TRUE
19.08.2026,measurements,TRUE
19.08.2026,measurements,TRUE
20.08.2026,measurements,TRUE
24.08.2026,measurements,TRUE
27.08.2026,measurements,TRUE
30.01.2024,metrics-adapter,TRUE
14.10.2024,metrics-adapter,TRUE
08.11.2024,metrics-adapter,TRUE
04.08.2025,metrics-adapter,TRUE
07.10.2025,metrics-adapter,TRUE
14.10.2025,metrics-adapter,TRUE
14.10.2025,metrics-adapter,TRUE
06.11.2025,metrics-adapter,TRUE
12.12.2025,metrics-adapter,TRUE
24.04.2026,metrics-adapter,TRUE
30.01.2025,ml-flow,TRUE
13.02.2025,ml-flow,TRUE
13.02.2025,ml-flow,TRUE
13.02.2025,ml-flow,TRUE
14.02.2025,ml-flow,TRUE
06.03.2025,ml-flow,TRUE
07.03.2025,ml-flow,TRUE
10.04.2025,ml-flow,TRUE
10.04.2025,ml-flow,TRUE
28.04.2025,ml-flow,TRUE
07.05.2025,ml-flow,TRUE
10.06.2025,ml-flow,TRUE
03.07.2025,ml-flow,TRUE
08.09.2025,ml-flow,TRUE
30.09.2025,ml-flow,TRUE
20.01.2026,ml-flow,TRUE
26.01.2026,ml-flow,TRUE
05.02.2026,ml-flow,TRUE
06.02.2026,ml-flow,TRUE
03.03.2026,ml-flow,TRUE
12.03.2026,ml-flow,TRUE
01.06.2026,ml-flow,TRUE
13.07.2026,ml-flow,TRUE
24.01.2024,mobile-api-netpulse,TRUE
29.01.2024,mobile-api-netpulse,TRUE
04.03.2024,mobile-api-netpulse,TRUE
05.03.2024,mobile-api-netpulse,TRUE
15.04.2024,mobile-api-netpulse,TRUE
18.04.2024,mobile-api-netpulse,TRUE
29.04.2024,mobile-api-netpulse,TRUE
08.05.2024,mobile-api-netpulse,TRUE
08.05.2024,mobile-api-netpulse,TRUE
15.05.2024,mobile-api-netpulse,TRUE
22.05.2024,mobile-api-netpulse,TRUE
23.05.2024,mobile-api-netpulse,TRUE
19.06.2024,mobile-api-netpulse,TRUE
19.08.2024,mobile-api-netpulse,TRUE
20.08.2024,mobile-api-netpulse,TRUE
18.09.2024,mobile-api-netpulse,TRUE
18.09.2024,mobile-api-netpulse,TRUE
09.10.2024,mobile-api-netpulse,TRUE
03.12.2024,mobile-api-netpulse,TRUE
18.12.2024,mobile-api-netpulse,TRUE
08.01.2025,mobile-api-netpulse,TRUE
09.01.2025,mobile-api-netpulse,TRUE
12.02.2025,mobile-api-netpulse,TRUE
18.02.2025,mobile-api-netpulse,TRUE
07.03.2025,mobile-api-netpulse,TRUE
12.03.2025,mobile-api-netpulse,TRUE
13.03.2025,mobile-api-netpulse,TRUE
13.03.2025,mobile-api-netpulse,TRUE
14.03.2025,mobile-api-netpulse,TRUE
14.03.2025,mobile-api-netpulse,TRUE
16.04.2025,mobile-api-netpulse,TRUE
20.05.2025,mobile-api-netpulse,TRUE
21.05.2025,mobile-api-netpulse,TRUE
22.05.2025,mobile-api-netpulse,TRUE
16.06.2025,mobile-api-netpulse,TRUE
02.07.2025,mobile-api-netpulse,TRUE
03.07.2025,mobile-api-netpulse,TRUE
17.07.2025,mobile-api-netpulse,TRUE
23.07.2025,mobile-api-netpulse,TRUE
28.07.2025,mobile-api-netpulse,TRUE
28.07.2025,mobile-api-netpulse,TRUE
28.07.2025,mobile-api-netpulse,TRUE
28.07.2025,mobile-api-netpulse,TRUE
29.07.2025,mobile-api-netpulse,TRUE
11.08.2025,mobile-api-netpulse,TRUE
11.08.2025,mobile-api-netpulse,TRUE
15.08.2025,mobile-api-netpulse,TRUE
15.08.2025,mobile-api-netpulse,TRUE
20.08.2025,mobile-api-netpulse,TRUE
29.08.2025,mobile-api-netpulse,TRUE
01.09.2025,mobile-api-netpulse,TRUE
01.09.2025,mobile-api-netpulse,TRUE
02.09.2025,mobile-api-netpulse,TRUE
02.09.2025,mobile-api-netpulse,TRUE
02.09.2025,mobile-api-netpulse,TRUE
05.09.2025,mobile-api-netpulse,TRUE
23.09.2025,mobile-api-netpulse,TRUE
23.09.2025,mobile-api,TRUE
23.09.2025,mobile-api,TRUE
23.09.2025,mobile-api,TRUE
29.09.2025,mobile-api,TRUE
07.10.2025,mobile-api,TRUE
07.10.2025,mobile-api,TRUE
21.10.2025,mobile-api,TRUE
22.10.2025,mobile-api,TRUE
22.10.2025,mobile-api,TRUE
11.11.2025,mobile-api,TRUE
24.11.2025,mobile-api,TRUE
08.12.2025,mobile-api,TRUE
08.12.2025,mobile-api,TRUE
09.12.2025,mobile-api,TRUE
11.12.2025,mobile-api,TRUE
15.12.2025,mobile-api,TRUE
22.12.2025,mobile-api,TRUE
06.01.2026,mobile-api,TRUE
06.01.2026,mobile-api,TRUE
07.01.2026,mobile-api,TRUE
12.01.2026,mobile-api,TRUE
19.01.2026,mobile-api,TRUE
30.01.2026,mobile-api,TRUE
04.02.2026,mobile-api,TRUE
09.02.2026,mobile-api,TRUE
09.02.2026,mobile-api,TRUE
10.02.2026,mobile-api,TRUE
11.02.2026,mobile-api,TRUE
11.02.2026,mobile-api,TRUE
16.02.2026,mobile-api,TRUE
16.02.2026,mobile-api,TRUE
17.02.2026,mobile-api,TRUE
18.02.2026,mobile-api,TRUE
18.02.2026,mobile-api,TRUE
19.02.2026,mobile-api,TRUE
23.02.2026,mobile-api,TRUE
25.02.2026,mobile-api,TRUE
26.02.2026,mobile-api,TRUE
26.02.2026,mobile-api,TRUE
26.02.2026,mobile-api,TRUE
26.02.2026,mobile-api,TRUE
26.02.2026,mobile-api,TRUE
26.02.2026,mobile-api,TRUE
02.03.2026,mobile-api,TRUE
04.03.2026,mobile-api,TRUE
04.03.2026,mobile-api,TRUE
04.03.2026,mobile-api,TRUE
04.03.2026,mobile-api,TRUE
04.03.2026,mobile-api,TRUE
04.03.2026,mobile-api,TRUE
04.03.2026,mobile-api,TRUE
05.03.2026,mobile-api,TRUE
25.03.2026,mobile-api,TRUE
02.04.2026,mobile-api,TRUE
14.04.2026,mobile-api,TRUE
16.04.2026,mobile-api,TRUE
22.04.2026,mobile-api,TRUE
28.04.2026,mobile-api,TRUE
28.04.2026,mobile-api,TRUE
29.04.2026,mobile-api,TRUE
30.04.2026,mobile-api,TRUE
30.04.2026,mobile-api,TRUE
30.04.2026,mobile-api,TRUE
04.05.2026,mobile-api,TRUE
05.05.2026,mobile-api,TRUE
05.05.2026,mobile-api,TRUE
05.05.2026,mobile-api,TRUE
07.05.2026,mobile-api,TRUE
27.05.2026,mobile-api,TRUE
01.06.2026,mobile-api,TRUE
08.06.2026,mobile-api,TRUE
08.06.2026,mobile-api,TRUE
09.06.2026,mobile-api,TRUE
10.06.2026,mobile-api,TRUE
11.06.2026,mobile-api,TRUE
12.06.2026,mobile-api,TRUE
15.06.2026,mobile-api,TRUE
16.06.2026,mobile-api,TRUE
16.06.2026,mobile-api,TRUE
17.06.2026,mobile-api,TRUE
24.06.2026,mobile-api,TRUE
26.06.2026,mobile-api,TRUE
26.06.2026,mobile-api,TRUE
29.06.2026,mobile-api,TRUE
01.07.2026,mobile-api,TRUE
02.07.2026,mobile-api,TRUE
07.07.2026,mobile-api,TRUE
10.07.2026,mobile-api,TRUE
14.07.2026,mobile-api,TRUE
14.07.2026,mobile-api,TRUE
14.07.2026,mobile-api,TRUE
27.07.2026,mobile-api,TRUE
27.07.2026,mobile-api,TRUE
27.07.2026,mobile-api,TRUE
28.07.2026,mobile-api,TRUE
30.07.2026,mobile-api,TRUE
31.07.2026,mobile-api,TRUE
17.08.2026,mobile-api,TRUE
18.08.2026,mobile-api,TRUE
24.08.2026,mobile-api,TRUE
27.08.2026,mobile-api,TRUE
27.08.2026,mobile-api,TRUE
28.08.2026,mobile-api,TRUE
28.08.2026,mobile-api,TRUE
11.01.2024,mobile-trainer-api,TRUE
16.01.2024,mobile-trainer-api,TRUE
24.01.2024,mobile-trainer-api,TRUE
05.02.2024,mobile-trainer-api,TRUE
05.02.2024,mobile-trainer-api,TRUE
15.02.2024,mobile-trainer-api,TRUE
15.02.2024,mobile-trainer-api,TRUE
23.02.2024,mobile-trainer-api,TRUE
04.03.2024,mobile-trainer-api,TRUE
05.03.2024,mobile-trainer-api,TRUE
05.03.2024,mobile-trainer-api,TRUE
06.03.2024,mobile-trainer-api,TRUE
27.03.2024,mobile-trainer-api,TRUE
03.04.2024,mobile-trainer-api,TRUE
09.04.2024,mobile-trainer-api,TRUE
11.04.2024,mobile-trainer-api,TRUE
17.04.2024,mobile-trainer-api,TRUE
17.04.2024,mobile-trainer-api,TRUE
30.04.2024,mobile-trainer-api,TRUE
30.04.2024,mobile-trainer-api,TRUE
07.05.2024,mobile-trainer-api,TRUE
14.05.2024,mobile-trainer-api,TRUE
14.05.2024,mobile-trainer-api,TRUE
16.05.2024,mobile-trainer-api,FALSE
27.05.2024,mobile-trainer-api,TRUE
30.05.2024,mobile-trainer-api,FALSE
05.06.2024,mobile-trainer-api,TRUE
17.06.2024,mobile-trainer-api,TRUE
01.07.2024,mobile-trainer-api,TRUE
01.07.2024,mobile-trainer-api,TRUE
16.07.2024,mobile-trainer-api,TRUE
30.07.2024,mobile-trainer-api,TRUE
30.07.2024,mobile-trainer-api,TRUE
31.07.2024,mobile-trainer-api,TRUE
06.08.2024,mobile-trainer-api,TRUE
13.08.2024,mobile-trainer-api,TRUE
19.08.2024,mobile-trainer-api,FALSE
22.08.2024,mobile-trainer-api,TRUE
04.09.2024,mobile-trainer-api,TRUE
05.09.2024,mobile-trainer-api,TRUE
05.09.2024,mobile-trainer-api,TRUE
26.09.2024,mobile-trainer-api,TRUE
26.09.2024,mobile-trainer-api,TRUE
08.10.2024,mobile-trainer-api,TRUE
08.10.2024,mobile-trainer-api,TRUE
13.11.2024,mobile-trainer-api,TRUE
14.11.2024,mobile-trainer-api,TRUE
10.12.2024,mobile-trainer-api,TRUE
19.12.2024,mobile-trainer-api,TRUE
06.01.2025,mobile-trainer-api,TRUE
09.01.2025,mobile-trainer-api,TRUE
14.01.2025,mobile-trainer-api,TRUE
21.01.2025,mobile-trainer-api,TRUE
22.01.2025,mobile-trainer-api,TRUE
03.02.2025,mobile-trainer-api,TRUE
03.02.2025,mobile-trainer-api,TRUE
10.02.2025,mobile-trainer-api,TRUE
24.02.2025,mobile-trainer-api,TRUE
14.04.2025,mobile-trainer-api,TRUE
22.04.2025,mobile-trainer-api,TRUE
28.04.2025,mobile-trainer-api,TRUE
13.05.2025,mobile-trainer-api,TRUE
20.05.2025,mobile-trainer-api,TRUE
26.06.2025,mobile-trainer-api,TRUE
16.07.2025,mobile-trainer-api,TRUE
17.07.2025,mobile-trainer-api,TRUE
21.07.2025,mobile-trainer-api,TRUE
28.07.2025,mobile-trainer-api,TRUE
04.08.2025,mobile-trainer-api,TRUE
12.08.2025,mobile-trainer-api,TRUE
25.08.2025,mobile-trainer-api,TRUE
10.09.2025,mobile-trainer-api,TRUE
11.09.2025,mobile-trainer-api,TRUE
16.09.2025,mobile-trainer-api,TRUE
18.09.2025,mobile-trainer-api,TRUE
25.09.2025,mobile-trainer-api,TRUE
08.10.2025,mobile-trainer-api,TRUE
13.10.2025,mobile-trainer-api,TRUE
15.10.2025,mobile-trainer-api,TRUE
21.10.2025,mobile-trainer-api,TRUE
22.10.2025,mobile-trainer-api,TRUE
23.10.2025,mobile-trainer-api,TRUE
27.10.2025,mobile-trainer-api,TRUE
04.11.2025,mobile-trainer-api,TRUE
06.11.2025,mobile-trainer-api,TRUE
11.11.2025,mobile-trainer-api,TRUE
12.11.2025,mobile-trainer-api,TRUE
18.11.2025,mobile-trainer-api,TRUE
19.11.2025,mobile-trainer-api,TRUE
20.11.2025,mobile-trainer-api,TRUE
25.11.2025,mobile-trainer-api,TRUE
04.12.2025,mobile-trainer-api,TRUE
10.12.2025,mobile-trainer-api,TRUE
17.12.2025,mobile-trainer-api,TRUE
14.01.2026,mobile-trainer-api,TRUE
20.01.2026,mobile-trainer-api,TRUE
02.02.2026,mobile-trainer-api,TRUE
05.02.2026,mobile-trainer-api,TRUE
09.02.2026,mobile-trainer-api,TRUE
10.02.2026,mobile-trainer-api,TRUE
12.02.2026,mobile-trainer-api,TRUE
19.02.2026,mobile-trainer-api,TRUE
25.02.2026,mobile-trainer-api,TRUE
26.02.2026,mobile-trainer-api,TRUE
27.02.2026,mobile-trainer-api,TRUE
27.02.2026,mobile-trainer-api,TRUE
04.03.2026,mobile-trainer-api,TRUE
04.03.2026,mobile-trainer-api,TRUE
05.03.2026,mobile-trainer-api,TRUE
10.03.2026,mobile-trainer-api,TRUE
11.03.2026,mobile-trainer-api,TRUE
17.03.2026,mobile-trainer-api,TRUE
19.03.2026,mobile-trainer-api,TRUE
24.03.2026,mobile-trainer-api,TRUE
25.03.2026,mobile-trainer-api,TRUE
02.04.2026,mobile-trainer-api,TRUE
02.04.2026,mobile-trainer-api,FALSE
07.04.2026,mobile-trainer-api,TRUE
07.04.2026,mobile-trainer-api,TRUE
09.04.2026,mobile-trainer-api,TRUE
20.04.2026,mobile-trainer-api,TRUE
05.05.2026,mobile-trainer-api,TRUE
18.05.2026,mobile-trainer-api,FALSE
20.05.2026,mobile-trainer-api,TRUE
21.05.2026,mobile-trainer-api,TRUE
27.05.2026,mobile-trainer-api,TRUE
01.06.2026,mobile-trainer-api,TRUE
01.06.2026,mobile-trainer-api,TRUE
02.06.2026,mobile-trainer-api,TRUE
10.06.2026,mobile-trainer-api,TRUE
15.06.2026,mobile-trainer-api,TRUE
16.06.2026,mobile-trainer-api,TRUE
17.06.2026,mobile-trainer-api,TRUE
19.06.2026,mobile-trainer-api,TRUE
23.06.2026,mobile-trainer-api,TRUE
25.06.2026,mobile-trainer-api,TRUE
29.06.2026,mobile-trainer-api,TRUE
01.07.2026,mobile-trainer-api,TRUE
02.07.2026,mobile-trainer-api,TRUE
08.07.2026,mobile-trainer-api,TRUE
22.07.2026,mobile-trainer-api,TRUE
27.07.2026,mobile-trainer-api,TRUE
28.07.2026,mobile-trainer-api,TRUE
30.07.2026,mobile-trainer-api,TRUE
05.08.2026,mobile-trainer-api,TRUE
12.08.2026,mobile-trainer-api,TRUE
12.08.2026,mobile-trainer-api,FALSE
13.08.2026,mobile-trainer-api,TRUE
20.08.2026,mobile-trainer-api,TRUE
11.01.2024,mobile-update-check,TRUE
19.12.2024,mobile-update-check,TRUE
13.01.2025,mobile-update-check,TRUE
10.02.2025,mobile-update-check,TRUE
28.04.2025,mobile-update-check,TRUE
18.08.2025,mobile-update-check,TRUE
16.09.2025,mobile-update-check,TRUE
27.10.2025,mobile-update-check,TRUE
25.11.2025,mobile-update-check,TRUE
13.01.2026,mobile-update-check,TRUE
26.01.2026,mobile-update-check,TRUE
09.02.2026,mobile-update-check,TRUE
18.02.2026,mobile-update-check,TRUE
05.03.2026,mobile-update-check,TRUE
24.03.2026,mobile-update-check,TRUE
25.03.2026,mobile-update-check,TRUE
20.04.2026,mobile-update-check,TRUE
25.06.2026,mobile-update-check,TRUE
22.07.2026,mobile-update-check,TRUE
13.08.2026,mobile-update-check,TRUE
03.01.2024,monolith-image-proxy,TRUE
12.01.2024,monolith-image-proxy,TRUE
25.03.2024,monolith-image-proxy,TRUE
14.05.2024,monolith-image-proxy,TRUE
04.07.2024,monolith-image-proxy,TRUE
18.12.2024,monolith-image-proxy,TRUE
23.12.2024,monolith-image-proxy,TRUE
31.03.2025,monolith-image-proxy,TRUE
17.07.2025,monolith-image-proxy,TRUE
22.08.2025,monolith-image-proxy,TRUE
10.02.2026,monolith-image-proxy,TRUE
09.03.2026,monolith-image-proxy,TRUE
25.03.2026,monolith-image-proxy,TRUE
14.04.2026,monolith-image-proxy,TRUE
02.04.2024,mwa-api-workout-streak,TRUE
20.05.2025,mwa-api-workout-streak,TRUE
08.07.2025,mwa-api-workout-streak,TRUE
24.07.2025,mwa-api-workout-streak,TRUE
30.12.2025,mwa-api-workout-streak,TRUE
11.02.2026,mwa-api-workout-streak,TRUE
19.02.2026,mwa-api-workout-streak,TRUE
25.02.2026,mwa-api-workout-streak,TRUE
27.02.2026,mwa-api-workout-streak,TRUE
14.03.2026,mwa-api-workout-streak,TRUE
26.03.2026,mwa-api-workout-streak,TRUE
14.04.2026,mwa-api-workout-streak,TRUE
29.04.2026,mwa-api-workout-streak,TRUE
19.05.2026,mwa-api-workout-streak,TRUE
01.06.2026,mwa-api-workout-streak,TRUE
22.06.2026,mwa-api-workout-streak,TRUE
22.06.2026,mwa-api-workout-streak,TRUE
23.06.2026,mwa-api-workout-streak,TRUE
01.08.2026,mwa-api-workout-streak,TRUE
02.01.2024,mwa-api,TRUE
02.01.2024,mwa-api,TRUE
03.01.2024,mwa-api,TRUE
03.01.2024,mwa-api,TRUE
04.01.2024,mwa-api,TRUE
16.01.2024,mwa-api,TRUE
22.01.2024,mwa-api,TRUE
30.01.2024,mwa-api,TRUE
31.01.2024,mwa-api,TRUE
06.02.2024,mwa-api,TRUE
12.02.2024,mwa-api,TRUE
19.02.2024,mwa-api,TRUE
22.02.2024,mwa-api,TRUE
22.02.2024,mwa-api,TRUE
23.02.2024,mwa-api,TRUE
26.02.2024,mwa-api,TRUE
04.03.2024,mwa-api,TRUE
20.03.2024,mwa-api,TRUE
21.03.2024,mwa-api,TRUE
27.03.2024,mwa-api,TRUE
03.04.2024,mwa-api,TRUE
08.04.2024,mwa-api,TRUE
09.04.2024,mwa-api,TRUE
10.04.2024,mwa-api,TRUE
23.04.2024,mwa-api,TRUE
24.04.2024,mwa-api,TRUE
24.04.2024,mwa-api,TRUE
09.05.2024,mwa-api,TRUE
16.05.2024,mwa-api,TRUE
16.05.2024,mwa-api,TRUE
17.05.2024,mwa-api,TRUE
29.05.2024,mwa-api,TRUE
10.06.2024,mwa-api,TRUE
17.06.2024,mwa-api,TRUE
18.06.2024,mwa-api,TRUE
18.06.2024,mwa-api,TRUE
18.06.2024,mwa-api,TRUE
25.06.2024,mwa-api,TRUE
05.07.2024,mwa-api,TRUE
09.07.2024,mwa-api,TRUE
25.07.2024,mwa-api,TRUE
29.07.2024,mwa-api,TRUE
31.07.2024,mwa-api,TRUE
07.08.2024,mwa-api,TRUE
07.08.2024,mwa-api,TRUE
21.08.2024,mwa-api,TRUE
27.08.2024,mwa-api,TRUE
27.08.2024,mwa-api,TRUE
03.09.2024,mwa-api,TRUE
04.09.2024,mwa-api,TRUE
04.09.2024,mwa-api,TRUE
05.09.2024,mwa-api,TRUE
09.09.2024,mwa-api,TRUE
12.09.2024,mwa-api,TRUE
17.09.2024,mwa-api,TRUE
02.10.2024,mwa-api,TRUE
02.10.2024,mwa-api,TRUE
17.10.2024,mwa-api,TRUE
22.10.2024,mwa-api,TRUE
29.10.2024,mwa-api,TRUE
07.11.2024,mwa-api,TRUE
08.11.2024,mwa-api,TRUE
08.11.2024,mwa-api,TRUE
11.11.2024,mwa-api,TRUE
11.11.2024,mwa-api,TRUE
14.11.2024,mwa-api,TRUE
18.11.2024,mwa-api,TRUE
20.11.2024,mwa-api,TRUE
28.11.2024,mwa-api,TRUE
02.12.2024,mwa-api,TRUE
03.12.2024,mwa-api,TRUE
20.12.2024,mwa-api,TRUE
06.01.2025,mwa-api,TRUE
09.01.2025,mwa-api,TRUE
14.01.2025,mwa-api,TRUE
14.01.2025,mwa-api,TRUE
17.01.2025,mwa-api,TRUE
22.01.2025,mwa-api,TRUE
29.01.2025,mwa-api,TRUE
03.02.2025,mwa-api,TRUE
05.02.2025,mwa-api,TRUE
17.02.2025,mwa-api,TRUE
24.02.2025,mwa-api,TRUE
27.02.2025,mwa-api,TRUE
07.03.2025,mwa-api,TRUE
07.03.2025,mwa-api,TRUE
11.03.2025,mwa-api,TRUE
19.03.2025,mwa-api,TRUE
27.03.2025,mwa-api,TRUE
28.03.2025,mwa-api,TRUE
03.04.2025,mwa-api,TRUE
07.04.2025,mwa-api,TRUE
09.04.2025,mwa-api,TRUE
16.04.2025,mwa-api,TRUE
28.04.2025,mwa-api,TRUE
04.05.2025,mwa-api,TRUE
06.05.2025,mwa-api,TRUE
12.05.2025,mwa-api,TRUE
14.05.2025,mwa-api,TRUE
19.05.2025,mwa-api,TRUE
16.06.2025,mwa-api,TRUE
16.06.2025,mwa-api,TRUE
16.06.2025,mwa-api,TRUE
18.06.2025,mwa-api,TRUE
23.06.2025,mwa-api,TRUE
11.07.2025,mwa-api,TRUE
14.07.2025,mwa-api,TRUE
14.07.2025,mwa-api,TRUE
16.07.2025,mwa-api,TRUE
23.07.2025,mwa-api,TRUE
24.07.2025,mwa-api,TRUE
24.07.2025,mwa-api,TRUE
24.07.2025,mwa-api,TRUE
25.07.2025,mwa-api,TRUE
30.07.2025,mwa-api,TRUE
30.07.2025,mwa-api,TRUE
31.07.2025,mwa-api,TRUE
05.08.2025,mwa-api,TRUE
06.08.2025,mwa-api,TRUE
08.08.2025,mwa-api,TRUE
11.08.2025,mwa-api,TRUE
11.08.2025,mwa-api,TRUE
12.08.2025,mwa-api,TRUE
13.08.2025,mwa-api,TRUE
13.08.2025,mwa-api,TRUE
15.08.2025,mwa-api,TRUE
15.08.2025,mwa-api,TRUE
18.08.2025,mwa-api,TRUE
19.08.2025,mwa-api,TRUE
20.08.2025,mwa-api,TRUE
20.08.2025,mwa-api,TRUE
26.08.2025,mwa-api,TRUE
27.08.2025,mwa-api,TRUE
27.08.2025,mwa-api,TRUE
28.08.2025,mwa-api,TRUE
29.08.2025,mwa-api,TRUE
01.09.2025,mwa-api,TRUE
04.09.2025,mwa-api,TRUE
05.09.2025,mwa-api,TRUE
09.09.2025,mwa-api,TRUE
10.09.2025,mwa-api,TRUE
11.09.2025,mwa-api,TRUE
17.09.2025,mwa-api,TRUE
17.09.2025,mwa-api,TRUE
24.09.2025,mwa-api,TRUE
24.09.2025,mwa-api,TRUE
25.09.2025,mwa-api,TRUE
25.09.2025,mwa-api,TRUE
25.09.2025,mwa-api,TRUE
25.09.2025,mwa-api,TRUE
26.09.2025,mwa-api,TRUE
26.09.2025,mwa-api,TRUE
02.10.2025,mwa-api,TRUE
02.10.2025,mwa-api,TRUE
02.10.2025,mwa-api,TRUE
02.10.2025,mwa-api,TRUE
03.10.2025,mwa-api,TRUE
03.10.2025,mwa-api,TRUE
06.10.2025,mwa-api,TRUE
06.10.2025,mwa-api,TRUE
07.10.2025,mwa-api,TRUE
17.10.2025,mwa-api,TRUE
22.10.2025,mwa-api,TRUE
23.10.2025,mwa-api,TRUE
28.10.2025,mwa-api,TRUE
03.11.2025,mwa-api,TRUE
05.11.2025,mwa-api,TRUE
06.11.2025,mwa-api,TRUE
06.11.2025,mwa-api,TRUE
13.11.2025,mwa-api,TRUE
14.11.2025,mwa-api,TRUE
21.11.2025,mwa-api,TRUE
25.11.2025,mwa-api,TRUE
25.11.2025,mwa-api,TRUE
26.11.2025,mwa-api,TRUE
03.12.2025,mwa-api,TRUE
03.12.2025,mwa-api,TRUE
08.12.2025,mwa-api,TRUE
08.12.2025,mwa-api,TRUE
09.12.2025,mwa-api,TRUE
15.12.2025,mwa-api,TRUE
16.12.2025,mwa-api,TRUE
17.12.2025,mwa-api,TRUE
18.12.2025,mwa-api,TRUE
19.12.2025,mwa-api,TRUE
23.12.2025,mwa-api,TRUE
06.01.2026,mwa-api,TRUE
06.01.2026,mwa-api,TRUE
07.01.2026,mwa-api,TRUE
08.01.2026,mwa-api,TRUE
09.01.2026,mwa-api,TRUE
12.01.2026,mwa-api,TRUE
15.01.2026,mwa-api,TRUE
16.01.2026,mwa-api,TRUE
19.01.2026,mwa-api,TRUE
20.01.2026,mwa-api,TRUE
21.01.2026,mwa-api,TRUE
22.01.2026,mwa-api,TRUE
11.02.2026,mwa-api,TRUE
11.02.2026,mwa-api,TRUE
12.02.2026,mwa-api,TRUE
12.02.2026,mwa-api,TRUE
12.02.2026,mwa-api,TRUE
13.02.2026,mwa-api,TRUE
20.02.2026,mwa-api,TRUE
23.02.2026,mwa-api,TRUE
25.02.2026,mwa-api,TRUE
26.02.2026,mwa-api,TRUE
26.02.2026,mwa-api,TRUE
26.02.2026,mwa-api,TRUE
26.02.2026,mwa-api,TRUE
27.02.2026,mwa-api,TRUE
04.03.2026,mwa-api,TRUE
04.03.2026,mwa-api,TRUE
06.03.2026,mwa-api,TRUE
09.03.2026,mwa-api,TRUE
09.03.2026,mwa-api,TRUE
10.03.2026,mwa-api,TRUE
10.03.2026,mwa-api,TRUE
16.03.2026,mwa-api,TRUE
16.03.2026,mwa-api,TRUE
16.03.2026,mwa-api,TRUE
19.03.2026,mwa-api,TRUE
19.03.2026,mwa-api,TRUE
23.03.2026,mwa-api,TRUE
24.03.2026,mwa-api,TRUE
25.03.2026,mwa-api,TRUE
27.03.2026,mwa-api,TRUE
31.03.2026,mwa-api,TRUE
01.04.2026,mwa-api,TRUE
01.04.2026,mwa-api,TRUE
07.04.2026,mwa-api,TRUE
14.04.2026,mwa-api,TRUE
15.04.2026,mwa-api,TRUE
16.04.2026,mwa-api,TRUE
20.04.2026,mwa-api,TRUE
20.04.2026,mwa-api,TRUE
22.04.2026,mwa-api,TRUE
23.04.2026,mwa-api,TRUE
28.04.2026,mwa-api,TRUE
29.04.2026,mwa-api,TRUE
06.05.2026,mwa-api,TRUE
11.05.2026,mwa-api,TRUE
12.05.2026,mwa-api,TRUE
14.05.2026,mwa-api,TRUE
15.05.2026,mwa-api,TRUE
19.05.2026,mwa-api,TRUE
19.05.2026,mwa-api,TRUE
20.05.2026,mwa-api,TRUE
26.05.2026,mwa-api,TRUE
27.05.2026,mwa-api,TRUE
29.05.2026,mwa-api,TRUE
01.06.2026,mwa-api,TRUE
04.06.2026,mwa-api,TRUE
08.06.2026,mwa-api,TRUE
09.06.2026,mwa-api,TRUE
10.06.2026,mwa-api,TRUE
11.06.2026,mwa-api,TRUE
11.06.2026,mwa-api,TRUE
15.06.2026,mwa-api,TRUE
23.06.2026,mwa-api,TRUE
24.06.2026,mwa-api,TRUE
25.06.2026,mwa-api,TRUE
26.06.2026,mwa-api,TRUE
26.06.2026,mwa-api,TRUE
30.06.2026,mwa-api,TRUE
30.06.2026,mwa-api,TRUE
01.07.2026,mwa-api,TRUE
02.07.2026,mwa-api,TRUE
02.07.2026,mwa-api,TRUE
08.07.2026,mwa-api,TRUE
08.07.2026,mwa-api,TRUE
08.07.2026,mwa-api,TRUE
09.07.2026,mwa-api,TRUE
10.07.2026,mwa-api,TRUE
10.07.2026,mwa-api,TRUE
13.07.2026,mwa-api,TRUE
13.07.2026,mwa-api,TRUE
15.07.2026,mwa-api,TRUE
20.07.2026,mwa-api,TRUE
21.07.2026,mwa-api,TRUE
21.07.2026,mwa-api,TRUE
23.07.2026,mwa-api,TRUE
27.07.2026,mwa-api,TRUE
03.08.2026,mwa-api,TRUE
04.08.2026,mwa-api,TRUE
06.08.2026,mwa-api,TRUE
07.08.2026,mwa-api,TRUE
12.08.2026,mwa-api,TRUE
13.08.2026,mwa-api,TRUE
14.08.2026,mwa-api,TRUE
17.08.2026,mwa-api,TRUE
18.08.2026,mwa-api,TRUE
19.08.2026,mwa-api,TRUE
20.08.2026,mwa-api,TRUE
20.08.2026,mwa-api,TRUE
25.08.2026,mwa-api,TRUE
26.08.2026,mwa-api,TRUE
26.08.2026,mwa-api,TRUE
26.08.2026,mwa-api,TRUE
27.08.2026,mwa-api,TRUE
28.08.2026,mwa-api,TRUE
02.01.2024,oauth2-proxy,TRUE
02.01.2024,oauth2-proxy,TRUE
02.01.2024,oauth2-proxy,TRUE
05.04.2024,oauth2-proxy,TRUE
09.04.2024,oauth2-proxy,TRUE
09.04.2024,oauth2-proxy,TRUE
09.04.2024,oauth2-proxy,TRUE
11.07.2024,oauth2-proxy,TRUE
11.07.2024,oauth2-proxy,TRUE
11.07.2024,oauth2-proxy,TRUE
16.09.2024,oauth2-proxy,TRUE
16.09.2024,oauth2-proxy,TRUE
16.09.2024,oauth2-proxy,TRUE
13.12.2024,oauth2-proxy,TRUE
13.12.2024,oauth2-proxy,TRUE
13.12.2024,oauth2-proxy,TRUE
18.12.2024,oauth2-proxy,TRUE
18.12.2024,oauth2-proxy,TRUE
18.12.2024,oauth2-proxy,TRUE
30.12.2024,oauth2-proxy,TRUE
30.12.2024,oauth2-proxy,TRUE
30.12.2024,oauth2-proxy,TRUE
29.01.2025,oauth2-proxy,TRUE
29.01.2025,oauth2-proxy,TRUE
29.01.2025,oauth2-proxy,TRUE
13.02.2025,oauth2-proxy,TRUE
13.02.2025,oauth2-proxy,TRUE
13.02.2025,oauth2-proxy,TRUE
13.02.2025,oauth2-proxy,TRUE
13.02.2025,oauth2-proxy,TRUE
13.02.2025,oauth2-proxy,TRUE
09.04.2025,oauth2-proxy,TRUE
09.04.2025,oauth2-proxy,TRUE
09.04.2025,oauth2-proxy,TRUE
29.05.2025,oauth2-proxy,TRUE
29.05.2025,oauth2-proxy,TRUE
29.05.2025,oauth2-proxy,TRUE
11.06.2025,oauth2-proxy,TRUE
11.06.2025,oauth2-proxy,TRUE
11.06.2025,oauth2-proxy,TRUE
30.06.2025,oauth2-proxy,TRUE
30.06.2025,oauth2-proxy,TRUE
30.06.2025,oauth2-proxy,TRUE
14.07.2025,oauth2-proxy,TRUE
14.07.2025,oauth2-proxy,TRUE
14.07.2025,oauth2-proxy,TRUE
15.07.2025,oauth2-proxy,TRUE
15.07.2025,oauth2-proxy,TRUE
15.07.2025,oauth2-proxy,TRUE
03.09.2025,oauth2-proxy,TRUE
03.09.2025,oauth2-proxy,TRUE
03.09.2025,oauth2-proxy,TRUE
07.10.2025,oauth2-proxy,TRUE
07.10.2025,oauth2-proxy,TRUE
07.10.2025,oauth2-proxy,TRUE
09.10.2025,oauth2-proxy,TRUE
09.10.2025,oauth2-proxy,TRUE
09.10.2025,oauth2-proxy,TRUE
06.11.2025,oauth2-proxy,TRUE
06.11.2025,oauth2-proxy,TRUE
14.11.2025,oauth2-proxy,TRUE
14.11.2025,oauth2-proxy,TRUE
28.11.2025,oauth2-proxy,TRUE
28.11.2025,oauth2-proxy,TRUE
02.01.2026,oauth2-proxy,TRUE
02.01.2026,oauth2-proxy,TRUE
05.01.2026,oauth2-proxy,TRUE
05.01.2026,oauth2-proxy,TRUE
12.01.2026,oauth2-proxy,TRUE
12.01.2026,oauth2-proxy,TRUE
28.01.2026,oauth2-proxy,TRUE
28.01.2026,oauth2-proxy,TRUE
17.02.2026,oauth2-proxy,TRUE
17.02.2026,oauth2-proxy,TRUE
18.02.2026,oauth2-proxy,TRUE
18.02.2026,oauth2-proxy,TRUE
16.03.2026,oauth2-proxy,TRUE
16.03.2026,oauth2-proxy,TRUE
04.06.2026,oauth2-proxy,TRUE
04.06.2026,oauth2-proxy,TRUE
23.06.2026,oauth2-proxy,TRUE
23.06.2026,oauth2-proxy,TRUE
02.07.2026,oauth2-proxy,TRUE
02.07.2026,oauth2-proxy,TRUE
08.04.2024,one-account-adm-int,TRUE
24.04.2024,one-account-adm-int,TRUE
24.04.2024,one-account-adm-int,TRUE
03.05.2024,one-account-adm-int,TRUE
06.05.2024,one-account-adm-int,TRUE
06.05.2024,one-account-adm-int,TRUE
07.05.2024,one-account-adm-int,TRUE
22.05.2024,one-account-adm-int,TRUE
23.05.2024,one-account-adm-int,TRUE
28.05.2024,one-account-adm-int,TRUE
23.07.2024,one-account-adm-int,TRUE
13.08.2024,one-account-adm-int,TRUE
14.08.2024,one-account-adm-int,TRUE
21.08.2024,one-account-adm-int,TRUE
26.09.2024,one-account-adm-int,TRUE
30.09.2024,one-account-adm-int,TRUE
30.09.2024,one-account-adm-int,TRUE
01.10.2024,one-account-adm-int,TRUE
01.10.2024,one-account-adm-int,TRUE
25.10.2024,one-account-adm-int,TRUE
25.11.2024,one-account-adm-int,TRUE
04.12.2024,one-account-adm-int,TRUE
04.12.2024,one-account-adm-int,TRUE
11.02.2025,one-account-adm-int,TRUE
19.03.2025,one-account-adm-int,TRUE
09.04.2025,one-account-adm-int,TRUE
10.04.2025,one-account-adm-int,TRUE
29.04.2025,one-account-adm-int,TRUE
27.05.2025,one-account-adm-int,TRUE
26.08.2025,one-account-adm-int,TRUE
10.09.2025,one-account-adm-int,TRUE
10.11.2025,one-account-adm-int,TRUE
19.11.2025,one-account-adm-int,TRUE
16.01.2026,one-account-adm-int,TRUE
16.01.2026,one-account-adm-int,TRUE
09.02.2026,one-account-adm-int,TRUE
17.02.2026,one-account-adm-int,TRUE
19.02.2026,one-account-adm-int,TRUE
31.03.2026,one-account-adm-int,TRUE
29.04.2026,one-account-adm-int,TRUE
29.04.2026,one-account-adm-int,TRUE
29.04.2026,one-account-adm-int,TRUE
06.05.2026,one-account-adm-int,TRUE
06.05.2026,one-account-adm-int,TRUE
17.06.2026,one-account-adm-int,TRUE
17.06.2026,one-account-adm-int,TRUE
23.06.2026,one-account-adm-int,TRUE
29.06.2026,one-account-adm-int,TRUE
27.07.2026,one-account-adm-int,TRUE
31.07.2026,one-account-adm-int,TRUE
03.08.2026,one-account-adm-int,TRUE
04.08.2026,one-account-adm-int,TRUE
05.08.2026,one-account-adm-int,TRUE
12.08.2026,one-account-adm-int,TRUE
31.01.2024,one-mms-service-adm-int,TRUE
31.01.2024,one-mms-service-adm-int,TRUE
31.01.2024,one-mms-service-adm-int,TRUE
05.02.2024,one-mms-service-adm-int,TRUE
01.04.2024,one-mms-service-adm-int,TRUE
18.04.2024,one-mms-service-adm-int,TRUE
18.04.2024,one-mms-service-adm-int,TRUE
31.05.2024,one-mms-service-adm-int,TRUE
11.06.2024,one-mms-service-adm-int,TRUE
25.06.2024,one-mms-service-adm-int,TRUE
27.06.2024,one-mms-service-adm-int,TRUE
02.07.2024,one-mms-service-adm-int,TRUE
21.08.2024,one-mms-service-adm-int,TRUE
29.08.2024,one-mms-service-adm-int,TRUE
03.09.2024,one-mms-service-adm-int,TRUE
10.09.2024,one-mms-service-adm-int,TRUE
23.09.2024,one-mms-service-adm-int,TRUE
02.10.2024,one-mms-service-adm-int,TRUE
07.10.2024,one-mms-service-adm-int,TRUE
08.10.2024,one-mms-service-adm-int,TRUE
13.11.2024,one-mms-service-adm-int,TRUE
04.02.2025,one-mms-service-adm-int,TRUE
06.02.2025,one-mms-service-adm-int,TRUE
18.02.2025,one-mms-service-adm-int,TRUE
14.03.2025,one-mms-service-adm-int,TRUE
25.03.2025,one-mms-service-adm-int,TRUE
25.03.2025,one-mms-service-adm-int,FALSE
27.03.2025,one-mms-service-adm-int,TRUE
16.05.2025,one-mms-service-adm-int,TRUE
24.06.2025,one-mms-service-adm-int,TRUE
30.06.2025,one-mms-service-adm-int,TRUE
30.07.2025,one-mms-service-adm-int,TRUE
03.09.2025,one-mms-service-adm-int,TRUE
22.09.2025,one-mms-service-adm-int,TRUE
23.09.2025,one-mms-service-adm-int,TRUE
15.10.2025,one-mms-service-adm-int,TRUE
30.10.2025,one-mms-service-adm-int,TRUE
20.11.2025,one-mms-service-adm-int,TRUE
20.11.2025,one-mms-service-adm-int,TRUE
27.11.2025,one-mms-service-adm-int,TRUE
01.12.2025,one-mms-service-adm-int,TRUE
09.12.2025,one-mms-service-adm-int,TRUE
09.12.2025,one-mms-service-adm-int,TRUE
22.12.2025,one-mms-service-adm-int,TRUE
02.01.2026,one-mms-service-adm-int,TRUE
07.01.2026,one-mms-service-adm-int,TRUE
19.01.2026,one-mms-service-adm-int,TRUE
20.01.2026,one-mms-service-adm-int,TRUE
09.02.2026,one-mms-service-adm-int,TRUE
17.02.2026,one-mms-service-adm-int,TRUE
19.02.2026,one-mms-service-adm-int,TRUE
05.03.2026,one-mms-service-adm-int,TRUE
10.03.2026,one-mms-service-adm-int,TRUE
10.03.2026,one-mms-service-adm-int,FALSE
10.03.2026,one-mms-service-adm-int,TRUE
11.03.2026,one-mms-service-adm-int,TRUE
12.03.2026,one-mms-service-adm-int,TRUE
18.03.2026,one-mms-service-adm-int,TRUE
08.04.2026,one-mms-service-adm-int,TRUE
14.04.2026,one-mms-service-adm-int,TRUE
22.05.2026,one-mms-service-adm-int,TRUE
08.06.2026,one-mms-service-adm-int,TRUE
07.07.2026,one-mms-service-adm-int,TRUE
07.07.2026,one-mms-service-adm-int,TRUE
14.07.2026,one-mms-service-adm-int,TRUE
03.08.2026,one-mms-service-adm-int,TRUE
04.08.2026,one-mms-service-adm-int,TRUE
05.08.2026,one-mms-service-adm-int,TRUE
12.08.2026,one-mms-service-adm-int,TRUE
17.08.2026,one-mms-service-adm-int,TRUE
17.08.2026,one-mms-service-adm-int,TRUE
19.08.2026,one-mms-service-adm-int,TRUE
20.08.2026,one-mms-service-adm-int,TRUE
28.08.2026,one-mms-service-adm-int,TRUE
05.01.2024,one-mms-service,TRUE
09.01.2024,one-mms-service,TRUE
11.01.2024,one-mms-service,TRUE
15.01.2024,one-mms-service,TRUE
24.01.2024,one-mms-service,TRUE
01.02.2024,one-mms-service,TRUE
02.02.2024,one-mms-service,TRUE
02.02.2024,one-mms-service,TRUE
06.02.2024,one-mms-service,TRUE
06.02.2024,one-mms-service,TRUE
12.02.2024,one-mms-service,TRUE
16.02.2024,one-mms-service,TRUE
16.02.2024,one-mms-service,TRUE
27.02.2024,one-mms-service,TRUE
04.03.2024,one-mms-service,TRUE
11.03.2024,one-mms-service,TRUE
21.03.2024,one-mms-service,TRUE
01.04.2024,one-mms-service,TRUE
16.04.2024,one-mms-service,TRUE
18.04.2024,one-mms-service,TRUE
23.04.2024,one-mms-service,TRUE
25.04.2024,one-mms-service,TRUE
29.04.2024,one-mms-service,TRUE
30.04.2024,one-mms-service,TRUE
14.05.2024,one-mms-service,TRUE
14.05.2024,one-mms-service,FALSE
14.05.2024,one-mms-service,TRUE
14.05.2024,one-mms-service,TRUE
28.05.2024,one-mms-service,TRUE
30.05.2024,one-mms-service,TRUE
31.05.2024,one-mms-service,TRUE
03.06.2024,one-mms-service,TRUE
06.06.2024,one-mms-service,TRUE
07.06.2024,one-mms-service,TRUE
12.06.2024,one-mms-service,TRUE
17.06.2024,one-mms-service,TRUE
25.06.2024,one-mms-service,TRUE
26.06.2024,one-mms-service,TRUE
01.07.2024,one-mms-service,TRUE
01.07.2024,one-mms-service,TRUE
01.07.2024,one-mms-service,TRUE
02.07.2024,one-mms-service,TRUE
04.07.2024,one-mms-service,TRUE
04.07.2024,one-mms-service,TRUE
05.07.2024,one-mms-service,TRUE
05.07.2024,one-mms-service,TRUE
08.07.2024,one-mms-service,TRUE
09.07.2024,one-mms-service,TRUE
09.07.2024,one-mms-service,TRUE
11.07.2024,one-mms-service,TRUE
11.07.2024,one-mms-service,FALSE
22.07.2024,one-mms-service,TRUE
29.07.2024,one-mms-service,TRUE
02.08.2024,one-mms-service,TRUE
08.08.2024,one-mms-service,TRUE
13.08.2024,one-mms-service,TRUE
14.08.2024,one-mms-service,TRUE
15.08.2024,one-mms-service,TRUE
15.08.2024,one-mms-service,FALSE
20.08.2024,one-mms-service,TRUE
22.08.2024,one-mms-service,TRUE
27.08.2024,one-mms-service,TRUE
27.08.2024,one-mms-service,FALSE
28.08.2024,one-mms-service,TRUE
28.08.2024,one-mms-service,TRUE
29.08.2024,one-mms-service,TRUE
03.09.2024,one-mms-service,TRUE
04.09.2024,one-mms-service,TRUE
05.09.2024,one-mms-service,TRUE
05.09.2024,one-mms-service,TRUE
11.09.2024,one-mms-service,TRUE
12.09.2024,one-mms-service,TRUE
17.09.2024,one-mms-service,TRUE
23.09.2024,one-mms-service,TRUE
25.09.2024,one-mms-service,TRUE
02.10.2024,one-mms-service,TRUE
08.10.2024,one-mms-service,TRUE
09.10.2024,one-mms-service,TRUE
17.10.2024,one-mms-service,TRUE
21.10.2024,one-mms-service,TRUE
22.10.2024,one-mms-service,TRUE
22.10.2024,one-mms-service,TRUE
28.10.2024,one-mms-service,TRUE
29.10.2024,one-mms-service,TRUE
04.11.2024,one-mms-service,TRUE
04.11.2024,one-mms-service,FALSE
05.11.2024,one-mms-service,TRUE
13.11.2024,one-mms-service,TRUE
20.11.2024,one-mms-service,TRUE
21.11.2024,one-mms-service,TRUE
26.11.2024,one-mms-service,TRUE
02.12.2024,one-mms-service,TRUE
04.12.2024,one-mms-service,TRUE
06.12.2024,one-mms-service,TRUE
09.12.2024,one-mms-service,TRUE
12.12.2024,one-mms-service,TRUE
13.12.2024,one-mms-service,TRUE
17.12.2024,one-mms-service,TRUE
18.12.2024,one-mms-service,TRUE
18.12.2024,one-mms-service,TRUE
18.12.2024,one-mms-service,FALSE
19.12.2024,one-mms-service,TRUE
19.12.2024,one-mms-service,TRUE
06.01.2025,one-mms-service,TRUE
07.01.2025,one-mms-service,TRUE
15.01.2025,one-mms-service,TRUE
21.01.2025,one-mms-service,TRUE
27.01.2025,one-mms-service,TRUE
28.01.2025,one-mms-service,TRUE
29.01.2025,one-mms-service,TRUE
30.01.2025,one-mms-service,TRUE
01.02.2025,one-mms-service,TRUE
03.02.2025,one-mms-service,TRUE
12.02.2025,one-mms-service,TRUE
19.02.2025,one-mms-service,TRUE
20.02.2025,one-mms-service,TRUE
21.02.2025,one-mms-service,TRUE
24.02.2025,one-mms-service,TRUE
25.02.2025,one-mms-service,TRUE
26.02.2025,one-mms-service,TRUE
28.02.2025,one-mms-service,TRUE
03.03.2025,one-mms-service,TRUE
11.03.2025,one-mms-service,TRUE
11.03.2025,one-mms-service,TRUE
12.03.2025,one-mms-service,TRUE
13.03.2025,one-mms-service,TRUE
14.03.2025,one-mms-service,TRUE
19.03.2025,one-mms-service,TRUE
24.03.2025,one-mms-service,TRUE
25.03.2025,one-mms-service,TRUE
27.03.2025,one-mms-service,TRUE
27.03.2025,one-mms-service,TRUE
02.04.2025,one-mms-service,TRUE
02.04.2025,one-mms-service,TRUE
10.04.2025,one-mms-service,TRUE
11.04.2025,one-mms-service,TRUE
14.04.2025,one-mms-service,TRUE
15.04.2025,one-mms-service,TRUE
18.04.2025,one-mms-service,TRUE
29.04.2025,one-mms-service,TRUE
30.04.2025,one-mms-service,TRUE
02.05.2025,one-mms-service,TRUE
15.05.2025,one-mms-service,TRUE
20.05.2025,one-mms-service,TRUE
21.05.2025,one-mms-service,TRUE
03.06.2025,one-mms-service,TRUE
04.06.2025,one-mms-service,TRUE
11.06.2025,one-mms-service,TRUE
17.06.2025,one-mms-service,TRUE
19.06.2025,one-mms-service,TRUE
24.06.2025,one-mms-service,TRUE
04.07.2025,one-mms-service,TRUE
08.07.2025,one-mms-service,TRUE
16.07.2025,one-mms-service,TRUE
18.07.2025,one-mms-service,TRUE
25.07.2025,one-mms-service,TRUE
30.07.2025,one-mms-service,TRUE
05.08.2025,one-mms-service,TRUE
14.08.2025,one-mms-service,TRUE
18.08.2025,one-mms-service,TRUE
19.08.2025,one-mms-service,TRUE
20.08.2025,one-mms-service,TRUE
21.08.2025,one-mms-service,TRUE
27.08.2025,one-mms-service,TRUE
02.09.2025,one-mms-service,TRUE
03.09.2025,one-mms-service,TRUE
23.09.2025,one-mms-service,TRUE
23.09.2025,one-mms-service,TRUE
25.09.2025,one-mms-service,TRUE
30.09.2025,one-mms-service,TRUE
09.10.2025,one-mms-service,TRUE
14.10.2025,one-mms-service,TRUE
15.10.2025,one-mms-service,TRUE
17.10.2025,one-mms-service,TRUE
30.10.2025,one-mms-service,TRUE
05.11.2025,one-mms-service,TRUE
06.11.2025,one-mms-service,TRUE
10.11.2025,one-mms-service,TRUE
21.11.2025,one-mms-service,TRUE
01.12.2025,one-mms-service,TRUE
01.12.2025,one-mms-service,TRUE
08.12.2025,one-mms-service,TRUE
09.12.2025,one-mms-service,TRUE
10.12.2025,one-mms-service,TRUE
12.12.2025,one-mms-service,TRUE
17.12.2025,one-mms-service,TRUE
22.12.2025,one-mms-service,TRUE
07.01.2026,one-mms-service,TRUE
09.01.2026,one-mms-service,TRUE
12.01.2026,one-mms-service,TRUE
13.01.2026,one-mms-service,TRUE
14.01.2026,one-mms-service,TRUE
19.01.2026,one-mms-service,TRUE
19.01.2026,one-mms-service,TRUE
20.01.2026,one-mms-service,TRUE
22.01.2026,one-mms-service,TRUE
05.02.2026,one-mms-service,TRUE
09.02.2026,one-mms-service,TRUE
19.02.2026,one-mms-service,TRUE
23.02.2026,one-mms-service,TRUE
02.03.2026,one-mms-service,TRUE
06.03.2026,one-mms-service,FALSE
09.03.2026,one-mms-service,TRUE
10.03.2026,one-mms-service,TRUE
10.03.2026,one-mms-service,TRUE
11.03.2026,one-mms-service,TRUE
12.03.2026,one-mms-service,TRUE
17.03.2026,one-mms-service,TRUE
19.03.2026,one-mms-service,TRUE
19.03.2026,one-mms-service,TRUE
26.03.2026,one-mms-service,TRUE
02.04.2026,one-mms-service,TRUE
09.04.2026,one-mms-service,TRUE
10.04.2026,one-mms-service,FALSE
10.04.2026,one-mms-service,TRUE
14.04.2026,one-mms-service,TRUE
27.04.2026,one-mms-service,TRUE
27.04.2026,one-mms-service,TRUE
27.04.2026,one-mms-service,TRUE
28.04.2026,one-mms-service,TRUE
04.05.2026,one-mms-service,TRUE
07.05.2026,one-mms-service,TRUE
07.05.2026,one-mms-service,TRUE
11.05.2026,one-mms-service,TRUE
13.05.2026,one-mms-service,TRUE
15.05.2026,one-mms-service,TRUE
18.05.2026,one-mms-service,TRUE
18.05.2026,one-mms-service,TRUE
22.05.2026,one-mms-service,TRUE
28.05.2026,one-mms-service,TRUE
02.06.2026,one-mms-service,TRUE
03.06.2026,one-mms-service,TRUE
04.06.2026,one-mms-service,TRUE
05.06.2026,one-mms-service,TRUE
09.06.2026,one-mms-service,TRUE
11.06.2026,one-mms-service,TRUE
11.06.2026,one-mms-service,TRUE
11.06.2026,one-mms-service,FALSE
22.06.2026,one-mms-service,TRUE
22.06.2026,one-mms-service,FALSE
22.06.2026,one-mms-service,TRUE
22.06.2026,one-mms-service,FALSE
23.06.2026,one-mms-service,TRUE
24.06.2026,one-mms-service,TRUE
30.06.2026,one-mms-service,TRUE
02.07.2026,one-mms-service,TRUE
03.07.2026,one-mms-service,TRUE
06.07.2026,one-mms-service,TRUE
07.07.2026,one-mms-service,TRUE
10.07.2026,one-mms-service,TRUE
21.07.2026,one-mms-service,TRUE
22.07.2026,one-mms-service,TRUE
29.07.2026,one-mms-service,TRUE
04.08.2026,one-mms-service,TRUE
06.08.2026,one-mms-service,TRUE
12.08.2026,one-mms-service,TRUE
12.08.2026,one-mms-service,TRUE
17.08.2026,one-mms-service,TRUE
18.08.2026,one-mms-service,TRUE
25.08.2026,one-mms-service,TRUE
27.08.2026,one-mms-service,TRUE
04.04.2025,operator-portal-backend,TRUE
04.04.2025,operator-portal-backend,TRUE
09.04.2025,operator-portal-backend,TRUE
11.04.2025,operator-portal-backend,TRUE
22.04.2025,operator-portal-backend,TRUE
24.04.2025,operator-portal-backend,TRUE
25.04.2025,operator-portal-backend,TRUE
25.04.2025,operator-portal-backend,TRUE
02.05.2025,operator-portal-backend,TRUE
05.05.2025,operator-portal-backend,TRUE
13.05.2025,operator-portal-backend,TRUE
13.05.2025,operator-portal-backend,TRUE
13.05.2025,operator-portal-backend,FALSE
13.05.2025,operator-portal-backend,TRUE
13.05.2025,operator-portal-backend,TRUE
15.05.2025,operator-portal-backend,TRUE
19.05.2025,operator-portal-backend,TRUE
21.05.2025,operator-portal-backend,TRUE
23.05.2025,operator-portal-backend,TRUE
26.05.2025,operator-portal-backend,TRUE
02.06.2025,operator-portal-backend,TRUE
03.06.2025,operator-portal-backend,TRUE
10.06.2025,operator-portal-backend,TRUE
12.06.2025,operator-portal-backend,TRUE
16.06.2025,operator-portal-backend,TRUE
17.06.2025,operator-portal-backend,TRUE
17.06.2025,operator-portal-backend,FALSE
19.06.2025,operator-portal-backend,TRUE
19.06.2025,operator-portal-backend,TRUE
19.06.2025,operator-portal-backend,TRUE
30.06.2025,operator-portal-backend,TRUE
30.06.2025,operator-portal-backend,TRUE
02.07.2025,operator-portal-backend,TRUE
14.07.2025,operator-portal-backend,TRUE
15.07.2025,operator-portal-backend,TRUE
18.07.2025,operator-portal-backend,TRUE
23.07.2025,operator-portal-backend,TRUE
30.07.2025,operator-portal-backend,TRUE
14.08.2025,operator-portal-backend,TRUE
19.08.2025,operator-portal-backend,TRUE
25.08.2025,operator-portal-backend,TRUE
25.08.2025,operator-portal-backend,TRUE
26.08.2025,operator-portal-backend,TRUE
28.08.2025,operator-portal-backend,TRUE
02.09.2025,operator-portal-backend,TRUE
08.09.2025,operator-portal-backend,TRUE
08.09.2025,operator-portal-backend,TRUE
09.09.2025,operator-portal-backend,TRUE
11.09.2025,operator-portal-backend,TRUE
15.09.2025,operator-portal-backend,TRUE
17.09.2025,operator-portal-backend,TRUE
18.09.2025,operator-portal-backend,TRUE
23.09.2025,operator-portal-backend,TRUE
24.09.2025,operator-portal-backend,TRUE
02.10.2025,operator-portal-backend,TRUE
08.10.2025,operator-portal-backend,TRUE
08.10.2025,operator-portal-backend,TRUE
09.10.2025,operator-portal-backend,TRUE
16.10.2025,operator-portal-backend,TRUE
20.10.2025,operator-portal-backend,TRUE
20.10.2025,operator-portal-backend,TRUE
21.10.2025,operator-portal-backend,TRUE
22.10.2025,operator-portal-backend,TRUE
23.10.2025,operator-portal-backend,TRUE
27.10.2025,operator-portal-backend,TRUE
27.10.2025,operator-portal-backend,TRUE
29.10.2025,operator-portal-backend,TRUE
03.11.2025,operator-portal-backend,TRUE
03.11.2025,operator-portal-backend,TRUE
04.11.2025,operator-portal-backend,TRUE
05.11.2025,operator-portal-backend,TRUE
06.11.2025,operator-portal-backend,TRUE
11.11.2025,operator-portal-backend,TRUE
13.11.2025,operator-portal-backend,TRUE
14.11.2025,operator-portal-backend,TRUE
17.11.2025,operator-portal-backend,TRUE
19.11.2025,operator-portal-backend,TRUE
21.11.2025,operator-portal-backend,TRUE
21.11.2025,operator-portal-backend,TRUE
24.11.2025,operator-portal-backend,TRUE
25.11.2025,operator-portal-backend,TRUE
26.11.2025,operator-portal-backend,TRUE
01.12.2025,operator-portal-backend,TRUE
02.12.2025,operator-portal-backend,TRUE
03.12.2025,operator-portal-backend,TRUE
03.12.2025,operator-portal-backend,TRUE
03.12.2025,operator-portal-backend,TRUE
04.12.2025,operator-portal-backend,TRUE
08.12.2025,operator-portal-backend,TRUE
09.12.2025,operator-portal-backend,TRUE
09.12.2025,operator-portal-backend,TRUE
09.12.2025,operator-portal-backend,TRUE
11.12.2025,operator-portal-backend,TRUE
11.12.2025,operator-portal-backend,TRUE
15.12.2025,operator-portal-backend,TRUE
15.12.2025,operator-portal-backend,FALSE
15.12.2025,operator-portal-backend,TRUE
15.12.2025,operator-portal-backend,TRUE
17.12.2025,operator-portal-backend,TRUE
17.12.2025,operator-portal-backend,TRUE
18.12.2025,operator-portal-backend,TRUE
19.12.2025,operator-portal-backend,TRUE
05.01.2026,operator-portal-backend,TRUE
07.01.2026,operator-portal-backend,TRUE
07.01.2026,operator-portal-backend,TRUE
08.01.2026,operator-portal-backend,TRUE
09.01.2026,operator-portal-backend,TRUE
09.01.2026,operator-portal-backend,TRUE
13.01.2026,operator-portal-backend,TRUE
21.01.2026,operator-portal-backend,TRUE
26.01.2026,operator-portal-backend,TRUE
26.01.2026,operator-portal-backend,TRUE
26.01.2026,operator-portal-backend,TRUE
26.01.2026,operator-portal-backend,TRUE
29.01.2026,operator-portal-backend,TRUE
29.01.2026,operator-portal-backend,FALSE
29.01.2026,operator-portal-backend,TRUE
04.02.2026,operator-portal-backend,TRUE
06.02.2026,operator-portal-backend,TRUE
10.02.2026,operator-portal-backend,TRUE
12.02.2026,operator-portal-backend,TRUE
13.02.2026,operator-portal-backend,TRUE
17.02.2026,operator-portal-backend,TRUE
18.02.2026,operator-portal-backend,TRUE
19.02.2026,operator-portal-backend,TRUE
19.02.2026,operator-portal-backend,TRUE
23.02.2026,operator-portal-backend,TRUE
25.02.2026,operator-portal-backend,TRUE
25.02.2026,operator-portal-backend,TRUE
26.02.2026,operator-portal-backend,TRUE
26.02.2026,operator-portal-backend,TRUE
02.03.2026,operator-portal-backend,TRUE
04.03.2026,operator-portal-backend,TRUE
05.03.2026,operator-portal-backend,TRUE
06.03.2026,operator-portal-backend,TRUE
06.03.2026,operator-portal-backend,TRUE
10.03.2026,operator-portal-backend,TRUE
11.03.2026,operator-portal-backend,TRUE
16.03.2026,operator-portal-backend,TRUE
17.03.2026,operator-portal-backend,TRUE
23.03.2026,operator-portal-backend,TRUE
25.03.2026,operator-portal-backend,TRUE
25.03.2026,operator-portal-backend,TRUE
25.03.2026,operator-portal-backend,TRUE
27.03.2026,operator-portal-backend,TRUE
31.03.2026,operator-portal-backend,TRUE
31.03.2026,operator-portal-backend,TRUE
01.04.2026,operator-portal-backend,TRUE
02.04.2026,operator-portal-backend,TRUE
07.04.2026,operator-portal-backend,TRUE
09.04.2026,operator-portal-backend,TRUE
14.04.2026,operator-portal-backend,TRUE
20.04.2026,operator-portal-backend,TRUE
23.04.2026,operator-portal-backend,TRUE
24.04.2026,operator-portal-backend,TRUE
24.04.2026,operator-portal-backend,TRUE
24.04.2026,operator-portal-backend,TRUE
24.04.2026,operator-portal-backend,TRUE
28.04.2026,operator-portal-backend,TRUE
30.04.2026,operator-portal-backend,TRUE
30.04.2026,operator-portal-backend,TRUE
04.05.2026,operator-portal-backend,TRUE
05.05.2026,operator-portal-backend,TRUE
07.05.2026,operator-portal-backend,TRUE
07.05.2026,operator-portal-backend,TRUE
07.05.2026,operator-portal-backend,TRUE
12.05.2026,operator-portal-backend,TRUE
13.05.2026,operator-portal-backend,TRUE
18.05.2026,operator-portal-backend,TRUE
18.05.2026,operator-portal-backend,TRUE
18.05.2026,operator-portal-backend,TRUE
20.05.2026,operator-portal-backend,TRUE
21.05.2026,operator-portal-backend,TRUE
21.05.2026,operator-portal-backend,TRUE
22.05.2026,operator-portal-backend,TRUE
22.05.2026,operator-portal-backend,TRUE
22.05.2026,operator-portal-backend,TRUE
26.05.2026,operator-portal-backend,TRUE
27.05.2026,operator-portal-backend,TRUE
03.06.2026,operator-portal-backend,TRUE
04.06.2026,operator-portal-backend,TRUE
08.06.2026,operator-portal-backend,TRUE
08.06.2026,operator-portal-backend,TRUE
09.06.2026,operator-portal-backend,TRUE
10.06.2026,operator-portal-backend,TRUE
11.06.2026,operator-portal-backend,TRUE
12.06.2026,operator-portal-backend,TRUE
16.06.2026,operator-portal-backend,TRUE
16.06.2026,operator-portal-backend,TRUE
16.06.2026,operator-portal-backend,TRUE
18.06.2026,operator-portal-backend,TRUE
19.06.2026,operator-portal-backend,TRUE
19.06.2026,operator-portal-backend,TRUE
23.06.2026,operator-portal-backend,TRUE
23.06.2026,operator-portal-backend,TRUE
23.06.2026,operator-portal-backend,TRUE
24.06.2026,operator-portal-backend,TRUE
24.06.2026,operator-portal-backend,TRUE
29.06.2026,operator-portal-backend,TRUE
30.06.2026,operator-portal-backend,TRUE
30.06.2026,operator-portal-backend,TRUE
02.07.2026,operator-portal-backend,TRUE
03.07.2026,operator-portal-backend,TRUE
03.07.2026,operator-portal-backend,TRUE
07.07.2026,operator-portal-backend,TRUE
08.07.2026,operator-portal-backend,TRUE
09.07.2026,operator-portal-backend,TRUE
09.07.2026,operator-portal-backend,TRUE
09.07.2026,operator-portal-backend,TRUE
10.07.2026,operator-portal-backend,TRUE
14.07.2026,operator-portal-backend,TRUE
15.07.2026,operator-portal-backend,TRUE
17.07.2026,operator-portal-backend,TRUE
20.07.2026,operator-portal-backend,TRUE
20.07.2026,operator-portal-backend,TRUE
20.07.2026,operator-portal-backend,TRUE
24.07.2026,operator-portal-backend,TRUE
24.07.2026,operator-portal-backend,TRUE
28.07.2026,operator-portal-backend,TRUE
29.07.2026,operator-portal-backend,TRUE
03.08.2026,operator-portal-backend,TRUE
04.08.2026,operator-portal-backend,TRUE
07.08.2026,operator-portal-backend,TRUE
07.08.2026,operator-portal-backend,TRUE
10.08.2026,operator-portal-backend,TRUE
10.08.2026,operator-portal-backend,TRUE
11.08.2026,operator-portal-backend,TRUE
11.08.2026,operator-portal-backend,TRUE
13.08.2026,operator-portal-backend,TRUE
13.08.2026,operator-portal-backend,TRUE
17.08.2026,operator-portal-backend,TRUE
18.08.2026,operator-portal-backend,TRUE
18.08.2026,operator-portal-backend,TRUE
18.08.2026,operator-portal-backend,TRUE
19.08.2026,operator-portal-backend,TRUE
19.08.2026,operator-portal-backend,TRUE
19.08.2026,operator-portal-backend,TRUE
20.08.2026,operator-portal-backend,TRUE
24.08.2026,operator-portal-backend,TRUE
25.08.2026,operator-portal-backend,TRUE
25.08.2026,operator-portal-backend,TRUE
28.08.2026,operator-portal-backend,TRUE
07.05.2025,operator-portal-frontend,TRUE
13.05.2025,operator-portal-frontend,TRUE
13.05.2025,operator-portal-frontend,TRUE
20.05.2025,operator-portal-frontend,TRUE
21.05.2025,operator-portal-frontend,TRUE
06.06.2025,operator-portal-frontend,TRUE
16.06.2025,operator-portal-frontend,TRUE
25.06.2025,operator-portal-frontend,TRUE
27.06.2025,operator-portal-frontend,TRUE
30.06.2025,operator-portal-frontend,TRUE
03.07.2025,operator-portal-frontend,TRUE
09.07.2025,operator-portal-frontend,TRUE
11.07.2025,operator-portal-frontend,TRUE
23.07.2025,operator-portal-frontend,TRUE
23.07.2025,operator-portal-frontend,FALSE
23.07.2025,operator-portal-frontend,TRUE
28.07.2025,operator-portal-frontend,TRUE
01.08.2025,operator-portal-frontend,TRUE
08.08.2025,operator-portal-frontend,TRUE
19.08.2025,operator-portal-frontend,FALSE
19.08.2024,partner-api-adm-int,TRUE
20.08.2024,partner-api-adm-int,TRUE
22.08.2024,partner-api-adm-int,TRUE
14.11.2024,partner-api-adm-int,TRUE
14.11.2024,partner-api-adm-int,TRUE
15.11.2024,partner-api-adm-int,TRUE
31.03.2025,partner-api-adm-int,TRUE
13.05.2025,partner-api-adm-int,TRUE
10.06.2025,partner-api-adm-int,TRUE
23.07.2025,partner-api-adm-int,TRUE
22.09.2025,partner-api-adm-int,TRUE
20.11.2025,partner-api-adm-int,TRUE
02.01.2026,partner-api-adm-int,TRUE
19.01.2026,partner-api-adm-int,TRUE
10.02.2026,partner-api-adm-int,TRUE
13.02.2026,partner-api-adm-int,TRUE
17.02.2026,partner-api-adm-int,TRUE
19.02.2026,partner-api-adm-int,TRUE
04.03.2026,partner-api-adm-int,TRUE
29.06.2026,partner-api-adm-int,TRUE
06.07.2026,partner-api-adm-int,TRUE
03.08.2026,partner-api-adm-int,TRUE
04.08.2026,partner-api-adm-int,TRUE
05.08.2026,partner-api-adm-int,TRUE
13.08.2026,partner-api-adm-int,TRUE
04.01.2024,partner-api,TRUE
04.01.2024,partner-api,TRUE
17.01.2024,partner-api,TRUE
29.01.2024,partner-api,TRUE
01.02.2024,partner-api,TRUE
23.02.2024,partner-api,TRUE
23.02.2024,partner-api,TRUE
11.03.2024,partner-api,TRUE
20.03.2024,partner-api,TRUE
21.03.2024,partner-api,TRUE
04.04.2024,partner-api,TRUE
08.05.2024,partner-api,TRUE
13.05.2024,partner-api,TRUE
13.05.2024,partner-api,TRUE
15.05.2024,partner-api,TRUE
15.05.2024,partner-api,TRUE
06.06.2024,partner-api,TRUE
19.06.2024,partner-api,TRUE
25.06.2024,partner-api,TRUE
01.07.2024,partner-api,TRUE
23.07.2024,partner-api,TRUE
23.07.2024,partner-api,TRUE
24.07.2024,partner-api,TRUE
30.07.2024,partner-api,TRUE
09.08.2024,partner-api,TRUE
14.08.2024,partner-api,TRUE
14.08.2024,partner-api,TRUE
19.08.2024,partner-api,TRUE
19.08.2024,partner-api,FALSE
20.08.2024,partner-api,TRUE
29.08.2024,partner-api,TRUE
02.09.2024,partner-api,TRUE
04.09.2024,partner-api,TRUE
09.09.2024,partner-api,TRUE
20.09.2024,partner-api,TRUE
20.09.2024,partner-api,TRUE
20.09.2024,partner-api,TRUE
20.09.2024,partner-api,TRUE
27.09.2024,partner-api,TRUE
04.10.2024,partner-api,TRUE
10.10.2024,partner-api,TRUE
23.10.2024,partner-api,TRUE
24.10.2024,partner-api,TRUE
19.11.2024,partner-api,TRUE
03.12.2024,partner-api,TRUE
03.01.2025,partner-api,TRUE
07.01.2025,partner-api,TRUE
09.01.2025,partner-api,TRUE
20.01.2025,partner-api,TRUE
27.01.2025,partner-api,TRUE
03.02.2025,partner-api,TRUE
21.03.2025,partner-api,TRUE
24.03.2025,partner-api,TRUE
02.04.2025,partner-api,TRUE
13.05.2025,partner-api,TRUE
14.05.2025,partner-api,TRUE
19.05.2025,partner-api,TRUE
22.05.2025,partner-api,TRUE
23.06.2025,partner-api,TRUE
01.07.2025,partner-api,TRUE
02.07.2025,partner-api,TRUE
18.07.2025,partner-api,TRUE
29.07.2025,partner-api,TRUE
19.08.2025,partner-api,TRUE
26.08.2025,partner-api,TRUE
27.08.2025,partner-api,TRUE
01.09.2025,partner-api,TRUE
09.09.2025,partner-api,TRUE
10.09.2025,partner-api,TRUE
17.09.2025,partner-api,TRUE
22.09.2025,partner-api,TRUE
01.10.2025,partner-api,TRUE
01.10.2025,partner-api,TRUE
10.10.2025,partner-api,TRUE
13.10.2025,partner-api,TRUE
20.10.2025,partner-api,TRUE
28.10.2025,partner-api,TRUE
20.11.2025,partner-api,TRUE
20.11.2025,partner-api,TRUE
20.11.2025,partner-api,TRUE
27.11.2025,partner-api,TRUE
11.12.2025,partner-api,TRUE
15.12.2025,partner-api,TRUE
05.01.2026,partner-api,TRUE
08.01.2026,partner-api,TRUE
14.01.2026,partner-api,TRUE
16.02.2026,partner-api,TRUE
18.02.2026,partner-api,TRUE
18.02.2026,partner-api,TRUE
24.02.2026,partner-api,TRUE
24.02.2026,partner-api,TRUE
27.02.2026,partner-api,TRUE
17.03.2026,partner-api,TRUE
18.03.2026,partner-api,TRUE
19.03.2026,partner-api,TRUE
19.03.2026,partner-api,TRUE
20.03.2026,partner-api,TRUE
23.03.2026,partner-api,TRUE
24.03.2026,partner-api,TRUE
24.03.2026,partner-api,TRUE
26.03.2026,partner-api,TRUE
26.03.2026,partner-api,TRUE
31.03.2026,partner-api,TRUE
31.03.2026,partner-api,TRUE
31.03.2026,partner-api,TRUE
01.04.2026,partner-api,TRUE
07.04.2026,partner-api,TRUE
10.04.2026,partner-api,TRUE
14.04.2026,partner-api,TRUE
15.04.2026,partner-api,TRUE
15.04.2026,partner-api,TRUE
30.04.2026,partner-api,TRUE
30.04.2026,partner-api,TRUE
19.05.2026,partner-api,TRUE
21.05.2026,partner-api,TRUE
27.05.2026,partner-api,TRUE
05.06.2026,partner-api,TRUE
08.06.2026,partner-api,TRUE
30.06.2026,partner-api,TRUE
01.07.2026,partner-api,TRUE
02.07.2026,partner-api,TRUE
14.07.2026,partner-api,TRUE
10.08.2026,partner-api,TRUE
11.08.2026,partner-api,TRUE
17.08.2026,partner-api,TRUE
20.08.2026,partner-api,TRUE
24.04.2026,partner-gateway,TRUE
07.05.2026,partner-gateway,TRUE
11.05.2026,partner-gateway,TRUE
12.05.2026,partner-gateway,TRUE
13.05.2026,partner-gateway,TRUE
14.05.2026,partner-gateway,TRUE
18.05.2026,partner-gateway,TRUE
18.05.2026,partner-gateway,TRUE
22.05.2026,partner-gateway,TRUE
29.05.2026,partner-gateway,TRUE
05.06.2026,partner-gateway,TRUE
09.06.2026,partner-gateway,TRUE
15.06.2026,partner-gateway,TRUE
16.06.2026,partner-gateway,TRUE
22.06.2026,partner-gateway,TRUE
02.07.2026,partner-gateway,TRUE
09.07.2026,partner-gateway,TRUE
09.07.2026,partner-gateway,TRUE
17.07.2026,partner-gateway,TRUE
20.07.2026,partner-gateway,TRUE
23.07.2026,partner-gateway,TRUE
23.07.2026,partner-gateway,TRUE
29.07.2026,partner-gateway,TRUE
31.07.2026,partner-gateway,TRUE
05.08.2026,partner-gateway,TRUE
05.08.2026,partner-gateway,TRUE
06.08.2026,partner-gateway,TRUE
26.08.2026,partner-gateway,TRUE
17.01.2024,partner-gui,TRUE
06.02.2024,partner-gui,TRUE
09.02.2024,partner-gui,TRUE
14.02.2024,partner-gui,TRUE
14.02.2024,partner-gui,TRUE
23.02.2024,partner-gui,TRUE
27.02.2024,partner-gui,TRUE
14.03.2024,partner-gui,TRUE
14.03.2024,partner-gui,TRUE
25.03.2024,partner-gui,TRUE
04.04.2024,partner-gui,TRUE
05.04.2024,partner-gui,TRUE
19.04.2024,partner-gui,TRUE
24.04.2024,partner-gui,TRUE
24.04.2024,partner-gui,TRUE
21.05.2024,partner-gui,TRUE
21.05.2024,partner-gui,TRUE
22.05.2024,partner-gui,TRUE
27.05.2024,partner-gui,TRUE
31.05.2024,partner-gui,TRUE
05.06.2024,partner-gui,TRUE
10.06.2024,partner-gui,TRUE
19.06.2024,partner-gui,TRUE
21.06.2024,partner-gui,TRUE
02.07.2024,partner-gui,TRUE
02.07.2024,partner-gui,TRUE
12.07.2024,partner-gui,TRUE
16.07.2024,partner-gui,TRUE
19.09.2024,partner-gui,TRUE
26.09.2024,partner-gui,TRUE
03.10.2024,partner-gui,TRUE
09.10.2024,partner-gui,TRUE
22.10.2024,partner-gui,TRUE
22.10.2024,partner-gui,TRUE
22.10.2024,partner-gui,TRUE
08.11.2024,partner-gui,TRUE
11.11.2024,partner-gui,TRUE
15.11.2024,partner-gui,TRUE
21.11.2024,partner-gui,TRUE
28.11.2024,partner-gui,TRUE
28.01.2025,partner-gui,TRUE
04.02.2025,partner-gui,TRUE
07.03.2025,partner-gui,TRUE
24.03.2025,partner-gui,TRUE
08.04.2025,partner-gui,TRUE
11.04.2025,partner-gui,TRUE
11.04.2025,partner-gui,TRUE
09.05.2025,partner-gui,TRUE
14.05.2025,partner-gui,TRUE
15.05.2025,partner-gui,TRUE
16.05.2025,partner-gui,TRUE
11.06.2025,partner-gui,TRUE
11.06.2025,partner-gui,TRUE
25.06.2025,partner-gui,TRUE
08.07.2025,partner-gui,TRUE
08.07.2025,partner-gui,TRUE
08.07.2025,partner-gui,TRUE
11.07.2025,partner-gui,TRUE
11.07.2025,partner-gui,TRUE
16.07.2025,partner-gui,TRUE
16.07.2025,partner-gui,TRUE
29.07.2025,partner-gui,TRUE
20.08.2025,partner-gui,TRUE
26.09.2025,partner-gui,TRUE
29.09.2025,partner-gui,TRUE
01.10.2025,partner-gui,TRUE
15.10.2025,partner-gui,TRUE
20.10.2025,partner-gui,TRUE
10.11.2025,partner-gui,TRUE
20.11.2025,partner-gui,TRUE
17.12.2025,partner-gui,TRUE
17.12.2025,partner-gui,TRUE
19.12.2025,partner-gui,TRUE
19.12.2025,partner-gui,TRUE
26.01.2026,partner-gui,TRUE
05.02.2026,partner-gui,TRUE
06.02.2026,partner-gui,TRUE
16.02.2026,partner-gui,TRUE
16.02.2026,partner-gui,TRUE
16.02.2026,partner-gui,TRUE
16.02.2026,partner-gui,TRUE
12.03.2026,partner-gui,TRUE
19.03.2026,partner-gui,TRUE
19.03.2026,partner-gui,TRUE
30.03.2026,partner-gui,TRUE
06.04.2026,partner-gui,TRUE
07.04.2026,partner-gui,TRUE
08.04.2026,partner-gui,TRUE
08.04.2026,partner-gui,TRUE
08.04.2026,partner-gui,TRUE
09.04.2026,partner-gui,TRUE
09.04.2026,partner-gui,TRUE
09.04.2026,partner-gui,TRUE
16.04.2026,partner-gui,TRUE
16.04.2026,partner-gui,TRUE
08.05.2026,partner-gui,TRUE
25.05.2026,partner-gui,TRUE
05.06.2026,partner-gui,TRUE
11.06.2026,partner-gui,TRUE
11.06.2026,partner-gui,TRUE
11.06.2026,partner-gui,TRUE
30.06.2026,partner-gui,TRUE
01.07.2026,partner-gui,TRUE
14.07.2026,partner-gui,TRUE
14.07.2026,partner-gui,TRUE
14.07.2026,partner-gui,TRUE
17.07.2026,partner-gui,TRUE
21.07.2026,partner-gui,TRUE
19.08.2026,partner-gui,TRUE
27.08.2026,partner-gui,TRUE
27.08.2026,partner-gui,TRUE
27.08.2026,partner-gui,TRUE
09.07.2026,partner-gw-adm-int,TRUE
09.07.2026,partner-gw-adm-int,TRUE
21.07.2026,partner-gw-adm-int,TRUE
23.07.2026,partner-gw-adm-int,TRUE
23.07.2026,partner-gw-adm-int,TRUE
23.07.2026,partner-gw-adm-int,TRUE
28.07.2026,partner-gw-adm-int,TRUE
05.08.2026,partner-gw-adm-int,TRUE
11.01.2024,pdf-service,TRUE
05.08.2024,pdf-service,TRUE
22.08.2024,pdf-service,TRUE
23.09.2024,pdf-service,TRUE
19.12.2024,pdf-service,TRUE
13.01.2025,pdf-service,TRUE
10.02.2025,pdf-service,TRUE
28.04.2025,pdf-service,TRUE
16.06.2025,pdf-service,TRUE
21.07.2025,pdf-service,TRUE
04.08.2025,pdf-service,TRUE
20.08.2025,pdf-service,TRUE
16.09.2025,pdf-service,TRUE
24.09.2025,pdf-service,TRUE
14.10.2025,pdf-service,TRUE
22.10.2025,pdf-service,TRUE
27.10.2025,pdf-service,TRUE
06.11.2025,pdf-service,TRUE
11.11.2025,pdf-service,TRUE
20.11.2025,pdf-service,TRUE
25.11.2025,pdf-service,TRUE
10.12.2025,pdf-service,TRUE
13.01.2026,pdf-service,TRUE
26.01.2026,pdf-service,TRUE
03.02.2026,pdf-service,TRUE
10.02.2026,pdf-service,TRUE
10.02.2026,pdf-service,TRUE
18.02.2026,pdf-service,TRUE
27.02.2026,pdf-service,TRUE
05.03.2026,pdf-service,TRUE
10.03.2026,pdf-service,TRUE
17.03.2026,pdf-service,TRUE
19.03.2026,pdf-service,TRUE
24.03.2026,pdf-service,TRUE
25.03.2026,pdf-service,TRUE
07.04.2026,pdf-service,TRUE
09.04.2026,pdf-service,TRUE
14.04.2026,pdf-service,TRUE
20.04.2026,pdf-service,TRUE
04.05.2026,pdf-service,TRUE
26.05.2026,pdf-service,TRUE
10.06.2026,pdf-service,TRUE
12.06.2026,pdf-service,TRUE
15.06.2026,pdf-service,TRUE
25.06.2026,pdf-service,TRUE
07.07.2026,pdf-service,TRUE
22.07.2026,pdf-service,TRUE
27.07.2026,pdf-service,TRUE
29.07.2026,pdf-service,TRUE
13.08.2026,pdf-service,TRUE
20.08.2026,pdf-service,TRUE
13.11.2024,pip-adm-int,TRUE
13.11.2024,pip-adm-int,TRUE
13.11.2024,pip-adm-int,TRUE
18.11.2024,pip-adm-int,TRUE
18.11.2024,pip-adm-int,TRUE
18.11.2024,pip-adm-int,TRUE
25.02.2025,pip-adm-int,TRUE
14.03.2025,pip-adm-int,TRUE
29.07.2025,pip-adm-int,TRUE
30.07.2025,pip-adm-int,TRUE
15.09.2025,pip-adm-int,TRUE
22.10.2025,pip-adm-int,TRUE
20.11.2025,pip-adm-int,TRUE
02.01.2026,pip-adm-int,TRUE
16.01.2026,pip-adm-int,TRUE
09.02.2026,pip-adm-int,TRUE
17.02.2026,pip-adm-int,TRUE
19.02.2026,pip-adm-int,TRUE
14.04.2026,pip-adm-int,TRUE
31.07.2026,pip-adm-int,TRUE
16.08.2024,pip-backend,TRUE
16.08.2024,pip-backend,TRUE
16.08.2024,pip-backend,TRUE
16.08.2024,pip-backend,TRUE
19.08.2024,pip-backend,TRUE
29.08.2024,pip-backend,TRUE
02.09.2024,pip-backend,TRUE
02.09.2024,pip-backend,TRUE
05.09.2024,pip-backend,TRUE
10.09.2024,pip-backend,TRUE
25.09.2024,pip-backend,TRUE
14.10.2024,pip-backend,TRUE
12.11.2024,pip-backend,TRUE
12.11.2024,pip-backend,TRUE
22.11.2024,pip-backend,TRUE
13.12.2024,pip-backend,TRUE
18.12.2024,pip-backend,TRUE
21.01.2025,pip-backend,TRUE
28.01.2025,pip-backend,TRUE
29.01.2025,pip-backend,TRUE
31.03.2025,pip-backend,TRUE
18.04.2025,pip-backend,TRUE
22.04.2025,pip-backend,TRUE
02.05.2025,pip-backend,TRUE
03.06.2025,pip-backend,TRUE
26.08.2025,pip-backend,TRUE
08.10.2025,pip-backend,TRUE
22.10.2025,pip-backend,TRUE
04.02.2026,pip-backend,TRUE
17.02.2026,pip-backend,TRUE
14.04.2026,pip-backend,TRUE
22.05.2026,pip-backend,TRUE
25.05.2026,pip-backend,TRUE
26.05.2026,pip-backend,TRUE
13.07.2026,pip-backend,TRUE
29.07.2026,pip-backend,TRUE
14.08.2026,pip-backend,TRUE
17.08.2026,pip-backend,TRUE
21.08.2026,pip-backend,TRUE
16.08.2024,pip-frontend,TRUE
20.08.2024,pip-frontend,TRUE
20.08.2024,pip-frontend,TRUE
27.08.2024,pip-frontend,TRUE
29.08.2024,pip-frontend,TRUE
02.09.2024,pip-frontend,TRUE
02.09.2024,pip-frontend,TRUE
02.09.2024,pip-frontend,TRUE
05.09.2024,pip-frontend,TRUE
05.09.2024,pip-frontend,TRUE
10.09.2024,pip-frontend,TRUE
26.09.2024,pip-frontend,TRUE
03.10.2024,pip-frontend,TRUE
14.10.2024,pip-frontend,TRUE
29.10.2024,pip-frontend,TRUE
29.10.2024,pip-frontend,TRUE
12.11.2024,pip-frontend,TRUE
21.11.2024,pip-frontend,TRUE
21.01.2025,pip-frontend,TRUE
24.01.2025,pip-frontend,TRUE
28.01.2025,pip-frontend,TRUE
29.01.2025,pip-frontend,TRUE
02.04.2025,pip-frontend,TRUE
02.04.2025,pip-frontend,TRUE
02.04.2025,pip-frontend,FALSE
02.04.2025,pip-frontend,TRUE
02.04.2025,pip-frontend,FALSE
02.04.2025,pip-frontend,TRUE
18.04.2025,pip-frontend,TRUE
22.04.2025,pip-frontend,TRUE
02.05.2025,pip-frontend,TRUE
02.05.2025,pip-frontend,TRUE
11.06.2025,pip-frontend,TRUE
04.08.2025,pip-frontend,TRUE
07.08.2025,pip-frontend,TRUE
07.08.2025,pip-frontend,TRUE
08.08.2025,pip-frontend,TRUE
27.08.2025,pip-frontend,TRUE
28.08.2025,pip-frontend,TRUE
01.09.2025,pip-frontend,TRUE
02.09.2025,pip-frontend,TRUE
26.09.2025,pip-frontend,TRUE
22.10.2025,pip-frontend,TRUE
11.11.2025,pip-frontend,TRUE
12.11.2025,pip-frontend,TRUE
12.11.2025,pip-frontend,TRUE
17.12.2025,pip-frontend,TRUE
05.02.2026,pip-frontend,TRUE
17.02.2026,pip-frontend,TRUE
18.02.2026,pip-frontend,TRUE
14.04.2026,pip-frontend,TRUE
12.05.2026,pip-frontend,TRUE
25.05.2026,pip-frontend,TRUE
14.08.2026,pip-frontend,TRUE
14.08.2026,pip-frontend,TRUE
14.08.2026,pip-frontend,TRUE
14.08.2026,pip-frontend,TRUE
14.08.2026,pip-frontend,TRUE
14.08.2026,pip-frontend,TRUE
14.08.2026,pip-frontend,FALSE
14.08.2026,pip-frontend,TRUE
14.08.2026,pip-frontend,TRUE
17.08.2026,pip-frontend,TRUE
17.08.2026,pip-frontend,TRUE
19.08.2025,pr-validator,TRUE
19.08.2025,pr-validator,TRUE
26.08.2025,pr-validator,TRUE
23.01.2026,pr-validator,TRUE
10.03.2026,pr-validator,TRUE
01.03.2024,preva-adapter,TRUE
01.03.2024,preva-adapter,TRUE
07.03.2024,preva-adapter,TRUE
08.04.2024,preva-adapter,TRUE
26.07.2024,preva-adapter,TRUE
29.07.2024,preva-adapter,TRUE
30.07.2024,preva-adapter,TRUE
20.08.2024,preva-adapter,TRUE
10.01.2025,preva-adapter,TRUE
19.08.2025,preva-adapter,TRUE
03.11.2025,preva-adapter,TRUE
07.01.2026,preva-adapter,TRUE
19.02.2026,preva-adapter,TRUE
19.02.2026,preva-adapter,TRUE
25.02.2026,preva-adapter,TRUE
25.02.2026,preva-adapter,TRUE
25.02.2026,preva-adapter,TRUE
14.07.2026,preva-adapter,TRUE
16.07.2026,preva-adapter,TRUE
27.07.2026,preva-adapter,TRUE
27.07.2026,preva-adapter,TRUE
27.07.2026,preva-adapter,TRUE
28.07.2026,preva-adapter,TRUE
30.01.2024,prometheus-adapter,TRUE
14.10.2024,prometheus-adapter,TRUE
08.11.2024,prometheus-adapter,TRUE
04.08.2025,prometheus-adapter,TRUE
07.10.2025,prometheus-adapter,TRUE
03.01.2024,prometheus-alerts,TRUE
04.01.2024,prometheus-alerts,TRUE
05.01.2024,prometheus-alerts,TRUE
05.01.2024,prometheus-alerts,TRUE
11.01.2024,prometheus-alerts,TRUE
12.01.2024,prometheus-alerts,TRUE
12.01.2024,prometheus-alerts,TRUE
12.01.2024,prometheus-alerts,TRUE
15.01.2024,prometheus-alerts,TRUE
15.01.2024,prometheus-alerts,TRUE
17.01.2024,prometheus-alerts,TRUE
17.01.2024,prometheus-alerts,TRUE
18.01.2024,prometheus-alerts,TRUE
18.01.2024,prometheus-alerts,TRUE
18.01.2024,prometheus-alerts,TRUE
29.01.2024,prometheus-alerts,TRUE
31.01.2024,prometheus-alerts,TRUE
31.01.2024,prometheus-alerts,TRUE
05.02.2024,prometheus-alerts,TRUE
05.02.2024,prometheus-alerts,TRUE
12.02.2024,prometheus-alerts,TRUE
12.02.2024,prometheus-alerts,TRUE
16.02.2024,prometheus-alerts,TRUE
04.03.2024,prometheus-alerts,TRUE
05.03.2024,prometheus-alerts,TRUE
05.03.2024,prometheus-alerts,TRUE
05.03.2024,prometheus-alerts,TRUE
05.03.2024,prometheus-alerts,TRUE
06.03.2024,prometheus-alerts,TRUE
12.03.2024,prometheus-alerts,TRUE
12.03.2024,prometheus-alerts,TRUE
12.03.2024,prometheus-alerts,TRUE
12.03.2024,prometheus-alerts,TRUE
15.03.2024,prometheus-alerts,TRUE
15.03.2024,prometheus-alerts,TRUE
20.03.2024,prometheus-alerts,TRUE
20.03.2024,prometheus-alerts,TRUE
21.03.2024,prometheus-alerts,TRUE
21.03.2024,prometheus-alerts,TRUE
26.03.2024,prometheus-alerts,TRUE
26.03.2024,prometheus-alerts,TRUE
02.04.2024,prometheus-alerts,TRUE
02.04.2024,prometheus-alerts,TRUE
10.04.2024,prometheus-alerts,TRUE
10.04.2024,prometheus-alerts,TRUE
08.05.2024,prometheus-alerts,TRUE
08.05.2024,prometheus-alerts,TRUE
24.05.2024,prometheus-alerts,TRUE
24.05.2024,prometheus-alerts,TRUE
28.05.2024,prometheus-alerts,TRUE
28.05.2024,prometheus-alerts,TRUE
12.06.2024,prometheus-alerts,TRUE
12.06.2024,prometheus-alerts,TRUE
17.06.2024,prometheus-alerts,TRUE
17.06.2024,prometheus-alerts,TRUE
18.06.2024,prometheus-alerts,TRUE
15.07.2024,prometheus-alerts,TRUE
15.07.2024,prometheus-alerts,TRUE
17.07.2024,prometheus-alerts,TRUE
19.07.2024,prometheus-alerts,TRUE
19.07.2024,prometheus-alerts,TRUE
22.07.2024,prometheus-alerts,TRUE
31.07.2024,prometheus-alerts,TRUE
31.07.2024,prometheus-alerts,TRUE
31.07.2024,prometheus-alerts,TRUE
31.07.2024,prometheus-alerts,TRUE
15.08.2024,prometheus-alerts,TRUE
15.08.2024,prometheus-alerts,TRUE
15.08.2024,prometheus-alerts,TRUE
15.08.2024,prometheus-alerts,TRUE
16.08.2024,prometheus-alerts,TRUE
16.08.2024,prometheus-alerts,TRUE
27.08.2024,prometheus-alerts,TRUE
28.08.2024,prometheus-alerts,TRUE
28.08.2024,prometheus-alerts,TRUE
28.08.2024,prometheus-alerts,TRUE
28.08.2024,prometheus-alerts,TRUE
03.09.2024,prometheus-alerts,TRUE
03.09.2024,prometheus-alerts,TRUE
03.09.2024,prometheus-alerts,TRUE
05.09.2024,prometheus-alerts,TRUE
05.09.2024,prometheus-alerts,TRUE
06.09.2024,prometheus-alerts,TRUE
06.09.2024,prometheus-alerts,TRUE
06.09.2024,prometheus-alerts,TRUE
27.09.2024,prometheus-alerts,TRUE
27.09.2024,prometheus-alerts,TRUE
06.11.2024,prometheus-alerts,TRUE
08.11.2024,prometheus-alerts,TRUE
11.11.2024,prometheus-alerts,TRUE
11.11.2024,prometheus-alerts,TRUE
19.11.2024,prometheus-alerts,TRUE
19.11.2024,prometheus-alerts,TRUE
21.11.2024,prometheus-alerts,TRUE
22.11.2024,prometheus-alerts,TRUE
27.11.2024,prometheus-alerts,TRUE
27.11.2024,prometheus-alerts,TRUE
28.11.2024,prometheus-alerts,TRUE
28.11.2024,prometheus-alerts,TRUE
05.12.2024,prometheus-alerts,TRUE
13.12.2024,prometheus-alerts,TRUE
13.12.2024,prometheus-alerts,TRUE
23.12.2024,prometheus-alerts,TRUE
23.12.2024,prometheus-alerts,TRUE
02.01.2025,prometheus-alerts,TRUE
03.01.2025,prometheus-alerts,TRUE
03.01.2025,prometheus-alerts,TRUE
09.01.2025,prometheus-alerts,TRUE
09.01.2025,prometheus-alerts,TRUE
10.01.2025,prometheus-alerts,TRUE
10.01.2025,prometheus-alerts,TRUE
10.01.2025,prometheus-alerts,TRUE
10.01.2025,prometheus-alerts,TRUE
13.01.2025,prometheus-alerts,TRUE
13.01.2025,prometheus-alerts,TRUE
14.01.2025,prometheus-alerts,TRUE
14.01.2025,prometheus-alerts,TRUE
28.01.2025,prometheus-alerts,TRUE
28.01.2025,prometheus-alerts,TRUE
29.01.2025,prometheus-alerts,TRUE
29.01.2025,prometheus-alerts,TRUE
29.01.2025,prometheus-alerts,TRUE
30.01.2025,prometheus-alerts,TRUE
30.01.2025,prometheus-alerts,TRUE
03.02.2025,prometheus-alerts,TRUE
07.02.2025,prometheus-alerts,TRUE
07.02.2025,prometheus-alerts,TRUE
11.02.2025,prometheus-alerts,TRUE
11.02.2025,prometheus-alerts,TRUE
12.02.2025,prometheus-alerts,TRUE
14.02.2025,prometheus-alerts,TRUE
25.02.2025,prometheus-alerts,TRUE
25.02.2025,prometheus-alerts,TRUE
27.02.2025,prometheus-alerts,TRUE
27.02.2025,prometheus-alerts,TRUE
03.03.2025,prometheus-alerts,TRUE
03.03.2025,prometheus-alerts,TRUE
05.03.2025,prometheus-alerts,TRUE
06.03.2025,prometheus-alerts,TRUE
12.03.2025,prometheus-alerts,TRUE
12.03.2025,prometheus-alerts,TRUE
17.03.2025,prometheus-alerts,TRUE
19.03.2025,prometheus-alerts,TRUE
20.03.2025,prometheus-alerts,TRUE
20.03.2025,prometheus-alerts,TRUE
21.03.2025,prometheus-alerts,TRUE
21.03.2025,prometheus-alerts,TRUE
31.03.2025,prometheus-alerts,TRUE
31.03.2025,prometheus-alerts,TRUE
31.03.2025,prometheus-alerts,TRUE
31.03.2025,prometheus-alerts,TRUE
02.04.2025,prometheus-alerts,TRUE
03.04.2025,prometheus-alerts,TRUE
03.04.2025,prometheus-alerts,TRUE
03.04.2025,prometheus-alerts,TRUE
03.04.2025,prometheus-alerts,TRUE
03.04.2025,prometheus-alerts,TRUE
03.04.2025,prometheus-alerts,TRUE
03.04.2025,prometheus-alerts,TRUE
03.04.2025,prometheus-alerts,TRUE
03.04.2025,prometheus-alerts,TRUE
03.04.2025,prometheus-alerts,TRUE
03.04.2025,prometheus-alerts,TRUE
03.04.2025,prometheus-alerts,TRUE
07.04.2025,prometheus-alerts,TRUE
07.04.2025,prometheus-alerts,TRUE
08.04.2025,prometheus-alerts,TRUE
09.04.2025,prometheus-alerts,TRUE
09.04.2025,prometheus-alerts,TRUE
10.04.2025,prometheus-alerts,TRUE
10.04.2025,prometheus-alerts,TRUE
14.04.2025,prometheus-alerts,TRUE
14.04.2025,prometheus-alerts,TRUE
14.04.2025,prometheus-alerts,TRUE
14.04.2025,prometheus-alerts,TRUE
14.04.2025,prometheus-alerts,TRUE
15.04.2025,prometheus-alerts,TRUE
23.04.2025,prometheus-alerts,TRUE
29.04.2025,prometheus-alerts,TRUE
02.05.2025,prometheus-alerts,TRUE
02.05.2025,prometheus-alerts,TRUE
05.05.2025,prometheus-alerts,TRUE
05.05.2025,prometheus-alerts,TRUE
06.05.2025,prometheus-alerts,TRUE
06.05.2025,prometheus-alerts,TRUE
07.05.2025,prometheus-alerts,TRUE
07.05.2025,prometheus-alerts,TRUE
07.05.2025,prometheus-alerts,TRUE
09.05.2025,prometheus-alerts,TRUE
16.05.2025,prometheus-alerts,TRUE
16.05.2025,prometheus-alerts,TRUE
22.05.2025,prometheus-alerts,TRUE
22.05.2025,prometheus-alerts,TRUE
27.05.2025,prometheus-alerts,TRUE
27.05.2025,prometheus-alerts,TRUE
27.05.2025,prometheus-alerts,TRUE
27.05.2025,prometheus-alerts,TRUE
28.05.2025,prometheus-alerts,TRUE
03.06.2025,prometheus-alerts,TRUE
03.06.2025,prometheus-alerts,TRUE
10.06.2025,prometheus-alerts,TRUE
10.06.2025,prometheus-alerts,TRUE
11.06.2025,prometheus-alerts,TRUE
11.06.2025,prometheus-alerts,TRUE
12.06.2025,prometheus-alerts,TRUE
12.06.2025,prometheus-alerts,TRUE
17.06.2025,prometheus-alerts,TRUE
17.06.2025,prometheus-alerts,TRUE
26.06.2025,prometheus-alerts,TRUE
26.06.2025,prometheus-alerts,TRUE
01.07.2025,prometheus-alerts,TRUE
01.07.2025,prometheus-alerts,TRUE
01.07.2025,prometheus-alerts,TRUE
01.07.2025,prometheus-alerts,TRUE
03.07.2025,prometheus-alerts,TRUE
03.07.2025,prometheus-alerts,TRUE
04.07.2025,prometheus-alerts,TRUE
04.07.2025,prometheus-alerts,TRUE
04.07.2025,prometheus-alerts,TRUE
04.07.2025,prometheus-alerts,TRUE
07.07.2025,prometheus-alerts,TRUE
07.07.2025,prometheus-alerts,TRUE
07.07.2025,prometheus-alerts,TRUE
07.07.2025,prometheus-alerts,TRUE
08.07.2025,prometheus-alerts,TRUE
08.07.2025,prometheus-alerts,TRUE
09.07.2025,prometheus-alerts,TRUE
09.07.2025,prometheus-alerts,TRUE
10.07.2025,prometheus-alerts,TRUE
10.07.2025,prometheus-alerts,TRUE
15.07.2025,prometheus-alerts,TRUE
15.07.2025,prometheus-alerts,TRUE
16.07.2025,prometheus-alerts,TRUE
17.07.2025,prometheus-alerts,TRUE
17.07.2025,prometheus-alerts,TRUE
17.07.2025,prometheus-alerts,TRUE
24.07.2025,prometheus-alerts,TRUE
28.07.2025,prometheus-alerts,TRUE
28.07.2025,prometheus-alerts,TRUE
28.07.2025,prometheus-alerts,TRUE
28.07.2025,prometheus-alerts,TRUE
30.07.2025,prometheus-alerts,TRUE
30.07.2025,prometheus-alerts,TRUE
04.08.2025,prometheus-alerts,TRUE
04.08.2025,prometheus-alerts,TRUE
04.08.2025,prometheus-alerts,TRUE
05.08.2025,prometheus-alerts,TRUE
06.08.2025,prometheus-alerts,TRUE
06.08.2025,prometheus-alerts,TRUE
06.08.2025,prometheus-alerts,TRUE
07.08.2025,prometheus-alerts,TRUE
07.08.2025,prometheus-alerts,TRUE
07.08.2025,prometheus-alerts,TRUE
11.08.2025,prometheus-alerts,TRUE
11.08.2025,prometheus-alerts,TRUE
11.08.2025,prometheus-alerts,TRUE
11.08.2025,prometheus-alerts,TRUE
12.08.2025,prometheus-alerts,TRUE
12.08.2025,prometheus-alerts,TRUE
12.08.2025,prometheus-alerts,TRUE
12.08.2025,prometheus-alerts,TRUE
12.08.2025,prometheus-alerts,TRUE
13.08.2025,prometheus-alerts,TRUE
13.08.2025,prometheus-alerts,TRUE
14.08.2025,prometheus-alerts,TRUE
14.08.2025,prometheus-alerts,TRUE
14.08.2025,prometheus-alerts,TRUE
14.08.2025,prometheus-alerts,TRUE
18.08.2025,prometheus-alerts,TRUE
21.08.2025,prometheus-alerts,TRUE
21.08.2025,prometheus-alerts,TRUE
21.08.2025,prometheus-alerts,TRUE
22.08.2025,prometheus-alerts,TRUE
22.08.2025,prometheus-alerts,TRUE
25.08.2025,prometheus-alerts,TRUE
25.08.2025,prometheus-alerts,TRUE
27.08.2025,prometheus-alerts,TRUE
28.08.2025,prometheus-alerts,TRUE
28.08.2025,prometheus-alerts,TRUE
29.08.2025,prometheus-alerts,TRUE
29.08.2025,prometheus-alerts,TRUE
08.09.2025,prometheus-alerts,TRUE
08.09.2025,prometheus-alerts,TRUE
08.09.2025,prometheus-alerts,TRUE
08.09.2025,prometheus-alerts,TRUE
09.09.2025,prometheus-alerts,TRUE
09.09.2025,prometheus-alerts,TRUE
09.09.2025,prometheus-alerts,TRUE
15.09.2025,prometheus-alerts,TRUE
15.09.2025,prometheus-alerts,TRUE
15.09.2025,prometheus-alerts,TRUE
15.09.2025,prometheus-alerts,TRUE
16.09.2025,prometheus-alerts,TRUE
16.09.2025,prometheus-alerts,TRUE
16.09.2025,prometheus-alerts,TRUE
16.09.2025,prometheus-alerts,TRUE
16.09.2025,prometheus-alerts,TRUE
18.09.2025,prometheus-alerts,TRUE
18.09.2025,prometheus-alerts,TRUE
18.09.2025,prometheus-alerts,TRUE
19.09.2025,prometheus-alerts,TRUE
19.09.2025,prometheus-alerts,TRUE
25.09.2025,prometheus-alerts,TRUE
29.09.2025,prometheus-alerts,TRUE
01.10.2025,prometheus-alerts,TRUE
01.10.2025,prometheus-alerts,TRUE
01.10.2025,prometheus-alerts,TRUE
01.10.2025,prometheus-alerts,TRUE
01.10.2025,prometheus-alerts,TRUE
02.10.2025,prometheus-alerts,TRUE
06.10.2025,prometheus-alerts,TRUE
06.10.2025,prometheus-alerts,TRUE
07.10.2025,prometheus-alerts,TRUE
07.10.2025,prometheus-alerts,TRUE
09.10.2025,prometheus-alerts,TRUE
09.10.2025,prometheus-alerts,TRUE
10.10.2025,prometheus-alerts,TRUE
10.10.2025,prometheus-alerts,TRUE
13.10.2025,prometheus-alerts,TRUE
13.10.2025,prometheus-alerts,FALSE
13.10.2025,prometheus-alerts,TRUE
13.10.2025,prometheus-alerts,TRUE
13.10.2025,prometheus-alerts,TRUE
13.10.2025,prometheus-alerts,TRUE
15.10.2025,prometheus-alerts,TRUE
15.10.2025,prometheus-alerts,TRUE
15.10.2025,prometheus-alerts,TRUE
15.10.2025,prometheus-alerts,TRUE
16.10.2025,prometheus-alerts,TRUE
16.10.2025,prometheus-alerts,TRUE
17.10.2025,prometheus-alerts,TRUE
17.10.2025,prometheus-alerts,TRUE
20.10.2025,prometheus-alerts,TRUE
20.10.2025,prometheus-alerts,TRUE
27.10.2025,prometheus-alerts,TRUE
27.10.2025,prometheus-alerts,TRUE
27.10.2025,prometheus-alerts,TRUE
27.10.2025,prometheus-alerts,TRUE
27.10.2025,prometheus-alerts,TRUE
27.10.2025,prometheus-alerts,TRUE
30.10.2025,prometheus-alerts,TRUE
30.10.2025,prometheus-alerts,TRUE
03.11.2025,prometheus-alerts,TRUE
04.11.2025,prometheus-alerts,TRUE
04.11.2025,prometheus-alerts,TRUE
04.11.2025,prometheus-alerts,TRUE
04.11.2025,prometheus-alerts,TRUE
06.11.2025,prometheus-alerts,TRUE
06.11.2025,prometheus-alerts,TRUE
06.11.2025,prometheus-alerts,TRUE
10.11.2025,prometheus-alerts,TRUE
11.11.2025,prometheus-alerts,TRUE
12.11.2025,prometheus-alerts,TRUE
12.11.2025,prometheus-alerts,TRUE
17.11.2025,prometheus-alerts,TRUE
17.11.2025,prometheus-alerts,TRUE
18.11.2025,prometheus-alerts,TRUE
21.11.2025,prometheus-alerts,TRUE
25.11.2025,prometheus-alerts,TRUE
25.11.2025,prometheus-alerts,TRUE
27.11.2025,prometheus-alerts,TRUE
27.11.2025,prometheus-alerts,TRUE
02.12.2025,prometheus-alerts,TRUE
02.12.2025,prometheus-alerts,TRUE
03.12.2025,prometheus-alerts,TRUE
04.12.2025,prometheus-alerts,TRUE
04.12.2025,prometheus-alerts,TRUE
05.12.2025,prometheus-alerts,TRUE
10.12.2025,prometheus-alerts,TRUE
12.12.2025,prometheus-alerts,TRUE
15.12.2025,prometheus-alerts,TRUE
15.12.2025,prometheus-alerts,TRUE
16.12.2025,prometheus-alerts,TRUE
16.12.2025,prometheus-alerts,TRUE
23.12.2025,prometheus-alerts,TRUE
09.01.2026,prometheus-alerts,TRUE
09.01.2026,prometheus-alerts,TRUE
29.01.2026,prometheus-alerts,TRUE
30.01.2026,prometheus-alerts,TRUE
30.01.2026,prometheus-alerts,TRUE
06.02.2026,prometheus-alerts,TRUE
06.02.2026,prometheus-alerts,TRUE
09.02.2026,prometheus-alerts,TRUE
10.02.2026,prometheus-alerts,TRUE
10.02.2026,prometheus-alerts,TRUE
12.02.2026,prometheus-alerts,TRUE
17.02.2026,prometheus-alerts,TRUE
17.02.2026,prometheus-alerts,TRUE
17.02.2026,prometheus-alerts,TRUE
17.02.2026,prometheus-alerts,TRUE
19.02.2026,prometheus-alerts,TRUE
19.02.2026,prometheus-alerts,TRUE
20.02.2026,prometheus-alerts,TRUE
20.02.2026,prometheus-alerts,TRUE
25.02.2026,prometheus-alerts,TRUE
26.02.2026,prometheus-alerts,TRUE
03.03.2026,prometheus-alerts,TRUE
03.03.2026,prometheus-alerts,TRUE
06.03.2026,prometheus-alerts,TRUE
12.03.2026,prometheus-alerts,TRUE
13.03.2026,prometheus-alerts,TRUE
13.03.2026,prometheus-alerts,TRUE
13.03.2026,prometheus-alerts,TRUE
17.03.2026,prometheus-alerts,TRUE
19.03.2026,prometheus-alerts,TRUE
19.03.2026,prometheus-alerts,TRUE
20.03.2026,prometheus-alerts,TRUE
24.03.2026,prometheus-alerts,TRUE
30.03.2026,prometheus-alerts,TRUE
02.04.2026,prometheus-alerts,TRUE
07.04.2026,prometheus-alerts,TRUE
08.04.2026,prometheus-alerts,TRUE
15.04.2026,prometheus-alerts,TRUE
20.04.2026,prometheus-alerts,TRUE
22.04.2026,prometheus-alerts,TRUE
23.04.2026,prometheus-alerts,TRUE
30.04.2026,prometheus-alerts,TRUE
04.05.2026,prometheus-alerts,TRUE
19.05.2026,prometheus-alerts,TRUE
20.05.2026,prometheus-alerts,TRUE
20.05.2026,prometheus-alerts,TRUE
27.05.2026,prometheus-alerts,TRUE
02.06.2026,prometheus-alerts,TRUE
03.06.2026,prometheus-alerts,TRUE
09.06.2026,prometheus-alerts,TRUE
10.06.2026,prometheus-alerts,TRUE
18.06.2026,prometheus-alerts,TRUE
23.06.2026,prometheus-alerts,TRUE
24.06.2026,prometheus-alerts,TRUE
25.06.2026,prometheus-alerts,TRUE
02.07.2026,prometheus-alerts,TRUE
06.07.2026,prometheus-alerts,TRUE
06.07.2026,prometheus-alerts,TRUE
07.07.2026,prometheus-alerts,TRUE
07.07.2026,prometheus-alerts,TRUE
08.07.2026,prometheus-alerts,TRUE
13.07.2026,prometheus-alerts,TRUE
15.07.2026,prometheus-alerts,TRUE
16.07.2026,prometheus-alerts,TRUE
20.07.2026,prometheus-alerts,TRUE
21.07.2026,prometheus-alerts,TRUE
22.07.2026,prometheus-alerts,TRUE
22.07.2026,prometheus-alerts,TRUE
30.07.2026,prometheus-alerts,TRUE
31.07.2026,prometheus-alerts,TRUE
03.08.2026,prometheus-alerts,TRUE
03.08.2026,prometheus-alerts,TRUE
13.08.2026,prometheus-alerts,TRUE
14.08.2026,prometheus-alerts,TRUE
20.08.2026,prometheus-alerts,TRUE
20.08.2026,prometheus-alerts,TRUE
21.08.2026,prometheus-alerts,TRUE
21.08.2026,prometheus-alerts,TRUE
24.08.2026,prometheus-alerts,TRUE
25.08.2026,prometheus-alerts,TRUE
26.08.2026,prometheus-alerts,TRUE
26.08.2026,prometheus-alerts,TRUE
28.08.2026,prometheus-alerts,TRUE
28.08.2026,prometheus-alerts,TRUE
09.10.2024,prometheus-cloudwatch-exporter,TRUE
13.02.2025,prometheus-cloudwatch-exporter,FALSE
13.02.2025,prometheus-cloudwatch-exporter,TRUE
13.02.2025,prometheus-cloudwatch-exporter,TRUE
13.02.2025,prometheus-cloudwatch-exporter,TRUE
13.02.2025,prometheus-cloudwatch-exporter,TRUE
13.02.2025,prometheus-cloudwatch-exporter,TRUE
13.02.2025,prometheus-cloudwatch-exporter,TRUE
13.02.2025,prometheus-cloudwatch-exporter,TRUE
16.05.2025,prometheus-cloudwatch-exporter,TRUE
16.05.2025,prometheus-cloudwatch-exporter,TRUE
16.05.2025,prometheus-cloudwatch-exporter,TRUE
16.05.2025,prometheus-cloudwatch-exporter,TRUE
17.09.2025,prometheus-cloudwatch-exporter,TRUE
17.09.2025,prometheus-cloudwatch-exporter,TRUE
07.10.2025,prometheus-cloudwatch-exporter,TRUE
07.10.2025,prometheus-cloudwatch-exporter,TRUE
06.11.2025,prometheus-cloudwatch-exporter,TRUE
02.01.2026,prometheus-cloudwatch-exporter,TRUE
27.05.2026,prometheus-cloudwatch-exporter,TRUE
03.08.2026,prometheus-elasticsearch-exporter,TRUE
03.08.2026,prometheus-elasticsearch-exporter,TRUE
03.08.2026,prometheus-elasticsearch-exporter,TRUE
04.08.2026,prometheus-elasticsearch-exporter,TRUE
16.05.2025,prometheus-stackdriver-exporter,TRUE
16.05.2025,prometheus-stackdriver-exporter,TRUE
25.06.2025,prometheus-stackdriver-exporter,TRUE
14.07.2025,prometheus-stackdriver-exporter,TRUE
21.08.2025,prometheus-stackdriver-exporter,TRUE
21.08.2025,prometheus-stackdriver-exporter,TRUE
02.09.2025,prometheus-stackdriver-exporter,TRUE
12.12.2025,prometheus-stackdriver-exporter,TRUE
19.08.2026,prometheus-stackdriver-exporter,TRUE
26.08.2026,prometheus-stackdriver-exporter,TRUE
10.07.2025,prometheus-uptrends-exporter,TRUE
21.08.2025,prometheus-uptrends-exporter,TRUE
08.09.2025,prometheus-uptrends-exporter,TRUE
30.09.2025,prometheus-uptrends-exporter,TRUE
31.12.2025,prometheus-uptrends-exporter,TRUE
02.02.2026,prometheus-uptrends-exporter,TRUE
05.02.2026,prometheus-uptrends-exporter,TRUE
14.07.2026,prometheus-uptrends-exporter,TRUE
08.01.2024,prometheus,TRUE
08.01.2024,prometheus,TRUE
10.01.2024,prometheus,TRUE
10.01.2024,prometheus,TRUE
16.01.2024,prometheus,TRUE
16.01.2024,prometheus,TRUE
16.01.2024,prometheus,TRUE
22.01.2024,prometheus,TRUE
22.01.2024,prometheus,TRUE
22.01.2024,prometheus,TRUE
22.01.2024,prometheus,TRUE
22.01.2024,prometheus,TRUE
22.01.2024,prometheus,TRUE
29.01.2024,prometheus,TRUE
31.01.2024,prometheus,TRUE
31.01.2024,prometheus,TRUE
31.01.2024,prometheus,TRUE
21.02.2024,prometheus,TRUE
21.02.2024,prometheus,TRUE
21.02.2024,prometheus,TRUE
13.03.2024,prometheus,TRUE
13.03.2024,prometheus,TRUE
18.03.2024,prometheus,TRUE
18.03.2024,prometheus,TRUE
18.03.2024,prometheus,TRUE
04.04.2024,prometheus,TRUE
04.04.2024,prometheus,TRUE
04.04.2024,prometheus,TRUE
30.04.2024,prometheus,TRUE
28.05.2024,prometheus,TRUE
28.05.2024,prometheus,TRUE
11.06.2024,prometheus,TRUE
18.06.2024,prometheus,TRUE
16.07.2024,prometheus,TRUE
16.07.2024,prometheus,TRUE
16.07.2024,prometheus,TRUE
16.07.2024,prometheus,TRUE
17.07.2024,prometheus,TRUE
17.07.2024,prometheus,TRUE
19.07.2024,prometheus,TRUE
19.07.2024,prometheus,TRUE
02.08.2024,prometheus,TRUE
02.08.2024,prometheus,TRUE
08.08.2024,prometheus,TRUE
08.08.2024,prometheus,TRUE
08.08.2024,prometheus,TRUE
28.08.2024,prometheus,TRUE
28.08.2024,prometheus,TRUE
28.08.2024,prometheus,TRUE
28.08.2024,prometheus,FALSE
28.08.2024,prometheus,TRUE
08.10.2024,prometheus,TRUE
17.10.2024,prometheus,TRUE
17.10.2024,prometheus,TRUE
17.10.2024,prometheus,TRUE
17.10.2024,prometheus,TRUE
21.10.2024,prometheus,TRUE
21.10.2024,prometheus,TRUE
13.11.2024,prometheus,TRUE
13.11.2024,prometheus,TRUE
09.12.2024,prometheus,TRUE
09.12.2024,prometheus,TRUE
12.12.2024,prometheus,TRUE
12.12.2024,prometheus,TRUE
12.12.2024,prometheus,TRUE
12.12.2024,prometheus,TRUE
12.12.2024,prometheus,TRUE
13.12.2024,prometheus,TRUE
20.12.2024,prometheus,TRUE
20.12.2024,prometheus,TRUE
23.12.2024,prometheus,TRUE
23.12.2024,prometheus,TRUE
27.12.2024,prometheus,TRUE
27.12.2024,prometheus,TRUE
07.01.2025,prometheus,TRUE
07.01.2025,prometheus,TRUE
08.01.2025,prometheus,TRUE
08.01.2025,prometheus,TRUE
10.01.2025,prometheus,TRUE
10.01.2025,prometheus,TRUE
14.01.2025,prometheus,TRUE
14.01.2025,prometheus,TRUE
16.01.2025,prometheus,TRUE
29.01.2025,prometheus,TRUE
29.01.2025,prometheus,TRUE
30.01.2025,prometheus,TRUE
03.02.2025,prometheus,TRUE
11.02.2025,prometheus,TRUE
11.02.2025,prometheus,TRUE
28.02.2025,prometheus,TRUE
28.02.2025,prometheus,TRUE
28.02.2025,prometheus,TRUE
04.03.2025,prometheus,TRUE
04.03.2025,prometheus,TRUE
04.03.2025,prometheus,TRUE
14.03.2025,prometheus,TRUE
19.03.2025,prometheus,TRUE
19.03.2025,prometheus,TRUE
19.03.2025,prometheus,TRUE
19.03.2025,prometheus,TRUE
20.03.2025,prometheus,TRUE
20.03.2025,prometheus,TRUE
04.04.2025,prometheus,TRUE
04.04.2025,prometheus,TRUE
04.04.2025,prometheus,TRUE
07.04.2025,prometheus,TRUE
07.04.2025,prometheus,TRUE
08.04.2025,prometheus,TRUE
08.04.2025,prometheus,TRUE
08.04.2025,prometheus,TRUE
08.04.2025,prometheus,TRUE
08.04.2025,prometheus,TRUE
09.04.2025,prometheus,TRUE
09.04.2025,prometheus,TRUE
14.04.2025,prometheus,TRUE
14.04.2025,prometheus,TRUE
07.05.2025,prometheus,TRUE
07.05.2025,prometheus,TRUE
07.05.2025,prometheus,TRUE
07.05.2025,prometheus,TRUE
15.05.2025,prometheus,TRUE
15.05.2025,prometheus,TRUE
27.05.2025,prometheus,TRUE
27.05.2025,prometheus,TRUE
27.05.2025,prometheus,TRUE
27.05.2025,prometheus,TRUE
29.05.2025,prometheus,TRUE
29.05.2025,prometheus,TRUE
27.06.2025,prometheus,TRUE
27.06.2025,prometheus,TRUE
27.06.2025,prometheus,TRUE
27.06.2025,prometheus,TRUE
03.07.2025,prometheus,TRUE
03.07.2025,prometheus,TRUE
07.07.2025,prometheus,TRUE
07.07.2025,prometheus,TRUE
07.07.2025,prometheus,TRUE
07.07.2025,prometheus,TRUE
07.07.2025,prometheus,TRUE
07.07.2025,prometheus,TRUE
10.07.2025,prometheus,TRUE
10.07.2025,prometheus,TRUE
10.07.2025,prometheus,TRUE
10.07.2025,prometheus,TRUE
14.07.2025,prometheus,TRUE
14.07.2025,prometheus,TRUE
14.07.2025,prometheus,TRUE
15.07.2025,prometheus,TRUE
15.07.2025,prometheus,TRUE
16.07.2025,prometheus,TRUE
16.07.2025,prometheus,TRUE
16.07.2025,prometheus,TRUE
17.07.2025,prometheus,TRUE
17.07.2025,prometheus,TRUE
17.07.2025,prometheus,TRUE
17.07.2025,prometheus,TRUE
23.07.2025,prometheus,TRUE
23.07.2025,prometheus,TRUE
29.07.2025,prometheus,TRUE
29.07.2025,prometheus,TRUE
31.07.2025,prometheus,TRUE
31.07.2025,prometheus,TRUE
01.08.2025,prometheus,TRUE
05.08.2025,prometheus,TRUE
05.08.2025,prometheus,TRUE
05.08.2025,prometheus,TRUE
05.08.2025,prometheus,TRUE
06.08.2025,prometheus,TRUE
06.08.2025,prometheus,TRUE
07.08.2025,prometheus,TRUE
07.08.2025,prometheus,TRUE
13.08.2025,prometheus,TRUE
13.08.2025,prometheus,TRUE
19.08.2025,prometheus,TRUE
19.08.2025,prometheus,TRUE
21.08.2025,prometheus,TRUE
21.08.2025,prometheus,TRUE
22.08.2025,prometheus,TRUE
22.08.2025,prometheus,TRUE
27.08.2025,prometheus,TRUE
27.08.2025,prometheus,TRUE
29.08.2025,prometheus,TRUE
29.08.2025,prometheus,TRUE
16.09.2025,prometheus,TRUE
16.09.2025,prometheus,TRUE
16.09.2025,prometheus,TRUE
16.09.2025,prometheus,TRUE
17.09.2025,prometheus,TRUE
17.09.2025,prometheus,TRUE
29.09.2025,prometheus,TRUE
07.10.2025,prometheus,TRUE
07.10.2025,prometheus,TRUE
10.10.2025,prometheus,TRUE
10.10.2025,prometheus,TRUE
13.10.2025,prometheus,TRUE
13.10.2025,prometheus,TRUE
17.10.2025,prometheus,TRUE
17.10.2025,prometheus,TRUE
27.10.2025,prometheus,TRUE
27.10.2025,prometheus,TRUE
14.11.2025,prometheus,TRUE
27.11.2025,prometheus,TRUE
27.11.2025,prometheus,TRUE
02.12.2025,prometheus,TRUE
12.12.2025,prometheus,TRUE
15.12.2025,prometheus,TRUE
23.01.2026,prometheus,TRUE
23.01.2026,prometheus,TRUE
26.01.2026,prometheus,TRUE
26.01.2026,prometheus,TRUE
27.01.2026,prometheus,TRUE
28.01.2026,prometheus,TRUE
30.01.2026,prometheus,TRUE
02.02.2026,prometheus,TRUE
03.02.2026,prometheus,TRUE
09.02.2026,prometheus,TRUE
10.02.2026,prometheus,TRUE
17.02.2026,prometheus,TRUE
17.02.2026,prometheus,TRUE
20.03.2026,prometheus,TRUE
30.03.2026,prometheus,TRUE
16.04.2026,prometheus,TRUE
11.05.2026,prometheus,TRUE
13.05.2026,prometheus,TRUE
01.06.2026,prometheus,TRUE
02.06.2026,prometheus,TRUE
05.06.2026,prometheus,TRUE
05.06.2026,prometheus,TRUE
22.06.2026,prometheus,TRUE
07.07.2026,prometheus,TRUE
07.07.2026,prometheus,TRUE
20.07.2026,prometheus,TRUE
31.07.2026,prometheus,TRUE
12.08.2026,prometheus,TRUE
12.08.2026,prometheus,TRUE
19.08.2026,prometheus,TRUE
26.08.2026,prometheus,TRUE
15.01.2024,pulsar,TRUE
15.01.2024,pulsar,TRUE
22.01.2024,pulsar,TRUE
22.01.2024,pulsar,TRUE
20.02.2024,pulsar,TRUE
20.02.2024,pulsar,TRUE
25.03.2024,pulsar,TRUE
25.03.2024,pulsar,TRUE
29.04.2024,pulsar,TRUE
07.05.2024,pulsar,TRUE
07.05.2024,pulsar,TRUE
07.05.2024,pulsar,TRUE
07.05.2024,pulsar,TRUE
07.05.2024,pulsar,TRUE
07.05.2024,pulsar,TRUE
07.05.2024,pulsar,TRUE
07.05.2024,pulsar,TRUE
22.05.2024,pulsar,TRUE
22.05.2024,pulsar,TRUE
22.05.2024,pulsar,TRUE
22.05.2024,pulsar,TRUE
28.05.2024,pulsar,TRUE
28.05.2024,pulsar,TRUE
11.06.2024,pulsar,TRUE
11.06.2024,pulsar,TRUE
19.06.2024,pulsar,TRUE
19.06.2024,pulsar,TRUE
20.06.2024,pulsar,TRUE
20.06.2024,pulsar,TRUE
03.07.2024,pulsar,TRUE
03.07.2024,pulsar,TRUE
09.07.2024,pulsar,TRUE
09.07.2024,pulsar,TRUE
06.08.2024,pulsar,TRUE
06.08.2024,pulsar,TRUE
14.08.2024,pulsar,TRUE
20.08.2024,pulsar,TRUE
20.08.2024,pulsar,TRUE
20.08.2024,pulsar,FALSE
20.08.2024,pulsar,TRUE
20.08.2024,pulsar,TRUE
20.08.2024,pulsar,TRUE
25.09.2024,pulsar,TRUE
25.09.2024,pulsar,TRUE
25.09.2024,pulsar,TRUE
25.09.2024,pulsar,TRUE
09.10.2024,pulsar,TRUE
09.10.2024,pulsar,TRUE
09.10.2024,pulsar,TRUE
09.10.2024,pulsar,TRUE
03.12.2024,pulsar,TRUE
03.12.2024,pulsar,TRUE
04.12.2024,pulsar,TRUE
04.12.2024,pulsar,TRUE
09.12.2024,pulsar,TRUE
09.12.2024,pulsar,TRUE
12.12.2024,pulsar,TRUE
12.12.2024,pulsar,TRUE
05.03.2025,pulsar,TRUE
05.03.2025,pulsar,TRUE
05.03.2025,pulsar,TRUE
05.03.2025,pulsar,TRUE
05.03.2025,pulsar,TRUE
05.03.2025,pulsar,TRUE
05.03.2025,pulsar,TRUE
05.03.2025,pulsar,TRUE
05.03.2025,pulsar,TRUE
05.03.2025,pulsar,TRUE
05.03.2025,pulsar,TRUE
05.03.2025,pulsar,TRUE
05.03.2025,pulsar,TRUE
05.03.2025,pulsar,TRUE
31.03.2025,pulsar,TRUE
31.03.2025,pulsar,TRUE
09.04.2025,pulsar,TRUE
09.04.2025,pulsar,TRUE
10.04.2025,pulsar,TRUE
10.04.2025,pulsar,TRUE
13.05.2025,pulsar,TRUE
13.05.2025,pulsar,TRUE
19.05.2025,pulsar,TRUE
19.05.2025,pulsar,TRUE
20.05.2025,pulsar,TRUE
20.05.2025,pulsar,TRUE
20.05.2025,pulsar,TRUE
20.05.2025,pulsar,TRUE
21.05.2025,pulsar,TRUE
21.05.2025,pulsar,TRUE
21.05.2025,pulsar,TRUE
21.05.2025,pulsar,TRUE
21.05.2025,pulsar,TRUE
21.05.2025,pulsar,TRUE
22.05.2025,pulsar,TRUE
22.05.2025,pulsar,TRUE
22.05.2025,pulsar,TRUE
22.05.2025,pulsar,TRUE
23.05.2025,pulsar,TRUE
23.05.2025,pulsar,TRUE
29.05.2025,pulsar,TRUE
29.05.2025,pulsar,TRUE
02.06.2025,pulsar,TRUE
02.06.2025,pulsar,TRUE
04.06.2025,pulsar,TRUE
04.06.2025,pulsar,TRUE
12.06.2025,pulsar,TRUE
12.06.2025,pulsar,TRUE
13.06.2025,pulsar,TRUE
13.06.2025,pulsar,TRUE
13.06.2025,pulsar,TRUE
13.06.2025,pulsar,TRUE
24.06.2025,pulsar,TRUE
24.06.2025,pulsar,TRUE
24.06.2025,pulsar,TRUE
24.06.2025,pulsar,TRUE
31.07.2025,pulsar,TRUE
31.07.2025,pulsar,TRUE
26.08.2025,pulsar,TRUE
26.08.2025,pulsar,TRUE
27.08.2025,pulsar,TRUE
27.08.2025,pulsar,TRUE
27.08.2025,pulsar,TRUE
27.08.2025,pulsar,TRUE
27.08.2025,pulsar,TRUE
27.08.2025,pulsar,TRUE
27.08.2025,pulsar,TRUE
27.08.2025,pulsar,TRUE
29.08.2025,pulsar,TRUE
29.08.2025,pulsar,TRUE
01.09.2025,pulsar,TRUE
01.09.2025,pulsar,TRUE
01.09.2025,pulsar,TRUE
01.09.2025,pulsar,TRUE
08.09.2025,pulsar,TRUE
08.09.2025,pulsar,TRUE
16.09.2025,pulsar,TRUE
16.09.2025,pulsar,TRUE
18.09.2025,pulsar,TRUE
18.09.2025,pulsar,TRUE
02.10.2025,pulsar,TRUE
02.10.2025,pulsar,TRUE
22.10.2025,pulsar,TRUE
22.10.2025,pulsar,TRUE
31.10.2025,pulsar,TRUE
31.10.2025,pulsar,TRUE
25.11.2025,pulsar,TRUE
25.11.2025,pulsar,TRUE
26.11.2025,pulsar,TRUE
26.11.2025,pulsar,TRUE
01.12.2025,pulsar,TRUE
01.12.2025,pulsar,TRUE
08.12.2025,pulsar,TRUE
08.12.2025,pulsar,TRUE
08.12.2025,pulsar,TRUE
08.12.2025,pulsar,TRUE
08.12.2025,pulsar,TRUE
08.12.2025,pulsar,TRUE
09.12.2025,pulsar,TRUE
09.12.2025,pulsar,TRUE
10.12.2025,pulsar,TRUE
10.12.2025,pulsar,TRUE
19.12.2025,pulsar,TRUE
19.12.2025,pulsar,TRUE
26.01.2026,pulsar,TRUE
26.01.2026,pulsar,TRUE
28.01.2026,pulsar,TRUE
28.01.2026,pulsar,TRUE
29.01.2026,pulsar,TRUE
29.01.2026,pulsar,TRUE
02.02.2026,pulsar,TRUE
02.02.2026,pulsar,TRUE
03.02.2026,pulsar,TRUE
03.02.2026,pulsar,TRUE
09.02.2026,pulsar,TRUE
09.02.2026,pulsar,TRUE
10.02.2026,pulsar,TRUE
10.02.2026,pulsar,TRUE
23.02.2026,pulsar,TRUE
23.02.2026,pulsar,TRUE
03.03.2026,pulsar,TRUE
03.03.2026,pulsar,TRUE
03.03.2026,pulsar,TRUE
03.03.2026,pulsar,TRUE
04.03.2026,pulsar,TRUE
04.03.2026,pulsar,TRUE
25.03.2026,pulsar,TRUE
25.03.2026,pulsar,TRUE
25.03.2026,pulsar,TRUE
25.03.2026,pulsar,TRUE
25.03.2026,pulsar,TRUE
25.03.2026,pulsar,TRUE
27.03.2026,pulsar,TRUE
27.03.2026,pulsar,TRUE
31.03.2026,pulsar,TRUE
31.03.2026,pulsar,TRUE
08.04.2026,pulsar,TRUE
08.04.2026,pulsar,TRUE
15.04.2026,pulsar,TRUE
15.04.2026,pulsar,TRUE
23.04.2026,pulsar,TRUE
23.04.2026,pulsar,TRUE
28.04.2026,pulsar,TRUE
28.04.2026,pulsar,TRUE
08.06.2026,pulsar,TRUE
08.06.2026,pulsar,TRUE
17.06.2026,pulsar,TRUE
17.06.2026,pulsar,TRUE
30.06.2026,pulsar,TRUE
30.06.2026,pulsar,TRUE
07.08.2026,pulsar,TRUE
07.08.2026,pulsar,TRUE
07.08.2026,pulsar,TRUE
07.08.2026,pulsar,TRUE
13.08.2026,pulsar,TRUE
13.08.2026,pulsar,TRUE
18.08.2026,pulsar,TRUE
18.08.2026,pulsar,TRUE
11.01.2024,qualitrain-admin-frontend,TRUE
16.01.2024,qualitrain-admin-frontend,TRUE
31.01.2024,qualitrain-admin-frontend,TRUE
02.02.2024,qualitrain-admin-frontend,TRUE
09.02.2024,qualitrain-admin-frontend,TRUE
29.02.2024,qualitrain-admin-frontend,TRUE
05.03.2024,qualitrain-admin-frontend,TRUE
05.03.2024,qualitrain-admin-frontend,TRUE
11.03.2024,qualitrain-admin-frontend,TRUE
11.03.2024,qualitrain-admin-frontend,TRUE
18.03.2024,qualitrain-admin-frontend,TRUE
28.03.2024,qualitrain-admin-frontend,TRUE
01.04.2024,qualitrain-admin-frontend,TRUE
05.04.2024,qualitrain-admin-frontend,TRUE
09.04.2024,qualitrain-admin-frontend,TRUE
25.04.2024,qualitrain-admin-frontend,TRUE
26.04.2024,qualitrain-admin-frontend,TRUE
30.04.2024,qualitrain-admin-frontend,TRUE
29.05.2024,qualitrain-admin-frontend,TRUE
31.05.2024,qualitrain-admin-frontend,TRUE
18.06.2024,qualitrain-admin-frontend,TRUE
19.06.2024,qualitrain-admin-frontend,TRUE
02.07.2024,qualitrain-admin-frontend,TRUE
02.07.2024,qualitrain-admin-frontend,TRUE
03.07.2024,qualitrain-admin-frontend,TRUE
08.07.2024,qualitrain-admin-frontend,TRUE
10.07.2024,qualitrain-admin-frontend,TRUE
23.08.2024,qualitrain-admin-frontend,TRUE
03.09.2024,qualitrain-admin-frontend,TRUE
09.09.2024,qualitrain-admin-frontend,TRUE
16.09.2024,qualitrain-admin-frontend,TRUE
16.09.2024,qualitrain-admin-frontend,TRUE
23.09.2024,qualitrain-admin-frontend,TRUE
01.10.2024,qualitrain-admin-frontend,TRUE
07.10.2024,qualitrain-admin-frontend,TRUE
07.10.2024,qualitrain-admin-frontend,TRUE
08.10.2024,qualitrain-admin-frontend,TRUE
14.10.2024,qualitrain-admin-frontend,TRUE
16.10.2024,qualitrain-admin-frontend,TRUE
17.10.2024,qualitrain-admin-frontend,TRUE
07.11.2024,qualitrain-admin-frontend,TRUE
11.11.2024,qualitrain-admin-frontend,TRUE
13.11.2024,qualitrain-admin-frontend,TRUE
18.11.2024,qualitrain-admin-frontend,TRUE
19.11.2024,qualitrain-admin-frontend,TRUE
21.11.2024,qualitrain-admin-frontend,TRUE
21.11.2024,qualitrain-admin-frontend,TRUE
26.11.2024,qualitrain-admin-frontend,TRUE
26.11.2024,qualitrain-admin-frontend,TRUE
27.11.2024,qualitrain-admin-frontend,TRUE
28.11.2024,qualitrain-admin-frontend,TRUE
02.12.2024,qualitrain-admin-frontend,TRUE
13.12.2024,qualitrain-admin-frontend,TRUE
20.12.2024,qualitrain-admin-frontend,TRUE
06.01.2025,qualitrain-admin-frontend,TRUE
06.01.2025,qualitrain-admin-frontend,TRUE
09.01.2025,qualitrain-admin-frontend,TRUE
13.01.2025,qualitrain-admin-frontend,TRUE
10.02.2025,qualitrain-admin-frontend,TRUE
11.02.2025,qualitrain-admin-frontend,TRUE
17.02.2025,qualitrain-admin-frontend,TRUE
19.02.2025,qualitrain-admin-frontend,TRUE
19.02.2025,qualitrain-admin-frontend,TRUE
24.02.2025,qualitrain-admin-frontend,TRUE
25.02.2025,qualitrain-admin-frontend,TRUE
10.03.2025,qualitrain-admin-frontend,TRUE
10.03.2025,qualitrain-admin-frontend,TRUE
11.03.2025,qualitrain-admin-frontend,TRUE
14.03.2025,qualitrain-admin-frontend,TRUE
14.03.2025,qualitrain-admin-frontend,TRUE
14.03.2025,qualitrain-admin-frontend,TRUE
17.03.2025,qualitrain-admin-frontend,TRUE
17.03.2025,qualitrain-admin-frontend,TRUE
18.03.2025,qualitrain-admin-frontend,TRUE
04.04.2025,qualitrain-admin-frontend,TRUE
09.04.2025,qualitrain-admin-frontend,TRUE
09.04.2025,qualitrain-admin-frontend,FALSE
09.04.2025,qualitrain-admin-frontend,TRUE
09.04.2025,qualitrain-admin-frontend,TRUE
10.04.2025,qualitrain-admin-frontend,TRUE
10.04.2025,qualitrain-admin-frontend,TRUE
16.04.2025,qualitrain-admin-frontend,TRUE
24.04.2025,qualitrain-admin-frontend,TRUE
28.04.2025,qualitrain-admin-frontend,TRUE
29.04.2025,qualitrain-admin-frontend,TRUE
30.04.2025,qualitrain-admin-frontend,TRUE
05.05.2025,qualitrain-admin-frontend,TRUE
06.05.2025,qualitrain-admin-frontend,TRUE
09.05.2025,qualitrain-admin-frontend,TRUE
12.05.2025,qualitrain-admin-frontend,TRUE
12.05.2025,qualitrain-admin-frontend,TRUE
12.05.2025,qualitrain-admin-frontend,TRUE
13.05.2025,qualitrain-admin-frontend,TRUE
13.05.2025,qualitrain-admin-frontend,TRUE
14.05.2025,qualitrain-admin-frontend,TRUE
15.05.2025,qualitrain-admin-frontend,TRUE
19.05.2025,qualitrain-admin-frontend,TRUE
26.05.2025,qualitrain-admin-frontend,TRUE
26.05.2025,qualitrain-admin-frontend,TRUE
27.05.2025,qualitrain-admin-frontend,TRUE
27.05.2025,qualitrain-admin-frontend,TRUE
27.05.2025,qualitrain-admin-frontend,TRUE
03.06.2025,qualitrain-admin-frontend,TRUE
03.06.2025,qualitrain-admin-frontend,TRUE
06.06.2025,qualitrain-admin-frontend,TRUE
12.06.2025,qualitrain-admin-frontend,TRUE
16.06.2025,qualitrain-admin-frontend,TRUE
18.06.2025,qualitrain-admin-frontend,TRUE
20.06.2025,qualitrain-admin-frontend,TRUE
23.06.2025,qualitrain-admin-frontend,TRUE
24.06.2025,qualitrain-admin-frontend,TRUE
24.06.2025,qualitrain-admin-frontend,TRUE
27.06.2025,qualitrain-admin-frontend,TRUE
07.07.2025,qualitrain-admin-frontend,TRUE
07.07.2025,qualitrain-admin-frontend,TRUE
10.07.2025,qualitrain-admin-frontend,TRUE
23.07.2025,qualitrain-admin-frontend,TRUE
23.07.2025,qualitrain-admin-frontend,TRUE
23.07.2025,qualitrain-admin-frontend,TRUE
24.07.2025,qualitrain-admin-frontend,TRUE
28.07.2025,qualitrain-admin-frontend,TRUE
04.08.2025,qualitrain-admin-frontend,TRUE
06.08.2025,qualitrain-admin-frontend,TRUE
06.08.2025,qualitrain-admin-frontend,TRUE
06.08.2025,qualitrain-admin-frontend,FALSE
06.08.2025,qualitrain-admin-frontend,TRUE
11.08.2025,qualitrain-admin-frontend,TRUE
11.08.2025,qualitrain-admin-frontend,TRUE
11.08.2025,qualitrain-admin-frontend,TRUE
11.08.2025,qualitrain-admin-frontend,TRUE
25.08.2025,qualitrain-admin-frontend,TRUE
29.08.2025,qualitrain-admin-frontend,TRUE
01.09.2025,qualitrain-admin-frontend,TRUE
04.09.2025,qualitrain-admin-frontend,TRUE
08.09.2025,qualitrain-admin-frontend,TRUE
09.09.2025,qualitrain-admin-frontend,TRUE
18.09.2025,qualitrain-admin-frontend,TRUE
22.09.2025,qualitrain-admin-frontend,TRUE
24.09.2025,qualitrain-admin-frontend,TRUE
25.09.2025,qualitrain-admin-frontend,TRUE
29.09.2025,qualitrain-admin-frontend,TRUE
09.10.2025,qualitrain-admin-frontend,TRUE
14.10.2025,qualitrain-admin-frontend,TRUE
14.10.2025,qualitrain-admin-frontend,FALSE
15.10.2025,qualitrain-admin-frontend,TRUE
15.10.2025,qualitrain-admin-frontend,TRUE
16.10.2025,qualitrain-admin-frontend,TRUE
21.10.2025,qualitrain-admin-frontend,TRUE
28.10.2025,qualitrain-admin-frontend,TRUE
03.11.2025,qualitrain-admin-frontend,TRUE
04.11.2025,qualitrain-admin-frontend,TRUE
07.11.2025,qualitrain-admin-frontend,TRUE
12.11.2025,qualitrain-admin-frontend,TRUE
13.11.2025,qualitrain-admin-frontend,TRUE
18.11.2025,qualitrain-admin-frontend,TRUE
19.11.2025,qualitrain-admin-frontend,TRUE
20.11.2025,qualitrain-admin-frontend,TRUE
21.11.2025,qualitrain-admin-frontend,TRUE
24.11.2025,qualitrain-admin-frontend,TRUE
26.11.2025,qualitrain-admin-frontend,TRUE
01.12.2025,qualitrain-admin-frontend,TRUE
02.12.2025,qualitrain-admin-frontend,TRUE
03.12.2025,qualitrain-admin-frontend,TRUE
05.12.2025,qualitrain-admin-frontend,TRUE
08.12.2025,qualitrain-admin-frontend,TRUE
08.12.2025,qualitrain-admin-frontend,TRUE
09.12.2025,qualitrain-admin-frontend,TRUE
10.12.2025,qualitrain-admin-frontend,TRUE
11.12.2025,qualitrain-admin-frontend,TRUE
16.12.2025,qualitrain-admin-frontend,TRUE
06.01.2026,qualitrain-admin-frontend,TRUE
20.01.2026,qualitrain-admin-frontend,TRUE
22.01.2026,qualitrain-admin-frontend,TRUE
23.01.2026,qualitrain-admin-frontend,TRUE
26.01.2026,qualitrain-admin-frontend,TRUE
26.01.2026,qualitrain-admin-frontend,TRUE
03.02.2026,qualitrain-admin-frontend,TRUE
09.02.2026,qualitrain-admin-frontend,TRUE
16.02.2026,qualitrain-admin-frontend,TRUE
23.02.2026,qualitrain-admin-frontend,TRUE
26.02.2026,qualitrain-admin-frontend,TRUE
02.03.2026,qualitrain-admin-frontend,TRUE
03.03.2026,qualitrain-admin-frontend,TRUE
10.03.2026,qualitrain-admin-frontend,TRUE
12.03.2026,qualitrain-admin-frontend,TRUE
26.03.2026,qualitrain-admin-frontend,TRUE
31.03.2026,qualitrain-admin-frontend,TRUE
11.05.2026,qualitrain-admin-frontend,TRUE
21.05.2026,qualitrain-admin-frontend,TRUE
27.05.2026,qualitrain-admin-frontend,TRUE
02.06.2026,qualitrain-admin-frontend,TRUE
11.06.2026,qualitrain-admin-frontend,TRUE
25.06.2026,qualitrain-admin-frontend,TRUE
02.07.2026,qualitrain-admin-frontend,TRUE
03.07.2026,qualitrain-admin-frontend,TRUE
03.07.2026,qualitrain-admin-frontend,TRUE
07.07.2026,qualitrain-admin-frontend,TRUE
21.07.2026,qualitrain-admin-frontend,TRUE
23.07.2026,qualitrain-admin-frontend,TRUE
23.07.2026,qualitrain-admin-frontend,TRUE
27.07.2026,qualitrain-admin-frontend,TRUE
27.07.2026,qualitrain-admin-frontend,TRUE
28.07.2026,qualitrain-admin-frontend,TRUE
30.07.2026,qualitrain-admin-frontend,TRUE
13.08.2026,qualitrain-admin-frontend,TRUE
14.08.2026,qualitrain-admin-frontend,TRUE
14.08.2026,qualitrain-admin-frontend,TRUE
18.08.2026,qualitrain-admin-frontend,TRUE
24.08.2026,qualitrain-admin-frontend,TRUE
12.04.2024,qualitrain-api-service,TRUE
18.04.2024,qualitrain-api-service,TRUE
22.04.2024,qualitrain-api-service,TRUE
08.08.2024,qualitrain-api-service,TRUE
21.08.2024,qualitrain-api-service,TRUE
03.09.2024,qualitrain-api-service,TRUE
01.10.2024,qualitrain-api-service,TRUE
10.10.2024,qualitrain-api-service,TRUE
16.10.2024,qualitrain-api-service,TRUE
21.10.2024,qualitrain-api-service,TRUE
23.10.2024,qualitrain-api-service,TRUE
23.10.2024,qualitrain-api-service,TRUE
25.10.2024,qualitrain-api-service,TRUE
20.12.2024,qualitrain-api-service,TRUE
23.12.2024,qualitrain-api-service,TRUE
07.01.2025,qualitrain-api-service,TRUE
28.01.2025,qualitrain-api-service,TRUE
27.03.2025,qualitrain-api-service,TRUE
31.03.2025,qualitrain-api-service,TRUE
22.05.2025,qualitrain-api-service,TRUE
03.06.2025,qualitrain-api-service,TRUE
04.06.2025,qualitrain-api-service,TRUE
24.06.2025,qualitrain-api-service,TRUE
21.07.2025,qualitrain-api-service,TRUE
21.07.2025,qualitrain-api-service,TRUE
07.08.2025,qualitrain-api-service,TRUE
14.08.2025,qualitrain-api-service,TRUE
25.08.2025,qualitrain-api-service,TRUE
09.10.2025,qualitrain-api-service,TRUE
06.11.2025,qualitrain-api-service,TRUE
12.01.2026,qualitrain-api-service,TRUE
19.01.2026,qualitrain-api-service,TRUE
05.02.2026,qualitrain-api-service,TRUE
16.02.2026,qualitrain-api-service,TRUE
23.02.2026,qualitrain-api-service,TRUE
24.02.2026,qualitrain-api-service,TRUE
10.03.2026,qualitrain-api-service,TRUE
30.03.2026,qualitrain-api-service,TRUE
03.07.2026,qualitrain-api-service,TRUE
03.07.2026,qualitrain-api-service,TRUE
08.07.2026,qualitrain-api-service,TRUE
15.07.2026,qualitrain-api-service,TRUE
17.07.2026,qualitrain-api-service,TRUE
22.07.2026,qualitrain-api-service,TRUE
05.01.2024,qualitrain-checkin-service,TRUE
30.01.2024,qualitrain-checkin-service,TRUE
12.02.2024,qualitrain-checkin-service,TRUE
03.04.2024,qualitrain-checkin-service,TRUE
08.08.2024,qualitrain-checkin-service,TRUE
20.08.2024,qualitrain-checkin-service,TRUE
23.08.2024,qualitrain-checkin-service,TRUE
02.09.2024,qualitrain-checkin-service,TRUE
12.09.2024,qualitrain-checkin-service,TRUE
13.09.2024,qualitrain-checkin-service,TRUE
19.09.2024,qualitrain-checkin-service,TRUE
07.10.2024,qualitrain-checkin-service,TRUE
09.10.2024,qualitrain-checkin-service,TRUE
16.10.2024,qualitrain-checkin-service,TRUE
21.10.2024,qualitrain-checkin-service,TRUE
04.11.2024,qualitrain-checkin-service,TRUE
07.11.2024,qualitrain-checkin-service,TRUE
11.11.2024,qualitrain-checkin-service,TRUE
26.11.2024,qualitrain-checkin-service,TRUE
10.12.2024,qualitrain-checkin-service,TRUE
18.12.2024,qualitrain-checkin-service,TRUE
19.12.2024,qualitrain-checkin-service,TRUE
09.01.2025,qualitrain-checkin-service,TRUE
29.01.2025,qualitrain-checkin-service,TRUE
31.01.2025,qualitrain-checkin-service,TRUE
03.02.2025,qualitrain-checkin-service,TRUE
03.02.2025,qualitrain-checkin-service,TRUE
05.02.2025,qualitrain-checkin-service,TRUE
10.02.2025,qualitrain-checkin-service,TRUE
11.02.2025,qualitrain-checkin-service,TRUE
06.03.2025,qualitrain-checkin-service,TRUE
10.03.2025,qualitrain-checkin-service,TRUE
10.03.2025,qualitrain-checkin-service,TRUE
10.03.2025,qualitrain-checkin-service,TRUE
11.03.2025,qualitrain-checkin-service,TRUE
12.03.2025,qualitrain-checkin-service,TRUE
13.03.2025,qualitrain-checkin-service,TRUE
13.03.2025,qualitrain-checkin-service,TRUE
13.03.2025,qualitrain-checkin-service,TRUE
26.03.2025,qualitrain-checkin-service,TRUE
26.03.2025,qualitrain-checkin-service,TRUE
27.03.2025,qualitrain-checkin-service,TRUE
31.03.2025,qualitrain-checkin-service,TRUE
01.04.2025,qualitrain-checkin-service,TRUE
02.04.2025,qualitrain-checkin-service,TRUE
17.04.2025,qualitrain-checkin-service,TRUE
23.04.2025,qualitrain-checkin-service,TRUE
25.04.2025,qualitrain-checkin-service,TRUE
02.05.2025,qualitrain-checkin-service,TRUE
12.05.2025,qualitrain-checkin-service,TRUE
16.05.2025,qualitrain-checkin-service,TRUE
16.05.2025,qualitrain-checkin-service,TRUE
20.05.2025,qualitrain-checkin-service,TRUE
20.05.2025,qualitrain-checkin-service,TRUE
20.05.2025,qualitrain-checkin-service,TRUE
21.05.2025,qualitrain-checkin-service,TRUE
21.05.2025,qualitrain-checkin-service,TRUE
23.05.2025,qualitrain-checkin-service,TRUE
03.06.2025,qualitrain-checkin-service,TRUE
03.06.2025,qualitrain-checkin-service,TRUE
03.06.2025,qualitrain-checkin-service,TRUE
12.06.2025,qualitrain-checkin-service,TRUE
13.06.2025,qualitrain-checkin-service,TRUE
18.06.2025,qualitrain-checkin-service,TRUE
18.06.2025,qualitrain-checkin-service,TRUE
23.06.2025,qualitrain-checkin-service,TRUE
24.06.2025,qualitrain-checkin-service,TRUE
25.06.2025,qualitrain-checkin-service,TRUE
26.06.2025,qualitrain-checkin-service,TRUE
08.07.2025,qualitrain-checkin-service,TRUE
09.07.2025,qualitrain-checkin-service,TRUE
10.07.2025,qualitrain-checkin-service,TRUE
11.07.2025,qualitrain-checkin-service,TRUE
15.07.2025,qualitrain-checkin-service,TRUE
17.07.2025,qualitrain-checkin-service,TRUE
18.07.2025,qualitrain-checkin-service,TRUE
22.07.2025,qualitrain-checkin-service,TRUE
23.07.2025,qualitrain-checkin-service,TRUE
23.07.2025,qualitrain-checkin-service,TRUE
28.07.2025,qualitrain-checkin-service,TRUE
30.07.2025,qualitrain-checkin-service,TRUE
07.08.2025,qualitrain-checkin-service,TRUE
11.08.2025,qualitrain-checkin-service,TRUE
11.08.2025,qualitrain-checkin-service,TRUE
11.08.2025,qualitrain-checkin-service,TRUE
14.08.2025,qualitrain-checkin-service,TRUE
18.08.2025,qualitrain-checkin-service,TRUE
27.08.2025,qualitrain-checkin-service,TRUE
04.09.2025,qualitrain-checkin-service,TRUE
04.09.2025,qualitrain-checkin-service,TRUE
05.09.2025,qualitrain-checkin-service,FALSE
05.09.2025,qualitrain-checkin-service,TRUE
15.09.2025,qualitrain-checkin-service,TRUE
17.09.2025,qualitrain-checkin-service,TRUE
17.09.2025,qualitrain-checkin-service,TRUE
02.10.2025,qualitrain-checkin-service,TRUE
20.10.2025,qualitrain-checkin-service,TRUE
07.11.2025,qualitrain-checkin-service,TRUE
17.11.2025,qualitrain-checkin-service,TRUE
19.11.2025,qualitrain-checkin-service,TRUE
20.11.2025,qualitrain-checkin-service,TRUE
20.11.2025,qualitrain-checkin-service,TRUE
08.12.2025,qualitrain-checkin-service,TRUE
15.12.2025,qualitrain-checkin-service,TRUE
30.01.2026,qualitrain-checkin-service,TRUE
04.02.2026,qualitrain-checkin-service,TRUE
13.02.2026,qualitrain-checkin-service,TRUE
17.02.2026,qualitrain-checkin-service,TRUE
19.02.2026,qualitrain-checkin-service,TRUE
03.03.2026,qualitrain-checkin-service,TRUE
05.03.2026,qualitrain-checkin-service,TRUE
05.03.2026,qualitrain-checkin-service,TRUE
06.03.2026,qualitrain-checkin-service,TRUE
23.03.2026,qualitrain-checkin-service,TRUE
23.03.2026,qualitrain-checkin-service,TRUE
31.03.2026,qualitrain-checkin-service,TRUE
31.03.2026,qualitrain-checkin-service,TRUE
01.04.2026,qualitrain-checkin-service,TRUE
01.04.2026,qualitrain-checkin-service,TRUE
02.04.2026,qualitrain-checkin-service,TRUE
02.04.2026,qualitrain-checkin-service,TRUE
07.04.2026,qualitrain-checkin-service,TRUE
08.04.2026,qualitrain-checkin-service,TRUE
09.04.2026,qualitrain-checkin-service,TRUE
16.04.2026,qualitrain-checkin-service,TRUE
20.04.2026,qualitrain-checkin-service,TRUE
21.04.2026,qualitrain-checkin-service,TRUE
24.04.2026,qualitrain-checkin-service,TRUE
28.04.2026,qualitrain-checkin-service,TRUE
05.05.2026,qualitrain-checkin-service,TRUE
11.05.2026,qualitrain-checkin-service,TRUE
13.05.2026,qualitrain-checkin-service,TRUE
18.05.2026,qualitrain-checkin-service,TRUE
25.05.2026,qualitrain-checkin-service,TRUE
26.05.2026,qualitrain-checkin-service,TRUE
27.05.2026,qualitrain-checkin-service,TRUE
29.05.2026,qualitrain-checkin-service,TRUE
01.06.2026,qualitrain-checkin-service,TRUE
02.06.2026,qualitrain-checkin-service,TRUE
05.06.2026,qualitrain-checkin-service,TRUE
08.06.2026,qualitrain-checkin-service,TRUE
11.06.2026,qualitrain-checkin-service,TRUE
15.06.2026,qualitrain-checkin-service,TRUE
15.06.2026,qualitrain-checkin-service,TRUE
18.06.2026,qualitrain-checkin-service,TRUE
22.06.2026,qualitrain-checkin-service,TRUE
25.06.2026,qualitrain-checkin-service,TRUE
29.06.2026,qualitrain-checkin-service,TRUE
29.06.2026,qualitrain-checkin-service,TRUE
30.06.2026,qualitrain-checkin-service,TRUE
01.07.2026,qualitrain-checkin-service,TRUE
01.07.2026,qualitrain-checkin-service,TRUE
01.07.2026,qualitrain-checkin-service,TRUE
02.07.2026,qualitrain-checkin-service,TRUE
03.07.2026,qualitrain-checkin-service,TRUE
06.07.2026,qualitrain-checkin-service,TRUE
06.07.2026,qualitrain-checkin-service,TRUE
14.07.2026,qualitrain-checkin-service,TRUE
21.07.2026,qualitrain-checkin-service,TRUE
27.07.2026,qualitrain-checkin-service,TRUE
27.07.2026,qualitrain-checkin-service,TRUE
31.07.2026,qualitrain-checkin-service,TRUE
10.08.2026,qualitrain-checkin-service,TRUE
10.08.2026,qualitrain-checkin-service,TRUE
11.08.2026,qualitrain-checkin-service,TRUE
12.08.2026,qualitrain-checkin-service,TRUE
12.08.2026,qualitrain-checkin-service,TRUE
12.08.2026,qualitrain-checkin-service,TRUE
19.08.2026,qualitrain-checkin-service,TRUE
24.08.2026,qualitrain-checkin-service,TRUE
08.01.2024,qualitrain-payment-service,TRUE
22.01.2024,qualitrain-payment-service,TRUE
25.01.2024,qualitrain-payment-service,TRUE
29.01.2024,qualitrain-payment-service,TRUE
29.01.2024,qualitrain-payment-service,TRUE
07.02.2024,qualitrain-payment-service,TRUE
08.02.2024,qualitrain-payment-service,TRUE
16.02.2024,qualitrain-payment-service,TRUE
19.02.2024,qualitrain-payment-service,TRUE
11.03.2024,qualitrain-payment-service,TRUE
27.03.2024,qualitrain-payment-service,TRUE
02.04.2024,qualitrain-payment-service,TRUE
03.04.2024,qualitrain-payment-service,TRUE
15.04.2024,qualitrain-payment-service,TRUE
17.04.2024,qualitrain-payment-service,TRUE
17.04.2024,qualitrain-payment-service,TRUE
19.04.2024,qualitrain-payment-service,TRUE
25.04.2024,qualitrain-payment-service,TRUE
26.04.2024,qualitrain-payment-service,TRUE
26.04.2024,qualitrain-payment-service,TRUE
03.05.2024,qualitrain-payment-service,TRUE
07.05.2024,qualitrain-payment-service,TRUE
24.05.2024,qualitrain-payment-service,TRUE
28.05.2024,qualitrain-payment-service,TRUE
11.06.2024,qualitrain-payment-service,TRUE
12.06.2024,qualitrain-payment-service,TRUE
21.06.2024,qualitrain-payment-service,TRUE
10.07.2024,qualitrain-payment-service,TRUE
11.07.2024,qualitrain-payment-service,TRUE
08.08.2024,qualitrain-payment-service,TRUE
08.08.2024,qualitrain-payment-service,TRUE
09.08.2024,qualitrain-payment-service,TRUE
21.08.2024,qualitrain-payment-service,TRUE
06.09.2024,qualitrain-payment-service,TRUE
01.10.2024,qualitrain-payment-service,TRUE
02.10.2024,qualitrain-payment-service,TRUE
08.10.2024,qualitrain-payment-service,TRUE
10.10.2024,qualitrain-payment-service,TRUE
14.10.2024,qualitrain-payment-service,TRUE
22.10.2024,qualitrain-payment-service,TRUE
23.10.2024,qualitrain-payment-service,TRUE
23.10.2024,qualitrain-payment-service,TRUE
05.11.2024,qualitrain-payment-service,TRUE
07.11.2024,qualitrain-payment-service,TRUE
02.12.2024,qualitrain-payment-service,TRUE
04.12.2024,qualitrain-payment-service,TRUE
20.12.2024,qualitrain-payment-service,TRUE
13.01.2025,qualitrain-payment-service,TRUE
15.01.2025,qualitrain-payment-service,TRUE
29.01.2025,qualitrain-payment-service,TRUE
03.02.2025,qualitrain-payment-service,TRUE
04.02.2025,qualitrain-payment-service,TRUE
04.02.2025,qualitrain-payment-service,TRUE
04.02.2025,qualitrain-payment-service,TRUE
04.02.2025,qualitrain-payment-service,TRUE
07.02.2025,qualitrain-payment-service,TRUE
19.02.2025,qualitrain-payment-service,TRUE
19.02.2025,qualitrain-payment-service,TRUE
07.03.2025,qualitrain-payment-service,TRUE
13.03.2025,qualitrain-payment-service,TRUE
14.03.2025,qualitrain-payment-service,TRUE
27.03.2025,qualitrain-payment-service,TRUE
31.03.2025,qualitrain-payment-service,TRUE
07.04.2025,qualitrain-payment-service,TRUE
23.04.2025,qualitrain-payment-service,TRUE
25.04.2025,qualitrain-payment-service,TRUE
30.04.2025,qualitrain-payment-service,TRUE
02.05.2025,qualitrain-payment-service,TRUE
05.05.2025,qualitrain-payment-service,TRUE
05.05.2025,qualitrain-payment-service,TRUE
06.05.2025,qualitrain-payment-service,TRUE
12.05.2025,qualitrain-payment-service,TRUE
03.06.2025,qualitrain-payment-service,TRUE
04.06.2025,qualitrain-payment-service,TRUE
04.06.2025,qualitrain-payment-service,TRUE
05.06.2025,qualitrain-payment-service,TRUE
05.06.2025,qualitrain-payment-service,TRUE
17.06.2025,qualitrain-payment-service,TRUE
24.06.2025,qualitrain-payment-service,TRUE
25.06.2025,qualitrain-payment-service,TRUE
27.06.2025,qualitrain-payment-service,TRUE
01.07.2025,qualitrain-payment-service,TRUE
07.07.2025,qualitrain-payment-service,TRUE
15.07.2025,qualitrain-payment-service,TRUE
15.07.2025,qualitrain-payment-service,TRUE
17.07.2025,qualitrain-payment-service,TRUE
18.07.2025,qualitrain-payment-service,TRUE
25.07.2025,qualitrain-payment-service,TRUE
31.07.2025,qualitrain-payment-service,TRUE
04.08.2025,qualitrain-payment-service,TRUE
04.08.2025,qualitrain-payment-service,TRUE
07.08.2025,qualitrain-payment-service,TRUE
12.08.2025,qualitrain-payment-service,TRUE
18.08.2025,qualitrain-payment-service,TRUE
19.08.2025,qualitrain-payment-service,TRUE
20.08.2025,qualitrain-payment-service,TRUE
27.08.2025,qualitrain-payment-service,TRUE
01.09.2025,qualitrain-payment-service,TRUE
01.09.2025,qualitrain-payment-service,TRUE
03.09.2025,qualitrain-payment-service,TRUE
04.09.2025,qualitrain-payment-service,TRUE
04.09.2025,qualitrain-payment-service,TRUE
04.09.2025,qualitrain-payment-service,TRUE
05.09.2025,qualitrain-payment-service,TRUE
10.09.2025,qualitrain-payment-service,TRUE
11.09.2025,qualitrain-payment-service,TRUE
11.09.2025,qualitrain-payment-service,TRUE
15.09.2025,qualitrain-payment-service,TRUE
16.09.2025,qualitrain-payment-service,TRUE
17.09.2025,qualitrain-payment-service,TRUE
18.09.2025,qualitrain-payment-service,TRUE
22.09.2025,qualitrain-payment-service,TRUE
30.09.2025,qualitrain-payment-service,TRUE
07.10.2025,qualitrain-payment-service,TRUE
10.10.2025,qualitrain-payment-service,TRUE
10.10.2025,qualitrain-payment-service,TRUE
13.10.2025,qualitrain-payment-service,TRUE
14.10.2025,qualitrain-payment-service,TRUE
15.10.2025,qualitrain-payment-service,TRUE
16.10.2025,qualitrain-payment-service,TRUE
23.10.2025,qualitrain-payment-service,TRUE
23.10.2025,qualitrain-payment-service,TRUE
28.10.2025,qualitrain-payment-service,TRUE
28.10.2025,qualitrain-payment-service,TRUE
28.10.2025,qualitrain-payment-service,TRUE
29.10.2025,qualitrain-payment-service,TRUE
30.10.2025,qualitrain-payment-service,TRUE
04.11.2025,qualitrain-payment-service,TRUE
05.11.2025,qualitrain-payment-service,TRUE
18.11.2025,qualitrain-payment-service,TRUE
19.11.2025,qualitrain-payment-service,TRUE
21.11.2025,qualitrain-payment-service,TRUE
26.11.2025,qualitrain-payment-service,TRUE
15.12.2025,qualitrain-payment-service,TRUE
16.12.2025,qualitrain-payment-service,TRUE
16.12.2025,qualitrain-payment-service,TRUE
18.12.2025,qualitrain-payment-service,TRUE
08.01.2026,qualitrain-payment-service,TRUE
19.01.2026,qualitrain-payment-service,TRUE
21.01.2026,qualitrain-payment-service,TRUE
22.01.2026,qualitrain-payment-service,TRUE
30.01.2026,qualitrain-payment-service,TRUE
02.02.2026,qualitrain-payment-service,TRUE
02.02.2026,qualitrain-payment-service,TRUE
05.02.2026,qualitrain-payment-service,TRUE
09.02.2026,qualitrain-payment-service,TRUE
10.02.2026,qualitrain-payment-service,TRUE
11.02.2026,qualitrain-payment-service,TRUE
13.02.2026,qualitrain-payment-service,TRUE
13.02.2026,qualitrain-payment-service,TRUE
17.02.2026,qualitrain-payment-service,TRUE
18.02.2026,qualitrain-payment-service,TRUE
19.02.2026,qualitrain-payment-service,TRUE
20.02.2026,qualitrain-payment-service,TRUE
23.02.2026,qualitrain-payment-service,TRUE
24.02.2026,qualitrain-payment-service,TRUE
24.02.2026,qualitrain-payment-service,TRUE
24.02.2026,qualitrain-payment-service,TRUE
24.02.2026,qualitrain-payment-service,TRUE
26.02.2026,qualitrain-payment-service,TRUE
26.02.2026,qualitrain-payment-service,TRUE
06.03.2026,qualitrain-payment-service,TRUE
12.03.2026,qualitrain-payment-service,TRUE
12.03.2026,qualitrain-payment-service,TRUE
23.03.2026,qualitrain-payment-service,TRUE
25.03.2026,qualitrain-payment-service,TRUE
27.03.2026,qualitrain-payment-service,TRUE
30.03.2026,qualitrain-payment-service,TRUE
30.03.2026,qualitrain-payment-service,TRUE
07.04.2026,qualitrain-payment-service,TRUE
17.04.2026,qualitrain-payment-service,TRUE
20.04.2026,qualitrain-payment-service,TRUE
20.04.2026,qualitrain-payment-service,TRUE
22.04.2026,qualitrain-payment-service,TRUE
29.04.2026,qualitrain-payment-service,TRUE
29.04.2026,qualitrain-payment-service,TRUE
29.04.2026,qualitrain-payment-service,TRUE
05.05.2026,qualitrain-payment-service,TRUE
05.05.2026,qualitrain-payment-service,TRUE
11.05.2026,qualitrain-payment-service,TRUE
12.05.2026,qualitrain-payment-service,TRUE
12.05.2026,qualitrain-payment-service,TRUE
18.05.2026,qualitrain-payment-service,TRUE
19.05.2026,qualitrain-payment-service,TRUE
20.05.2026,qualitrain-payment-service,TRUE
29.05.2026,qualitrain-payment-service,TRUE
09.06.2026,qualitrain-payment-service,TRUE
16.06.2026,qualitrain-payment-service,TRUE
23.06.2026,qualitrain-payment-service,TRUE
26.06.2026,qualitrain-payment-service,TRUE
26.06.2026,qualitrain-payment-service,TRUE
29.06.2026,qualitrain-payment-service,TRUE
29.06.2026,qualitrain-payment-service,TRUE
01.07.2026,qualitrain-payment-service,TRUE
06.07.2026,qualitrain-payment-service,TRUE
07.07.2026,qualitrain-payment-service,TRUE
09.07.2026,qualitrain-payment-service,TRUE
09.07.2026,qualitrain-payment-service,TRUE
13.07.2026,qualitrain-payment-service,TRUE
14.07.2026,qualitrain-payment-service,TRUE
16.07.2026,qualitrain-payment-service,TRUE
21.07.2026,qualitrain-payment-service,TRUE
21.07.2026,qualitrain-payment-service,TRUE
21.07.2026,qualitrain-payment-service,TRUE
21.07.2026,qualitrain-payment-service,TRUE
28.07.2026,qualitrain-payment-service,TRUE
07.08.2026,qualitrain-payment-service,TRUE
10.08.2026,qualitrain-payment-service,TRUE
11.08.2026,qualitrain-payment-service,TRUE
13.08.2026,qualitrain-payment-service,TRUE
14.08.2026,qualitrain-payment-service,TRUE
17.08.2026,qualitrain-payment-service,TRUE
18.08.2026,qualitrain-payment-service,TRUE
19.08.2026,qualitrain-payment-service,TRUE
20.08.2026,qualitrain-payment-service,TRUE
21.08.2026,qualitrain-payment-service,TRUE
21.08.2026,qualitrain-payment-service,TRUE
27.08.2026,qualitrain-payment-service,TRUE
07.06.2024,qualitrain-payout-calculation,TRUE
22.07.2024,qualitrain-payout-calculation,TRUE
12.08.2024,qualitrain-payout-calculation,TRUE
20.08.2024,qualitrain-payout-calculation,TRUE
28.08.2024,qualitrain-payout-calculation,TRUE
02.09.2024,qualitrain-payout-calculation,TRUE
11.09.2024,qualitrain-payout-calculation,TRUE
26.09.2024,qualitrain-payout-calculation,TRUE
01.10.2024,qualitrain-payout-calculation,TRUE
10.10.2024,qualitrain-payout-calculation,TRUE
11.10.2024,qualitrain-payout-calculation,TRUE
15.10.2024,qualitrain-payout-calculation,TRUE
16.10.2024,qualitrain-payout-calculation,TRUE
16.10.2024,qualitrain-payout-calculation,TRUE
17.10.2024,qualitrain-payout-calculation,TRUE
18.10.2024,qualitrain-payout-calculation,TRUE
21.10.2024,qualitrain-payout-calculation,TRUE
23.10.2024,qualitrain-payout-calculation,TRUE
05.11.2024,qualitrain-payout-calculation,TRUE
26.11.2024,qualitrain-payout-calculation,TRUE
28.11.2024,qualitrain-payout-calculation,TRUE
02.12.2024,qualitrain-payout-calculation,TRUE
03.12.2024,qualitrain-payout-calculation,FALSE
04.12.2024,qualitrain-payout-calculation,TRUE
05.12.2024,qualitrain-payout-calculation,TRUE
20.01.2025,qualitrain-payout-calculation,TRUE
27.01.2025,qualitrain-payout-calculation,TRUE
30.01.2025,qualitrain-payout-calculation,TRUE
03.02.2025,qualitrain-payout-calculation,TRUE
04.02.2025,qualitrain-payout-calculation,TRUE
18.02.2025,qualitrain-payout-calculation,TRUE
28.02.2025,qualitrain-payout-calculation,TRUE
03.03.2025,qualitrain-payout-calculation,TRUE
27.03.2025,qualitrain-payout-calculation,TRUE
27.03.2025,qualitrain-payout-calculation,TRUE
31.03.2025,qualitrain-payout-calculation,TRUE
01.04.2025,qualitrain-payout-calculation,TRUE
07.04.2025,qualitrain-payout-calculation,TRUE
09.04.2025,qualitrain-payout-calculation,TRUE
09.04.2025,qualitrain-payout-calculation,TRUE
11.04.2025,qualitrain-payout-calculation,TRUE
14.04.2025,qualitrain-payout-calculation,TRUE
17.04.2025,qualitrain-payout-calculation,TRUE
17.04.2025,qualitrain-payout-calculation,TRUE
22.04.2025,qualitrain-payout-calculation,TRUE
29.04.2025,qualitrain-payout-calculation,TRUE
05.05.2025,qualitrain-payout-calculation,TRUE
05.05.2025,qualitrain-payout-calculation,TRUE
08.05.2025,qualitrain-payout-calculation,TRUE
13.05.2025,qualitrain-payout-calculation,TRUE
14.05.2025,qualitrain-payout-calculation,TRUE
16.05.2025,qualitrain-payout-calculation,TRUE
16.05.2025,qualitrain-payout-calculation,TRUE
20.05.2025,qualitrain-payout-calculation,TRUE
21.05.2025,qualitrain-payout-calculation,TRUE
27.05.2025,qualitrain-payout-calculation,TRUE
29.05.2025,qualitrain-payout-calculation,TRUE
30.05.2025,qualitrain-payout-calculation,TRUE
18.06.2025,qualitrain-payout-calculation,TRUE
26.06.2025,qualitrain-payout-calculation,TRUE
27.06.2025,qualitrain-payout-calculation,TRUE
09.07.2025,qualitrain-payout-calculation,TRUE
10.07.2025,qualitrain-payout-calculation,TRUE
14.07.2025,qualitrain-payout-calculation,TRUE
17.07.2025,qualitrain-payout-calculation,TRUE
17.07.2025,qualitrain-payout-calculation,TRUE
18.07.2025,qualitrain-payout-calculation,TRUE
22.07.2025,qualitrain-payout-calculation,TRUE
31.07.2025,qualitrain-payout-calculation,TRUE
04.08.2025,qualitrain-payout-calculation,TRUE
18.08.2025,qualitrain-payout-calculation,TRUE
27.08.2025,qualitrain-payout-calculation,TRUE
08.10.2025,qualitrain-payout-calculation,TRUE
10.10.2025,qualitrain-payout-calculation,TRUE
14.10.2025,qualitrain-payout-calculation,TRUE
17.10.2025,qualitrain-payout-calculation,TRUE
17.10.2025,qualitrain-payout-calculation,TRUE
04.11.2025,qualitrain-payout-calculation,TRUE
01.12.2025,qualitrain-payout-calculation,TRUE
05.12.2025,qualitrain-payout-calculation,TRUE
08.01.2026,qualitrain-payout-calculation,TRUE
08.01.2026,qualitrain-payout-calculation,TRUE
19.01.2026,qualitrain-payout-calculation,TRUE
19.01.2026,qualitrain-payout-calculation,TRUE
23.01.2026,qualitrain-payout-calculation,TRUE
28.01.2026,qualitrain-payout-calculation,TRUE
04.02.2026,qualitrain-payout-calculation,TRUE
09.03.2026,qualitrain-payout-calculation,TRUE
11.03.2026,qualitrain-payout-calculation,TRUE
16.03.2026,qualitrain-payout-calculation,TRUE
18.03.2026,qualitrain-payout-calculation,TRUE
23.03.2026,qualitrain-payout-calculation,TRUE
23.03.2026,qualitrain-payout-calculation,TRUE
30.03.2026,qualitrain-payout-calculation,TRUE
08.04.2026,qualitrain-payout-calculation,TRUE
10.04.2026,qualitrain-payout-calculation,TRUE
10.04.2026,qualitrain-payout-calculation,TRUE
13.04.2026,qualitrain-payout-calculation,TRUE
20.04.2026,qualitrain-payout-calculation,TRUE
20.04.2026,qualitrain-payout-calculation,TRUE
30.04.2026,qualitrain-payout-calculation,TRUE
05.05.2026,qualitrain-payout-calculation,TRUE
05.05.2026,qualitrain-payout-calculation,TRUE
11.05.2026,qualitrain-payout-calculation,TRUE
11.05.2026,qualitrain-payout-calculation,TRUE
13.05.2026,qualitrain-payout-calculation,TRUE
18.05.2026,qualitrain-payout-calculation,TRUE
25.05.2026,qualitrain-payout-calculation,TRUE
26.05.2026,qualitrain-payout-calculation,TRUE
04.06.2026,qualitrain-payout-calculation,TRUE
11.06.2026,qualitrain-payout-calculation,TRUE
12.06.2026,qualitrain-payout-calculation,TRUE
23.06.2026,qualitrain-payout-calculation,TRUE
29.06.2026,qualitrain-payout-calculation,TRUE
29.06.2026,qualitrain-payout-calculation,TRUE
03.07.2026,qualitrain-payout-calculation,TRUE
06.07.2026,qualitrain-payout-calculation,TRUE
13.07.2026,qualitrain-payout-calculation,TRUE
15.07.2026,qualitrain-payout-calculation,TRUE
20.07.2026,qualitrain-payout-calculation,TRUE
27.07.2026,qualitrain-payout-calculation,TRUE
27.07.2026,qualitrain-payout-calculation,TRUE
03.08.2026,qualitrain-payout-calculation,TRUE
05.08.2026,qualitrain-payout-calculation,TRUE
05.08.2026,qualitrain-payout-calculation,TRUE
10.08.2026,qualitrain-payout-calculation,TRUE
19.08.2026,qualitrain-payout-calculation,TRUE
19.08.2026,qualitrain-payout-calculation,TRUE
25.08.2026,qualitrain-payout-calculation,TRUE
25.08.2026,qualitrain-payout-calculation,TRUE
25.08.2026,qualitrain-payout-calculation,TRUE
30.01.2024,qualitrain-salesforce-gateway,TRUE
01.02.2024,qualitrain-salesforce-gateway,TRUE
12.02.2024,qualitrain-salesforce-gateway,TRUE
08.04.2024,qualitrain-salesforce-gateway,TRUE
27.05.2024,qualitrain-salesforce-gateway,TRUE
08.08.2024,qualitrain-salesforce-gateway,TRUE
15.08.2024,qualitrain-salesforce-gateway,TRUE
16.08.2024,qualitrain-salesforce-gateway,TRUE
26.09.2024,qualitrain-salesforce-gateway,TRUE
08.10.2024,qualitrain-salesforce-gateway,TRUE
16.10.2024,qualitrain-salesforce-gateway,TRUE
17.10.2024,qualitrain-salesforce-gateway,TRUE
26.11.2024,qualitrain-salesforce-gateway,TRUE
28.11.2024,qualitrain-salesforce-gateway,TRUE
03.12.2024,qualitrain-salesforce-gateway,TRUE
05.12.2024,qualitrain-salesforce-gateway,TRUE
16.12.2024,qualitrain-salesforce-gateway,TRUE
19.12.2024,qualitrain-salesforce-gateway,TRUE
03.02.2025,qualitrain-salesforce-gateway,TRUE
04.02.2025,qualitrain-salesforce-gateway,TRUE
06.02.2025,qualitrain-salesforce-gateway,TRUE
07.02.2025,qualitrain-salesforce-gateway,TRUE
14.02.2025,qualitrain-salesforce-gateway,TRUE
19.03.2025,qualitrain-salesforce-gateway,TRUE
26.03.2025,qualitrain-salesforce-gateway,TRUE
27.03.2025,qualitrain-salesforce-gateway,TRUE
27.03.2025,qualitrain-salesforce-gateway,TRUE
01.04.2025,qualitrain-salesforce-gateway,TRUE
07.04.2025,qualitrain-salesforce-gateway,TRUE
09.04.2025,qualitrain-salesforce-gateway,TRUE
10.04.2025,qualitrain-salesforce-gateway,TRUE
16.04.2025,qualitrain-salesforce-gateway,TRUE
17.04.2025,qualitrain-salesforce-gateway,TRUE
29.04.2025,qualitrain-salesforce-gateway,TRUE
05.05.2025,qualitrain-salesforce-gateway,TRUE
07.05.2025,qualitrain-salesforce-gateway,TRUE
13.05.2025,qualitrain-salesforce-gateway,TRUE
16.05.2025,qualitrain-salesforce-gateway,TRUE
20.05.2025,qualitrain-salesforce-gateway,TRUE
20.05.2025,qualitrain-salesforce-gateway,TRUE
27.05.2025,qualitrain-salesforce-gateway,TRUE
26.06.2025,qualitrain-salesforce-gateway,TRUE
17.07.2025,qualitrain-salesforce-gateway,TRUE
22.07.2025,qualitrain-salesforce-gateway,TRUE
05.08.2025,qualitrain-salesforce-gateway,TRUE
03.10.2025,qualitrain-salesforce-gateway,TRUE
08.10.2025,qualitrain-salesforce-gateway,TRUE
20.10.2025,qualitrain-salesforce-gateway,TRUE
12.11.2025,qualitrain-salesforce-gateway,TRUE
18.11.2025,qualitrain-salesforce-gateway,TRUE
24.11.2025,qualitrain-salesforce-gateway,TRUE
08.01.2026,qualitrain-salesforce-gateway,TRUE
19.01.2026,qualitrain-salesforce-gateway,TRUE
04.02.2026,qualitrain-salesforce-gateway,TRUE
11.02.2026,qualitrain-salesforce-gateway,TRUE
19.02.2026,qualitrain-salesforce-gateway,TRUE
20.02.2026,qualitrain-salesforce-gateway,TRUE
26.02.2026,qualitrain-salesforce-gateway,TRUE
03.03.2026,qualitrain-salesforce-gateway,TRUE
24.03.2026,qualitrain-salesforce-gateway,TRUE
14.04.2026,qualitrain-salesforce-gateway,TRUE
30.06.2026,qualitrain-salesforce-gateway,TRUE
13.07.2026,qualitrain-salesforce-gateway,TRUE
16.07.2026,qualitrain-salesforce-gateway,TRUE
28.07.2026,qualitrain-salesforce-gateway,TRUE
13.08.2026,qualitrain-salesforce-gateway,TRUE
11.01.2024,qualitrain-user-frontend,TRUE
05.02.2024,qualitrain-user-frontend,TRUE
05.03.2024,qualitrain-user-frontend,TRUE
05.03.2024,qualitrain-user-frontend,TRUE
11.03.2024,qualitrain-user-frontend,TRUE
18.03.2024,qualitrain-user-frontend,TRUE
25.03.2024,qualitrain-user-frontend,TRUE
26.03.2024,qualitrain-user-frontend,TRUE
28.03.2024,qualitrain-user-frontend,TRUE
10.04.2024,qualitrain-user-frontend,TRUE
17.04.2024,qualitrain-user-frontend,TRUE
25.04.2024,qualitrain-user-frontend,TRUE
25.04.2024,qualitrain-user-frontend,TRUE
02.05.2024,qualitrain-user-frontend,TRUE
06.05.2024,qualitrain-user-frontend,TRUE
07.05.2024,qualitrain-user-frontend,TRUE
08.05.2024,qualitrain-user-frontend,TRUE
14.05.2024,qualitrain-user-frontend,TRUE
31.05.2024,qualitrain-user-frontend,TRUE
07.06.2024,qualitrain-user-frontend,TRUE
18.06.2024,qualitrain-user-frontend,TRUE
03.07.2024,qualitrain-user-frontend,TRUE
03.07.2024,qualitrain-user-frontend,TRUE
11.07.2024,qualitrain-user-frontend,TRUE
11.07.2024,qualitrain-user-frontend,TRUE
01.08.2024,qualitrain-user-frontend,TRUE
02.08.2024,qualitrain-user-frontend,TRUE
05.08.2024,qualitrain-user-frontend,TRUE
21.08.2024,qualitrain-user-frontend,TRUE
22.08.2024,qualitrain-user-frontend,TRUE
23.08.2024,qualitrain-user-frontend,TRUE
26.08.2024,qualitrain-user-frontend,TRUE
04.09.2024,qualitrain-user-frontend,TRUE
09.09.2024,qualitrain-user-frontend,TRUE
09.09.2024,qualitrain-user-frontend,TRUE
19.09.2024,qualitrain-user-frontend,TRUE
25.09.2024,qualitrain-user-frontend,TRUE
27.09.2024,qualitrain-user-frontend,TRUE
01.10.2024,qualitrain-user-frontend,TRUE
07.10.2024,qualitrain-user-frontend,TRUE
07.10.2024,qualitrain-user-frontend,TRUE
15.10.2024,qualitrain-user-frontend,TRUE
16.10.2024,qualitrain-user-frontend,TRUE
28.10.2024,qualitrain-user-frontend,TRUE
18.11.2024,qualitrain-user-frontend,TRUE
21.11.2024,qualitrain-user-frontend,TRUE
21.11.2024,qualitrain-user-frontend,TRUE
26.11.2024,qualitrain-user-frontend,TRUE
26.11.2024,qualitrain-user-frontend,TRUE
27.11.2024,qualitrain-user-frontend,TRUE
02.12.2024,qualitrain-user-frontend,TRUE
03.12.2024,qualitrain-user-frontend,TRUE
03.12.2024,qualitrain-user-frontend,TRUE
06.12.2024,qualitrain-user-frontend,TRUE
13.12.2024,qualitrain-user-frontend,TRUE
16.12.2024,qualitrain-user-frontend,TRUE
19.12.2024,qualitrain-user-frontend,TRUE
20.12.2024,qualitrain-user-frontend,TRUE
06.01.2025,qualitrain-user-frontend,TRUE
07.01.2025,qualitrain-user-frontend,TRUE
08.01.2025,qualitrain-user-frontend,TRUE
09.01.2025,qualitrain-user-frontend,TRUE
09.01.2025,qualitrain-user-frontend,TRUE
10.01.2025,qualitrain-user-frontend,TRUE
13.01.2025,qualitrain-user-frontend,TRUE
15.01.2025,qualitrain-user-frontend,TRUE
21.01.2025,qualitrain-user-frontend,TRUE
27.01.2025,qualitrain-user-frontend,TRUE
28.01.2025,qualitrain-user-frontend,TRUE
29.01.2025,qualitrain-user-frontend,TRUE
07.02.2025,qualitrain-user-frontend,TRUE
12.02.2025,qualitrain-user-frontend,TRUE
12.02.2025,qualitrain-user-frontend,TRUE
13.02.2025,qualitrain-user-frontend,TRUE
17.02.2025,qualitrain-user-frontend,TRUE
21.02.2025,qualitrain-user-frontend,TRUE
24.02.2025,qualitrain-user-frontend,TRUE
24.02.2025,qualitrain-user-frontend,TRUE
25.02.2025,qualitrain-user-frontend,TRUE
11.03.2025,qualitrain-user-frontend,TRUE
17.03.2025,qualitrain-user-frontend,TRUE
17.03.2025,qualitrain-user-frontend,TRUE
20.03.2025,qualitrain-user-frontend,TRUE
21.03.2025,qualitrain-user-frontend,TRUE
24.03.2025,qualitrain-user-frontend,TRUE
25.03.2025,qualitrain-user-frontend,TRUE
25.03.2025,qualitrain-user-frontend,TRUE
26.03.2025,qualitrain-user-frontend,FALSE
03.04.2025,qualitrain-user-frontend,TRUE
03.04.2025,qualitrain-user-frontend,TRUE
07.04.2025,qualitrain-user-frontend,TRUE
09.04.2025,qualitrain-user-frontend,TRUE
17.04.2025,qualitrain-user-frontend,TRUE
22.04.2025,qualitrain-user-frontend,TRUE
25.04.2025,qualitrain-user-frontend,TRUE
30.04.2025,qualitrain-user-frontend,TRUE
30.04.2025,qualitrain-user-frontend,TRUE
05.05.2025,qualitrain-user-frontend,TRUE
06.05.2025,qualitrain-user-frontend,TRUE
06.05.2025,qualitrain-user-frontend,TRUE
07.05.2025,qualitrain-user-frontend,TRUE
09.05.2025,qualitrain-user-frontend,TRUE
12.05.2025,qualitrain-user-frontend,TRUE
12.05.2025,qualitrain-user-frontend,TRUE
13.05.2025,qualitrain-user-frontend,TRUE
14.05.2025,qualitrain-user-frontend,TRUE
14.05.2025,qualitrain-user-frontend,TRUE
15.05.2025,qualitrain-user-frontend,TRUE
15.05.2025,qualitrain-user-frontend,TRUE
16.05.2025,qualitrain-user-frontend,TRUE
21.05.2025,qualitrain-user-frontend,TRUE
23.05.2025,qualitrain-user-frontend,TRUE
27.05.2025,qualitrain-user-frontend,TRUE
02.06.2025,qualitrain-user-frontend,TRUE
02.06.2025,qualitrain-user-frontend,TRUE
02.06.2025,qualitrain-user-frontend,TRUE
04.06.2025,qualitrain-user-frontend,TRUE
12.06.2025,qualitrain-user-frontend,TRUE
16.06.2025,qualitrain-user-frontend,TRUE
18.06.2025,qualitrain-user-frontend,TRUE
26.06.2025,qualitrain-user-frontend,TRUE
26.06.2025,qualitrain-user-frontend,TRUE
27.06.2025,qualitrain-user-frontend,TRUE
30.06.2025,qualitrain-user-frontend,TRUE
30.06.2025,qualitrain-user-frontend,TRUE
02.07.2025,qualitrain-user-frontend,TRUE
07.07.2025,qualitrain-user-frontend,TRUE
10.07.2025,qualitrain-user-frontend,TRUE
18.07.2025,qualitrain-user-frontend,TRUE
21.07.2025,qualitrain-user-frontend,TRUE
21.07.2025,qualitrain-user-frontend,TRUE
23.07.2025,qualitrain-user-frontend,TRUE
23.07.2025,qualitrain-user-frontend,FALSE
29.07.2025,qualitrain-user-frontend,TRUE
31.07.2025,qualitrain-user-frontend,TRUE
01.08.2025,qualitrain-user-frontend,TRUE
01.08.2025,qualitrain-user-frontend,TRUE
04.08.2025,qualitrain-user-frontend,TRUE
06.08.2025,qualitrain-user-frontend,TRUE
11.08.2025,qualitrain-user-frontend,TRUE
14.08.2025,qualitrain-user-frontend,TRUE
18.08.2025,qualitrain-user-frontend,TRUE
20.08.2025,qualitrain-user-frontend,TRUE
20.08.2025,qualitrain-user-frontend,TRUE
21.08.2025,qualitrain-user-frontend,TRUE
21.08.2025,qualitrain-user-frontend,TRUE
21.08.2025,qualitrain-user-frontend,TRUE
21.08.2025,qualitrain-user-frontend,TRUE
25.08.2025,qualitrain-user-frontend,TRUE
26.08.2025,qualitrain-user-frontend,TRUE
27.08.2025,qualitrain-user-frontend,TRUE
01.09.2025,qualitrain-user-frontend,TRUE
01.09.2025,qualitrain-user-frontend,TRUE
02.09.2025,qualitrain-user-frontend,TRUE
04.09.2025,qualitrain-user-frontend,TRUE
08.09.2025,qualitrain-user-frontend,TRUE
08.09.2025,qualitrain-user-frontend,TRUE
10.09.2025,qualitrain-user-frontend,TRUE
16.09.2025,qualitrain-user-frontend,TRUE
19.09.2025,qualitrain-user-frontend,TRUE
26.09.2025,qualitrain-user-frontend,TRUE
29.09.2025,qualitrain-user-frontend,TRUE
30.09.2025,qualitrain-user-frontend,TRUE
30.09.2025,qualitrain-user-frontend,TRUE
01.10.2025,qualitrain-user-frontend,TRUE
02.10.2025,qualitrain-user-frontend,TRUE
07.10.2025,qualitrain-user-frontend,TRUE
10.10.2025,qualitrain-user-frontend,TRUE
13.10.2025,qualitrain-user-frontend,TRUE
15.10.2025,qualitrain-user-frontend,TRUE
17.10.2025,qualitrain-user-frontend,TRUE
20.10.2025,qualitrain-user-frontend,TRUE
20.10.2025,qualitrain-user-frontend,TRUE
22.10.2025,qualitrain-user-frontend,TRUE
24.10.2025,qualitrain-user-frontend,TRUE
24.10.2025,qualitrain-user-frontend,TRUE
28.10.2025,qualitrain-user-frontend,TRUE
29.10.2025,qualitrain-user-frontend,TRUE
03.11.2025,qualitrain-user-frontend,TRUE
03.11.2025,qualitrain-user-frontend,TRUE
05.11.2025,qualitrain-user-frontend,TRUE
06.11.2025,qualitrain-user-frontend,TRUE
10.11.2025,qualitrain-user-frontend,TRUE
10.11.2025,qualitrain-user-frontend,TRUE
13.11.2025,qualitrain-user-frontend,TRUE
13.11.2025,qualitrain-user-frontend,TRUE
18.11.2025,qualitrain-user-frontend,TRUE
24.11.2025,qualitrain-user-frontend,TRUE
26.11.2025,qualitrain-user-frontend,TRUE
03.12.2025,qualitrain-user-frontend,TRUE
04.12.2025,qualitrain-user-frontend,TRUE
05.12.2025,qualitrain-user-frontend,TRUE
16.12.2025,qualitrain-user-frontend,TRUE
17.12.2025,qualitrain-user-frontend,TRUE
23.12.2025,qualitrain-user-frontend,TRUE
31.12.2025,qualitrain-user-frontend,TRUE
31.12.2025,qualitrain-user-frontend,TRUE
06.01.2026,qualitrain-user-frontend,TRUE
08.01.2026,qualitrain-user-frontend,TRUE
19.01.2026,qualitrain-user-frontend,TRUE
22.01.2026,qualitrain-user-frontend,TRUE
22.01.2026,qualitrain-user-frontend,TRUE
26.01.2026,qualitrain-user-frontend,TRUE
30.01.2026,qualitrain-user-frontend,TRUE
30.01.2026,qualitrain-user-frontend,TRUE
02.02.2026,qualitrain-user-frontend,TRUE
02.02.2026,qualitrain-user-frontend,TRUE
03.02.2026,qualitrain-user-frontend,TRUE
05.02.2026,qualitrain-user-frontend,TRUE
10.02.2026,qualitrain-user-frontend,TRUE
11.02.2026,qualitrain-user-frontend,TRUE
12.02.2026,qualitrain-user-frontend,TRUE
19.02.2026,qualitrain-user-frontend,TRUE
20.02.2026,qualitrain-user-frontend,TRUE
23.02.2026,qualitrain-user-frontend,TRUE
26.02.2026,qualitrain-user-frontend,TRUE
27.02.2026,qualitrain-user-frontend,TRUE
02.03.2026,qualitrain-user-frontend,TRUE
02.03.2026,qualitrain-user-frontend,TRUE
03.03.2026,qualitrain-user-frontend,TRUE
06.03.2026,qualitrain-user-frontend,TRUE
10.03.2026,qualitrain-user-frontend,TRUE
10.03.2026,qualitrain-user-frontend,TRUE
12.03.2026,qualitrain-user-frontend,TRUE
13.03.2026,qualitrain-user-frontend,TRUE
13.03.2026,qualitrain-user-frontend,TRUE
13.03.2026,qualitrain-user-frontend,FALSE
19.03.2026,qualitrain-user-frontend,TRUE
20.03.2026,qualitrain-user-frontend,TRUE
24.03.2026,qualitrain-user-frontend,TRUE
25.03.2026,qualitrain-user-frontend,TRUE
27.03.2026,qualitrain-user-frontend,TRUE
27.03.2026,qualitrain-user-frontend,TRUE
27.03.2026,qualitrain-user-frontend,TRUE
30.03.2026,qualitrain-user-frontend,TRUE
03.04.2026,qualitrain-user-frontend,TRUE
08.04.2026,qualitrain-user-frontend,TRUE
08.04.2026,qualitrain-user-frontend,TRUE
14.04.2026,qualitrain-user-frontend,TRUE
20.04.2026,qualitrain-user-frontend,TRUE
21.04.2026,qualitrain-user-frontend,TRUE
23.04.2026,qualitrain-user-frontend,TRUE
27.04.2026,qualitrain-user-frontend,TRUE
27.04.2026,qualitrain-user-frontend,TRUE
29.04.2026,qualitrain-user-frontend,TRUE
29.04.2026,qualitrain-user-frontend,TRUE
05.05.2026,qualitrain-user-frontend,TRUE
11.05.2026,qualitrain-user-frontend,TRUE
15.05.2026,qualitrain-user-frontend,TRUE
19.05.2026,qualitrain-user-frontend,TRUE
21.05.2026,qualitrain-user-frontend,TRUE
21.05.2026,qualitrain-user-frontend,TRUE
21.05.2026,qualitrain-user-frontend,TRUE
21.05.2026,qualitrain-user-frontend,TRUE
22.05.2026,qualitrain-user-frontend,TRUE
22.05.2026,qualitrain-user-frontend,TRUE
25.05.2026,qualitrain-user-frontend,TRUE
26.05.2026,qualitrain-user-frontend,TRUE
26.05.2026,qualitrain-user-frontend,TRUE
26.05.2026,qualitrain-user-frontend,TRUE
27.05.2026,qualitrain-user-frontend,TRUE
28.05.2026,qualitrain-user-frontend,TRUE
29.05.2026,qualitrain-user-frontend,TRUE
29.05.2026,qualitrain-user-frontend,FALSE
29.05.2026,qualitrain-user-frontend,TRUE
29.05.2026,qualitrain-user-frontend,TRUE
02.06.2026,qualitrain-user-frontend,TRUE
04.06.2026,qualitrain-user-frontend,TRUE
05.06.2026,qualitrain-user-frontend,TRUE
08.06.2026,qualitrain-user-frontend,TRUE
09.06.2026,qualitrain-user-frontend,TRUE
15.06.2026,qualitrain-user-frontend,TRUE
16.06.2026,qualitrain-user-frontend,TRUE
17.06.2026,qualitrain-user-frontend,TRUE
17.06.2026,qualitrain-user-frontend,TRUE
19.06.2026,qualitrain-user-frontend,TRUE
22.06.2026,qualitrain-user-frontend,TRUE
23.06.2026,qualitrain-user-frontend,TRUE
25.06.2026,qualitrain-user-frontend,TRUE
25.06.2026,qualitrain-user-frontend,TRUE
26.06.2026,qualitrain-user-frontend,TRUE
01.07.2026,qualitrain-user-frontend,TRUE
02.07.2026,qualitrain-user-frontend,TRUE
03.07.2026,qualitrain-user-frontend,TRUE
10.07.2026,qualitrain-user-frontend,TRUE
16.07.2026,qualitrain-user-frontend,TRUE
21.07.2026,qualitrain-user-frontend,TRUE
21.07.2026,qualitrain-user-frontend,TRUE
22.07.2026,qualitrain-user-frontend,TRUE
23.07.2026,qualitrain-user-frontend,TRUE
23.07.2026,qualitrain-user-frontend,TRUE
24.07.2026,qualitrain-user-frontend,TRUE
27.07.2026,qualitrain-user-frontend,TRUE
30.07.2026,qualitrain-user-frontend,TRUE
04.08.2026,qualitrain-user-frontend,TRUE
04.08.2026,qualitrain-user-frontend,TRUE
10.08.2026,qualitrain-user-frontend,TRUE
13.08.2026,qualitrain-user-frontend,TRUE
18.08.2026,qualitrain-user-frontend,TRUE
19.08.2026,qualitrain-user-frontend,TRUE
20.08.2026,qualitrain-user-frontend,TRUE
25.08.2026,qualitrain-user-frontend,TRUE
26.08.2026,qualitrain-user-frontend,TRUE
26.08.2026,qualitrain-user-frontend,TRUE
26.08.2026,qualitrain-user-frontend,TRUE
27.08.2026,qualitrain-user-frontend,TRUE
27.08.2026,qualitrain-user-frontend,TRUE
28.08.2026,qualitrain-user-frontend,TRUE
08.01.2024,qualitrain-user-service,TRUE
11.01.2024,qualitrain-user-service,TRUE
11.01.2024,qualitrain-user-service,TRUE
11.01.2024,qualitrain-user-service,TRUE
15.01.2024,qualitrain-user-service,TRUE
16.01.2024,qualitrain-user-service,TRUE
25.01.2024,qualitrain-user-service,TRUE
31.01.2024,qualitrain-user-service,TRUE
02.02.2024,qualitrain-user-service,TRUE
28.02.2024,qualitrain-user-service,TRUE
29.02.2024,qualitrain-user-service,TRUE
29.02.2024,qualitrain-user-service,TRUE
04.03.2024,qualitrain-user-service,TRUE
05.03.2024,qualitrain-user-service,TRUE
07.03.2024,qualitrain-user-service,TRUE
11.03.2024,qualitrain-user-service,TRUE
13.03.2024,qualitrain-user-service,TRUE
18.03.2024,qualitrain-user-service,TRUE
20.03.2024,qualitrain-user-service,TRUE
25.03.2024,qualitrain-user-service,TRUE
02.04.2024,qualitrain-user-service,TRUE
03.04.2024,qualitrain-user-service,TRUE
05.04.2024,qualitrain-user-service,TRUE
05.04.2024,qualitrain-user-service,TRUE
15.04.2024,qualitrain-user-service,TRUE
17.04.2024,qualitrain-user-service,TRUE
17.04.2024,qualitrain-user-service,TRUE
19.04.2024,qualitrain-user-service,TRUE
19.04.2024,qualitrain-user-service,TRUE
30.04.2024,qualitrain-user-service,TRUE
03.05.2024,qualitrain-user-service,TRUE
06.05.2024,qualitrain-user-service,TRUE
13.05.2024,qualitrain-user-service,TRUE
14.05.2024,qualitrain-user-service,TRUE
21.05.2024,qualitrain-user-service,TRUE
23.05.2024,qualitrain-user-service,TRUE
27.05.2024,qualitrain-user-service,TRUE
28.05.2024,qualitrain-user-service,TRUE
29.05.2024,qualitrain-user-service,TRUE
30.05.2024,qualitrain-user-service,TRUE
30.05.2024,qualitrain-user-service,TRUE
31.05.2024,qualitrain-user-service,TRUE
07.06.2024,qualitrain-user-service,TRUE
12.06.2024,qualitrain-user-service,TRUE
13.06.2024,qualitrain-user-service,TRUE
19.06.2024,qualitrain-user-service,TRUE
19.06.2024,qualitrain-user-service,TRUE
21.06.2024,qualitrain-user-service,TRUE
24.06.2024,qualitrain-user-service,TRUE
03.07.2024,qualitrain-user-service,TRUE
03.07.2024,qualitrain-user-service,TRUE
05.07.2024,qualitrain-user-service,TRUE
08.07.2024,qualitrain-user-service,TRUE
10.07.2024,qualitrain-user-service,TRUE
22.07.2024,qualitrain-user-service,TRUE
23.07.2024,qualitrain-user-service,TRUE
24.07.2024,qualitrain-user-service,TRUE
26.07.2024,qualitrain-user-service,TRUE
30.07.2024,qualitrain-user-service,TRUE
31.07.2024,qualitrain-user-service,TRUE
01.08.2024,qualitrain-user-service,TRUE
21.08.2024,qualitrain-user-service,TRUE
21.08.2024,qualitrain-user-service,TRUE
23.08.2024,qualitrain-user-service,TRUE
27.08.2024,qualitrain-user-service,TRUE
28.08.2024,qualitrain-user-service,TRUE
29.08.2024,qualitrain-user-service,TRUE
06.09.2024,qualitrain-user-service,TRUE
09.09.2024,qualitrain-user-service,TRUE
09.09.2024,qualitrain-user-service,TRUE
11.09.2024,qualitrain-user-service,TRUE
16.09.2024,qualitrain-user-service,TRUE
16.09.2024,qualitrain-user-service,TRUE
16.09.2024,qualitrain-user-service,TRUE
16.09.2024,qualitrain-user-service,TRUE
17.09.2024,qualitrain-user-service,TRUE
18.09.2024,qualitrain-user-service,TRUE
18.09.2024,qualitrain-user-service,TRUE
23.09.2024,qualitrain-user-service,TRUE
23.09.2024,qualitrain-user-service,TRUE
26.09.2024,qualitrain-user-service,TRUE
27.09.2024,qualitrain-user-service,TRUE
30.09.2024,qualitrain-user-service,TRUE
01.10.2024,qualitrain-user-service,TRUE
01.10.2024,qualitrain-user-service,TRUE
07.10.2024,qualitrain-user-service,TRUE
07.10.2024,qualitrain-user-service,TRUE
07.10.2024,qualitrain-user-service,TRUE
09.10.2024,qualitrain-user-service,TRUE
16.10.2024,qualitrain-user-service,TRUE
17.10.2024,qualitrain-user-service,TRUE
17.10.2024,qualitrain-user-service,TRUE
21.10.2024,qualitrain-user-service,TRUE
23.10.2024,qualitrain-user-service,TRUE
28.10.2024,qualitrain-user-service,TRUE
05.11.2024,qualitrain-user-service,TRUE
06.11.2024,qualitrain-user-service,TRUE
07.11.2024,qualitrain-user-service,TRUE
11.11.2024,qualitrain-user-service,TRUE
11.11.2024,qualitrain-user-service,TRUE
18.11.2024,qualitrain-user-service,TRUE
18.11.2024,qualitrain-user-service,TRUE
18.11.2024,qualitrain-user-service,FALSE
19.11.2024,qualitrain-user-service,TRUE
19.11.2024,qualitrain-user-service,TRUE
19.11.2024,qualitrain-user-service,TRUE
20.11.2024,qualitrain-user-service,TRUE
21.11.2024,qualitrain-user-service,TRUE
25.11.2024,qualitrain-user-service,TRUE
25.11.2024,qualitrain-user-service,FALSE
25.11.2024,qualitrain-user-service,TRUE
25.11.2024,qualitrain-user-service,TRUE
25.11.2024,qualitrain-user-service,TRUE
26.11.2024,qualitrain-user-service,TRUE
27.11.2024,qualitrain-user-service,TRUE
27.11.2024,qualitrain-user-service,TRUE
28.11.2024,qualitrain-user-service,TRUE
28.11.2024,qualitrain-user-service,TRUE
28.11.2024,qualitrain-user-service,TRUE
29.11.2024,qualitrain-user-service,TRUE
02.12.2024,qualitrain-user-service,TRUE
03.12.2024,qualitrain-user-service,TRUE
03.12.2024,qualitrain-user-service,TRUE
10.12.2024,qualitrain-user-service,TRUE
11.12.2024,qualitrain-user-service,TRUE
12.12.2024,qualitrain-user-service,TRUE
13.12.2024,qualitrain-user-service,TRUE
13.12.2024,qualitrain-user-service,TRUE
13.12.2024,qualitrain-user-service,TRUE
16.12.2024,qualitrain-user-service,TRUE
16.12.2024,qualitrain-user-service,TRUE
17.12.2024,qualitrain-user-service,TRUE
17.12.2024,qualitrain-user-service,TRUE
18.12.2024,qualitrain-user-service,TRUE
19.12.2024,qualitrain-user-service,TRUE
20.12.2024,qualitrain-user-service,TRUE
20.12.2024,qualitrain-user-service,TRUE
20.12.2024,qualitrain-user-service,TRUE
20.12.2024,qualitrain-user-service,TRUE
23.12.2024,qualitrain-user-service,TRUE
02.01.2025,qualitrain-user-service,TRUE
03.01.2025,qualitrain-user-service,TRUE
07.01.2025,qualitrain-user-service,TRUE
08.01.2025,qualitrain-user-service,TRUE
08.01.2025,qualitrain-user-service,TRUE
10.01.2025,qualitrain-user-service,TRUE
13.01.2025,qualitrain-user-service,TRUE
13.01.2025,qualitrain-user-service,TRUE
13.01.2025,qualitrain-user-service,TRUE
15.01.2025,qualitrain-user-service,TRUE
20.01.2025,qualitrain-user-service,TRUE
20.01.2025,qualitrain-user-service,TRUE
29.01.2025,qualitrain-user-service,TRUE
03.02.2025,qualitrain-user-service,TRUE
06.02.2025,qualitrain-user-service,TRUE
07.02.2025,qualitrain-user-service,TRUE
07.02.2025,qualitrain-user-service,TRUE
11.02.2025,qualitrain-user-service,TRUE
12.02.2025,qualitrain-user-service,TRUE
12.02.2025,qualitrain-user-service,TRUE
13.02.2025,qualitrain-user-service,TRUE
14.02.2025,qualitrain-user-service,TRUE
19.02.2025,qualitrain-user-service,TRUE
20.02.2025,qualitrain-user-service,TRUE
21.02.2025,qualitrain-user-service,TRUE
24.02.2025,qualitrain-user-service,TRUE
26.02.2025,qualitrain-user-service,TRUE
26.02.2025,qualitrain-user-service,TRUE
07.03.2025,qualitrain-user-service,TRUE
11.03.2025,qualitrain-user-service,TRUE
13.03.2025,qualitrain-user-service,TRUE
14.03.2025,qualitrain-user-service,TRUE
14.03.2025,qualitrain-user-service,TRUE
17.03.2025,qualitrain-user-service,TRUE
27.03.2025,qualitrain-user-service,TRUE
31.03.2025,qualitrain-user-service,TRUE
31.03.2025,qualitrain-user-service,TRUE
03.04.2025,qualitrain-user-service,TRUE
03.04.2025,qualitrain-user-service,TRUE
07.04.2025,qualitrain-user-service,TRUE
08.04.2025,qualitrain-user-service,TRUE
09.04.2025,qualitrain-user-service,TRUE
09.04.2025,qualitrain-user-service,TRUE
11.04.2025,qualitrain-user-service,TRUE
15.04.2025,qualitrain-user-service,TRUE
17.04.2025,qualitrain-user-service,TRUE
18.04.2025,qualitrain-user-service,TRUE
22.04.2025,qualitrain-user-service,TRUE
23.04.2025,qualitrain-user-service,TRUE
24.04.2025,qualitrain-user-service,TRUE
24.04.2025,qualitrain-user-service,TRUE
25.04.2025,qualitrain-user-service,TRUE
25.04.2025,qualitrain-user-service,TRUE
28.04.2025,qualitrain-user-service,TRUE
28.04.2025,qualitrain-user-service,TRUE
29.04.2025,qualitrain-user-service,TRUE
30.04.2025,qualitrain-user-service,TRUE
05.05.2025,qualitrain-user-service,TRUE
09.05.2025,qualitrain-user-service,TRUE
12.05.2025,qualitrain-user-service,TRUE
13.05.2025,qualitrain-user-service,TRUE
14.05.2025,qualitrain-user-service,TRUE
15.05.2025,qualitrain-user-service,TRUE
15.05.2025,qualitrain-user-service,TRUE
15.05.2025,qualitrain-user-service,TRUE
20.05.2025,qualitrain-user-service,TRUE
21.05.2025,qualitrain-user-service,TRUE
27.05.2025,qualitrain-user-service,TRUE
27.05.2025,qualitrain-user-service,TRUE
28.05.2025,qualitrain-user-service,TRUE
30.05.2025,qualitrain-user-service,TRUE
03.06.2025,qualitrain-user-service,TRUE
04.06.2025,qualitrain-user-service,TRUE
12.06.2025,qualitrain-user-service,TRUE
16.06.2025,qualitrain-user-service,TRUE
16.06.2025,qualitrain-user-service,TRUE
16.06.2025,qualitrain-user-service,FALSE
16.06.2025,qualitrain-user-service,TRUE
17.06.2025,qualitrain-user-service,TRUE
17.06.2025,qualitrain-user-service,TRUE
20.06.2025,qualitrain-user-service,TRUE
20.06.2025,qualitrain-user-service,TRUE
24.06.2025,qualitrain-user-service,TRUE
26.06.2025,qualitrain-user-service,TRUE
27.06.2025,qualitrain-user-service,TRUE
07.07.2025,qualitrain-user-service,TRUE
09.07.2025,qualitrain-user-service,TRUE
15.07.2025,qualitrain-user-service,TRUE
15.07.2025,qualitrain-user-service,TRUE
15.07.2025,qualitrain-user-service,TRUE
16.07.2025,qualitrain-user-service,TRUE
18.07.2025,qualitrain-user-service,TRUE
23.07.2025,qualitrain-user-service,TRUE
28.07.2025,qualitrain-user-service,TRUE
01.08.2025,qualitrain-user-service,TRUE
04.08.2025,qualitrain-user-service,TRUE
06.08.2025,qualitrain-user-service,TRUE
06.08.2025,qualitrain-user-service,TRUE
06.08.2025,qualitrain-user-service,FALSE
06.08.2025,qualitrain-user-service,TRUE
07.08.2025,qualitrain-user-service,TRUE
07.08.2025,qualitrain-user-service,TRUE
11.08.2025,qualitrain-user-service,TRUE
12.08.2025,qualitrain-user-service,TRUE
14.08.2025,qualitrain-user-service,TRUE
18.08.2025,qualitrain-user-service,TRUE
18.08.2025,qualitrain-user-service,TRUE
26.08.2025,qualitrain-user-service,TRUE
26.08.2025,qualitrain-user-service,TRUE
27.08.2025,qualitrain-user-service,TRUE
27.08.2025,qualitrain-user-service,TRUE
28.08.2025,qualitrain-user-service,TRUE
01.09.2025,qualitrain-user-service,TRUE
01.09.2025,qualitrain-user-service,TRUE
03.09.2025,qualitrain-user-service,TRUE
04.09.2025,qualitrain-user-service,TRUE
05.09.2025,qualitrain-user-service,TRUE
09.09.2025,qualitrain-user-service,TRUE
10.09.2025,qualitrain-user-service,TRUE
11.09.2025,qualitrain-user-service,TRUE
16.09.2025,qualitrain-user-service,TRUE
16.09.2025,qualitrain-user-service,TRUE
17.09.2025,qualitrain-user-service,TRUE
17.09.2025,qualitrain-user-service,TRUE
18.09.2025,qualitrain-user-service,TRUE
18.09.2025,qualitrain-user-service,TRUE
22.09.2025,qualitrain-user-service,TRUE
22.09.2025,qualitrain-user-service,TRUE
06.10.2025,qualitrain-user-service,TRUE
06.10.2025,qualitrain-user-service,TRUE
07.10.2025,qualitrain-user-service,TRUE
10.10.2025,qualitrain-user-service,TRUE
14.10.2025,qualitrain-user-service,TRUE
14.10.2025,qualitrain-user-service,TRUE
14.10.2025,qualitrain-user-service,FALSE
15.10.2025,qualitrain-user-service,TRUE
16.10.2025,qualitrain-user-service,TRUE
17.10.2025,qualitrain-user-service,TRUE
17.10.2025,qualitrain-user-service,TRUE
21.10.2025,qualitrain-user-service,TRUE
22.10.2025,qualitrain-user-service,TRUE
23.10.2025,qualitrain-user-service,TRUE
28.10.2025,qualitrain-user-service,TRUE
28.10.2025,qualitrain-user-service,TRUE
30.10.2025,qualitrain-user-service,TRUE
04.11.2025,qualitrain-user-service,TRUE
04.11.2025,qualitrain-user-service,TRUE
04.11.2025,qualitrain-user-service,TRUE
04.11.2025,qualitrain-user-service,TRUE
06.11.2025,qualitrain-user-service,TRUE
06.11.2025,qualitrain-user-service,TRUE
07.11.2025,qualitrain-user-service,TRUE
13.11.2025,qualitrain-user-service,TRUE
13.11.2025,qualitrain-user-service,TRUE
13.11.2025,qualitrain-user-service,TRUE
14.11.2025,qualitrain-user-service,TRUE
21.11.2025,qualitrain-user-service,TRUE
26.11.2025,qualitrain-user-service,TRUE
27.11.2025,qualitrain-user-service,TRUE
27.11.2025,qualitrain-user-service,TRUE
01.12.2025,qualitrain-user-service,TRUE
02.12.2025,qualitrain-user-service,TRUE
09.12.2025,qualitrain-user-service,TRUE
17.12.2025,qualitrain-user-service,TRUE
23.12.2025,qualitrain-user-service,TRUE
24.12.2025,qualitrain-user-service,TRUE
30.12.2025,qualitrain-user-service,TRUE
30.12.2025,qualitrain-user-service,TRUE
30.12.2025,qualitrain-user-service,TRUE
31.12.2025,qualitrain-user-service,TRUE
06.01.2026,qualitrain-user-service,TRUE
06.01.2026,qualitrain-user-service,TRUE
08.01.2026,qualitrain-user-service,TRUE
19.01.2026,qualitrain-user-service,TRUE
20.01.2026,qualitrain-user-service,TRUE
20.01.2026,qualitrain-user-service,TRUE
21.01.2026,qualitrain-user-service,TRUE
21.01.2026,qualitrain-user-service,TRUE
22.01.2026,qualitrain-user-service,TRUE
23.01.2026,qualitrain-user-service,TRUE
27.01.2026,qualitrain-user-service,TRUE
30.01.2026,qualitrain-user-service,TRUE
02.02.2026,qualitrain-user-service,TRUE
02.02.2026,qualitrain-user-service,TRUE
03.02.2026,qualitrain-user-service,TRUE
04.02.2026,qualitrain-user-service,TRUE
04.02.2026,qualitrain-user-service,FALSE
04.02.2026,qualitrain-user-service,TRUE
04.02.2026,qualitrain-user-service,TRUE
05.02.2026,qualitrain-user-service,TRUE
10.02.2026,qualitrain-user-service,TRUE
11.02.2026,qualitrain-user-service,TRUE
13.02.2026,qualitrain-user-service,TRUE
13.02.2026,qualitrain-user-service,TRUE
16.02.2026,qualitrain-user-service,TRUE
17.02.2026,qualitrain-user-service,TRUE
18.02.2026,qualitrain-user-service,TRUE
23.02.2026,qualitrain-user-service,TRUE
27.02.2026,qualitrain-user-service,TRUE
02.03.2026,qualitrain-user-service,TRUE
03.03.2026,qualitrain-user-service,TRUE
04.03.2026,qualitrain-user-service,TRUE
06.03.2026,qualitrain-user-service,TRUE
10.03.2026,qualitrain-user-service,TRUE
10.03.2026,qualitrain-user-service,TRUE
11.03.2026,qualitrain-user-service,TRUE
13.03.2026,qualitrain-user-service,TRUE
19.03.2026,qualitrain-user-service,TRUE
23.03.2026,qualitrain-user-service,TRUE
23.03.2026,qualitrain-user-service,TRUE
23.03.2026,qualitrain-user-service,TRUE
25.03.2026,qualitrain-user-service,TRUE
27.03.2026,qualitrain-user-service,TRUE
30.03.2026,qualitrain-user-service,TRUE
30.03.2026,qualitrain-user-service,TRUE
31.03.2026,qualitrain-user-service,TRUE
31.03.2026,qualitrain-user-service,TRUE
01.04.2026,qualitrain-user-service,TRUE
09.04.2026,qualitrain-user-service,TRUE
09.04.2026,qualitrain-user-service,TRUE
13.04.2026,qualitrain-user-service,TRUE
13.04.2026,qualitrain-user-service,TRUE
14.04.2026,qualitrain-user-service,TRUE
20.04.2026,qualitrain-user-service,TRUE
20.04.2026,qualitrain-user-service,TRUE
22.04.2026,qualitrain-user-service,TRUE
23.04.2026,qualitrain-user-service,TRUE
23.04.2026,qualitrain-user-service,TRUE
27.04.2026,qualitrain-user-service,TRUE
27.04.2026,qualitrain-user-service,TRUE
28.04.2026,qualitrain-user-service,TRUE
30.04.2026,qualitrain-user-service,TRUE
04.05.2026,qualitrain-user-service,TRUE
05.05.2026,qualitrain-user-service,TRUE
05.05.2026,qualitrain-user-service,TRUE
05.05.2026,qualitrain-user-service,TRUE
07.05.2026,qualitrain-user-service,TRUE
08.05.2026,qualitrain-user-service,TRUE
11.05.2026,qualitrain-user-service,TRUE
12.05.2026,qualitrain-user-service,TRUE
12.05.2026,qualitrain-user-service,TRUE
12.05.2026,qualitrain-user-service,TRUE
13.05.2026,qualitrain-user-service,TRUE
15.05.2026,qualitrain-user-service,TRUE
18.05.2026,qualitrain-user-service,TRUE
18.05.2026,qualitrain-user-service,TRUE
18.05.2026,qualitrain-user-service,TRUE
18.05.2026,qualitrain-user-service,TRUE
19.05.2026,qualitrain-user-service,TRUE
20.05.2026,qualitrain-user-service,TRUE
21.05.2026,qualitrain-user-service,TRUE
21.05.2026,qualitrain-user-service,TRUE
21.05.2026,qualitrain-user-service,TRUE
21.05.2026,qualitrain-user-service,FALSE
21.05.2026,qualitrain-user-service,TRUE
22.05.2026,qualitrain-user-service,TRUE
26.05.2026,qualitrain-user-service,TRUE
27.05.2026,qualitrain-user-service,TRUE
28.05.2026,qualitrain-user-service,TRUE
28.05.2026,qualitrain-user-service,TRUE
28.05.2026,qualitrain-user-service,TRUE
28.05.2026,qualitrain-user-service,TRUE
29.05.2026,qualitrain-user-service,TRUE
29.05.2026,qualitrain-user-service,TRUE
02.06.2026,qualitrain-user-service,TRUE
03.06.2026,qualitrain-user-service,TRUE
03.06.2026,qualitrain-user-service,TRUE
04.06.2026,qualitrain-user-service,TRUE
08.06.2026,qualitrain-user-service,TRUE
08.06.2026,qualitrain-user-service,TRUE
09.06.2026,qualitrain-user-service,TRUE
10.06.2026,qualitrain-user-service,TRUE
10.06.2026,qualitrain-user-service,TRUE
10.06.2026,qualitrain-user-service,TRUE
11.06.2026,qualitrain-user-service,TRUE
15.06.2026,qualitrain-user-service,TRUE
15.06.2026,qualitrain-user-service,TRUE
16.06.2026,qualitrain-user-service,TRUE
16.06.2026,qualitrain-user-service,TRUE
17.06.2026,qualitrain-user-service,TRUE
23.06.2026,qualitrain-user-service,TRUE
23.06.2026,qualitrain-user-service,TRUE
25.06.2026,qualitrain-user-service,TRUE
25.06.2026,qualitrain-user-service,TRUE
25.06.2026,qualitrain-user-service,TRUE
26.06.2026,qualitrain-user-service,TRUE
29.06.2026,qualitrain-user-service,TRUE
29.06.2026,qualitrain-user-service,TRUE
29.06.2026,qualitrain-user-service,TRUE
29.06.2026,qualitrain-user-service,TRUE
29.06.2026,qualitrain-user-service,TRUE
30.06.2026,qualitrain-user-service,TRUE
01.07.2026,qualitrain-user-service,TRUE
01.07.2026,qualitrain-user-service,TRUE
03.07.2026,qualitrain-user-service,TRUE
06.07.2026,qualitrain-user-service,TRUE
06.07.2026,qualitrain-user-service,TRUE
07.07.2026,qualitrain-user-service,TRUE
09.07.2026,qualitrain-user-service,TRUE
10.07.2026,qualitrain-user-service,TRUE
16.07.2026,qualitrain-user-service,TRUE
17.07.2026,qualitrain-user-service,TRUE
17.07.2026,qualitrain-user-service,TRUE
17.07.2026,qualitrain-user-service,TRUE
20.07.2026,qualitrain-user-service,TRUE
20.07.2026,qualitrain-user-service,TRUE
20.07.2026,qualitrain-user-service,TRUE
20.07.2026,qualitrain-user-service,TRUE
20.07.2026,qualitrain-user-service,TRUE
20.07.2026,qualitrain-user-service,TRUE
20.07.2026,qualitrain-user-service,TRUE
20.07.2026,qualitrain-user-service,TRUE
21.07.2026,qualitrain-user-service,TRUE
22.07.2026,qualitrain-user-service,TRUE
27.07.2026,qualitrain-user-service,TRUE
27.07.2026,qualitrain-user-service,TRUE
28.07.2026,qualitrain-user-service,TRUE
30.07.2026,qualitrain-user-service,TRUE
30.07.2026,qualitrain-user-service,TRUE
04.08.2026,qualitrain-user-service,TRUE
05.08.2026,qualitrain-user-service,TRUE
11.08.2026,qualitrain-user-service,TRUE
11.08.2026,qualitrain-user-service,TRUE
12.08.2026,qualitrain-user-service,TRUE
12.08.2026,qualitrain-user-service,TRUE
12.08.2026,qualitrain-user-service,TRUE
12.08.2026,qualitrain-user-service,TRUE
13.08.2026,qualitrain-user-service,TRUE
13.08.2026,qualitrain-user-service,TRUE
13.08.2026,qualitrain-user-service,TRUE
14.08.2026,qualitrain-user-service,TRUE
17.08.2026,qualitrain-user-service,TRUE
18.08.2026,qualitrain-user-service,TRUE
18.08.2026,qualitrain-user-service,TRUE
21.08.2026,qualitrain-user-service,TRUE
27.08.2026,qualitrain-user-service,TRUE
27.08.2026,qualitrain-user-service,TRUE
28.08.2026,qualitrain-user-service,TRUE
11.01.2024,qualitrain-web-gateway,TRUE
09.02.2024,qualitrain-web-gateway,TRUE
29.02.2024,qualitrain-web-gateway,TRUE
05.03.2024,qualitrain-web-gateway,TRUE
11.03.2024,qualitrain-web-gateway,TRUE
11.03.2024,qualitrain-web-gateway,TRUE
25.03.2024,qualitrain-web-gateway,TRUE
02.04.2024,qualitrain-web-gateway,TRUE
17.04.2024,qualitrain-web-gateway,TRUE
21.05.2024,qualitrain-web-gateway,TRUE
27.05.2024,qualitrain-web-gateway,TRUE
31.05.2024,qualitrain-web-gateway,TRUE
07.06.2024,qualitrain-web-gateway,TRUE
13.06.2024,qualitrain-web-gateway,TRUE
19.06.2024,qualitrain-web-gateway,TRUE
02.07.2024,qualitrain-web-gateway,TRUE
08.07.2024,qualitrain-web-gateway,TRUE
10.07.2024,qualitrain-web-gateway,TRUE
23.07.2024,qualitrain-web-gateway,TRUE
01.08.2024,qualitrain-web-gateway,TRUE
08.08.2024,qualitrain-web-gateway,TRUE
20.08.2024,qualitrain-web-gateway,TRUE
21.08.2024,qualitrain-web-gateway,TRUE
23.08.2024,qualitrain-web-gateway,TRUE
29.08.2024,qualitrain-web-gateway,TRUE
03.09.2024,qualitrain-web-gateway,TRUE
09.09.2024,qualitrain-web-gateway,TRUE
27.09.2024,qualitrain-web-gateway,TRUE
07.10.2024,qualitrain-web-gateway,TRUE
16.10.2024,qualitrain-web-gateway,TRUE
21.10.2024,qualitrain-web-gateway,TRUE
07.11.2024,qualitrain-web-gateway,TRUE
13.11.2024,qualitrain-web-gateway,TRUE
19.11.2024,qualitrain-web-gateway,TRUE
20.11.2024,qualitrain-web-gateway,TRUE
21.11.2024,qualitrain-web-gateway,TRUE
25.11.2024,qualitrain-web-gateway,TRUE
26.11.2024,qualitrain-web-gateway,TRUE
26.11.2024,qualitrain-web-gateway,TRUE
13.12.2024,qualitrain-web-gateway,TRUE
13.12.2024,qualitrain-web-gateway,FALSE
13.12.2024,qualitrain-web-gateway,TRUE
16.12.2024,qualitrain-web-gateway,TRUE
20.12.2024,qualitrain-web-gateway,TRUE
06.01.2025,qualitrain-web-gateway,TRUE
13.01.2025,qualitrain-web-gateway,TRUE
15.01.2025,qualitrain-web-gateway,TRUE
27.01.2025,qualitrain-web-gateway,TRUE
29.01.2025,qualitrain-web-gateway,TRUE
10.02.2025,qualitrain-web-gateway,TRUE
10.02.2025,qualitrain-web-gateway,TRUE
11.02.2025,qualitrain-web-gateway,TRUE
11.02.2025,qualitrain-web-gateway,TRUE
13.02.2025,qualitrain-web-gateway,TRUE
13.02.2025,qualitrain-web-gateway,TRUE
14.02.2025,qualitrain-web-gateway,TRUE
19.02.2025,qualitrain-web-gateway,TRUE
24.02.2025,qualitrain-web-gateway,TRUE
24.02.2025,qualitrain-web-gateway,TRUE
25.02.2025,qualitrain-web-gateway,TRUE
07.03.2025,qualitrain-web-gateway,TRUE
10.03.2025,qualitrain-web-gateway,TRUE
13.03.2025,qualitrain-web-gateway,TRUE
14.03.2025,qualitrain-web-gateway,TRUE
14.03.2025,qualitrain-web-gateway,TRUE
17.03.2025,qualitrain-web-gateway,TRUE
17.03.2025,qualitrain-web-gateway,TRUE
20.03.2025,qualitrain-web-gateway,TRUE
20.03.2025,qualitrain-web-gateway,TRUE
27.03.2025,qualitrain-web-gateway,TRUE
03.04.2025,qualitrain-web-gateway,TRUE
03.04.2025,qualitrain-web-gateway,TRUE
04.04.2025,qualitrain-web-gateway,TRUE
08.04.2025,qualitrain-web-gateway,TRUE
10.04.2025,qualitrain-web-gateway,TRUE
16.04.2025,qualitrain-web-gateway,TRUE
22.04.2025,qualitrain-web-gateway,TRUE
24.04.2025,qualitrain-web-gateway,TRUE
25.04.2025,qualitrain-web-gateway,TRUE
28.04.2025,qualitrain-web-gateway,TRUE
28.04.2025,qualitrain-web-gateway,TRUE
05.05.2025,qualitrain-web-gateway,TRUE
09.05.2025,qualitrain-web-gateway,TRUE
12.05.2025,qualitrain-web-gateway,TRUE
13.05.2025,qualitrain-web-gateway,TRUE
15.05.2025,qualitrain-web-gateway,TRUE
27.05.2025,qualitrain-web-gateway,TRUE
27.05.2025,qualitrain-web-gateway,TRUE
03.06.2025,qualitrain-web-gateway,TRUE
03.06.2025,qualitrain-web-gateway,TRUE
18.06.2025,qualitrain-web-gateway,TRUE
20.06.2025,qualitrain-web-gateway,TRUE
20.06.2025,qualitrain-web-gateway,TRUE
23.06.2025,qualitrain-web-gateway,TRUE
24.06.2025,qualitrain-web-gateway,TRUE
24.06.2025,qualitrain-web-gateway,TRUE
25.06.2025,qualitrain-web-gateway,TRUE
27.06.2025,qualitrain-web-gateway,TRUE
07.07.2025,qualitrain-web-gateway,TRUE
07.07.2025,qualitrain-web-gateway,TRUE
07.07.2025,qualitrain-web-gateway,TRUE
09.07.2025,qualitrain-web-gateway,TRUE
09.07.2025,qualitrain-web-gateway,TRUE
10.07.2025,qualitrain-web-gateway,TRUE
10.07.2025,qualitrain-web-gateway,TRUE
11.07.2025,qualitrain-web-gateway,TRUE
16.07.2025,qualitrain-web-gateway,TRUE
18.07.2025,qualitrain-web-gateway,TRUE
21.07.2025,qualitrain-web-gateway,TRUE
22.07.2025,qualitrain-web-gateway,TRUE
23.07.2025,qualitrain-web-gateway,TRUE
29.07.2025,qualitrain-web-gateway,TRUE
31.07.2025,qualitrain-web-gateway,TRUE
06.08.2025,qualitrain-web-gateway,TRUE
06.08.2025,qualitrain-web-gateway,TRUE
07.08.2025,qualitrain-web-gateway,TRUE
11.08.2025,qualitrain-web-gateway,TRUE
22.08.2025,qualitrain-web-gateway,TRUE
27.08.2025,qualitrain-web-gateway,TRUE
01.09.2025,qualitrain-web-gateway,TRUE
01.09.2025,qualitrain-web-gateway,TRUE
04.09.2025,qualitrain-web-gateway,TRUE
04.09.2025,qualitrain-web-gateway,TRUE
04.09.2025,qualitrain-web-gateway,TRUE
04.09.2025,qualitrain-web-gateway,TRUE
08.09.2025,qualitrain-web-gateway,TRUE
08.09.2025,qualitrain-web-gateway,TRUE
08.09.2025,qualitrain-web-gateway,TRUE
09.09.2025,qualitrain-web-gateway,TRUE
10.09.2025,qualitrain-web-gateway,TRUE
11.09.2025,qualitrain-web-gateway,TRUE
16.09.2025,qualitrain-web-gateway,TRUE
17.09.2025,qualitrain-web-gateway,TRUE
22.09.2025,qualitrain-web-gateway,TRUE
22.09.2025,qualitrain-web-gateway,TRUE
10.10.2025,qualitrain-web-gateway,TRUE
10.10.2025,qualitrain-web-gateway,TRUE
14.10.2025,qualitrain-web-gateway,TRUE
14.10.2025,qualitrain-web-gateway,TRUE
14.10.2025,qualitrain-web-gateway,FALSE
15.10.2025,qualitrain-web-gateway,TRUE
16.10.2025,qualitrain-web-gateway,TRUE
17.10.2025,qualitrain-web-gateway,TRUE
17.10.2025,qualitrain-web-gateway,TRUE
20.10.2025,qualitrain-web-gateway,TRUE
21.10.2025,qualitrain-web-gateway,TRUE
28.10.2025,qualitrain-web-gateway,TRUE
28.10.2025,qualitrain-web-gateway,TRUE
28.10.2025,qualitrain-web-gateway,TRUE
28.10.2025,qualitrain-web-gateway,TRUE
28.10.2025,qualitrain-web-gateway,TRUE
30.10.2025,qualitrain-web-gateway,TRUE
03.11.2025,qualitrain-web-gateway,TRUE
04.11.2025,qualitrain-web-gateway,TRUE
13.11.2025,qualitrain-web-gateway,TRUE
14.11.2025,qualitrain-web-gateway,TRUE
24.11.2025,qualitrain-web-gateway,TRUE
26.11.2025,qualitrain-web-gateway,TRUE
26.11.2025,qualitrain-web-gateway,TRUE
27.11.2025,qualitrain-web-gateway,TRUE
02.12.2025,qualitrain-web-gateway,TRUE
02.12.2025,qualitrain-web-gateway,TRUE
05.12.2025,qualitrain-web-gateway,TRUE
10.12.2025,qualitrain-web-gateway,TRUE
11.12.2025,qualitrain-web-gateway,TRUE
15.12.2025,qualitrain-web-gateway,TRUE
23.12.2025,qualitrain-web-gateway,TRUE
31.12.2025,qualitrain-web-gateway,TRUE
06.01.2026,qualitrain-web-gateway,TRUE
20.01.2026,qualitrain-web-gateway,TRUE
21.01.2026,qualitrain-web-gateway,TRUE
22.01.2026,qualitrain-web-gateway,TRUE
26.01.2026,qualitrain-web-gateway,TRUE
27.01.2026,qualitrain-web-gateway,TRUE
29.01.2026,qualitrain-web-gateway,TRUE
30.01.2026,qualitrain-web-gateway,TRUE
04.02.2026,qualitrain-web-gateway,TRUE
09.02.2026,qualitrain-web-gateway,TRUE
10.02.2026,qualitrain-web-gateway,TRUE
17.02.2026,qualitrain-web-gateway,TRUE
19.02.2026,qualitrain-web-gateway,TRUE
23.02.2026,qualitrain-web-gateway,TRUE
25.02.2026,qualitrain-web-gateway,TRUE
27.02.2026,qualitrain-web-gateway,TRUE
04.03.2026,qualitrain-web-gateway,TRUE
05.03.2026,qualitrain-web-gateway,TRUE
06.03.2026,qualitrain-web-gateway,TRUE
10.03.2026,qualitrain-web-gateway,TRUE
11.03.2026,qualitrain-web-gateway,TRUE
23.03.2026,qualitrain-web-gateway,TRUE
27.03.2026,qualitrain-web-gateway,TRUE
30.03.2026,qualitrain-web-gateway,TRUE
30.03.2026,qualitrain-web-gateway,TRUE
31.03.2026,qualitrain-web-gateway,TRUE
31.03.2026,qualitrain-web-gateway,TRUE
20.04.2026,qualitrain-web-gateway,TRUE
20.04.2026,qualitrain-web-gateway,TRUE
23.04.2026,qualitrain-web-gateway,TRUE
05.05.2026,qualitrain-web-gateway,TRUE
11.05.2026,qualitrain-web-gateway,TRUE
12.05.2026,qualitrain-web-gateway,TRUE
19.05.2026,qualitrain-web-gateway,TRUE
21.05.2026,qualitrain-web-gateway,TRUE
21.05.2026,qualitrain-web-gateway,TRUE
21.05.2026,qualitrain-web-gateway,TRUE
22.05.2026,qualitrain-web-gateway,TRUE
27.05.2026,qualitrain-web-gateway,TRUE
01.06.2026,qualitrain-web-gateway,TRUE
10.06.2026,qualitrain-web-gateway,TRUE
16.06.2026,qualitrain-web-gateway,TRUE
23.06.2026,qualitrain-web-gateway,TRUE
25.06.2026,qualitrain-web-gateway,TRUE
26.06.2026,qualitrain-web-gateway,TRUE
06.07.2026,qualitrain-web-gateway,TRUE
21.07.2026,qualitrain-web-gateway,TRUE
21.07.2026,qualitrain-web-gateway,TRUE
21.07.2026,qualitrain-web-gateway,TRUE
22.07.2026,qualitrain-web-gateway,TRUE
23.07.2026,qualitrain-web-gateway,TRUE
28.07.2026,qualitrain-web-gateway,TRUE
30.07.2026,qualitrain-web-gateway,TRUE
06.08.2026,qualitrain-web-gateway,TRUE
10.08.2026,qualitrain-web-gateway,TRUE
13.08.2026,qualitrain-web-gateway,TRUE
18.08.2026,qualitrain-web-gateway,TRUE
21.08.2026,qualitrain-web-gateway,TRUE
21.08.2026,qualitrain-web-gateway,TRUE
27.08.2026,qualitrain-web-gateway,TRUE
27.08.2026,qualitrain-web-gateway,TRUE
10.01.2024,redirect-service,TRUE
10.01.2024,redirect-service,FALSE
02.02.2024,redirect-service,TRUE
05.02.2024,redirect-service,TRUE
06.02.2024,redirect-service,TRUE
07.02.2024,redirect-service,TRUE
19.12.2025,redirect-service,TRUE
22.01.2026,redirect-service,TRUE
30.01.2026,redirect-service,TRUE
02.02.2026,redirect-service,TRUE
03.02.2026,redirect-service,TRUE
03.02.2026,redirect-service,TRUE
25.02.2026,redirect-service,TRUE
05.03.2026,redirect-service,TRUE
05.03.2026,redirect-service,TRUE
10.03.2026,redirect-service,TRUE
07.02.2024,redshift-vacuum,TRUE
08.02.2024,redshift-vacuum,TRUE
29.07.2025,redshift-vacuum,TRUE
05.09.2025,redshift-vacuum,TRUE
02.02.2026,redshift-vacuum,TRUE
27.03.2026,redshift-vacuum,TRUE
08.04.2026,redshift-vacuum,TRUE
08.07.2024,referral-form,TRUE
02.08.2024,referral-form,TRUE
02.08.2024,referral-form,TRUE
23.09.2024,referral-form,TRUE
23.09.2024,referral-form,TRUE
23.09.2024,referral-form,TRUE
23.09.2024,referral-form,TRUE
23.09.2024,referral-form,TRUE
23.09.2024,referral-form,TRUE
23.09.2024,referral-form,TRUE
23.09.2024,referral-form,TRUE
02.10.2024,referral-form,TRUE
02.10.2024,referral-form,TRUE
19.06.2025,referral-form,TRUE
19.06.2025,referral-form,TRUE
23.07.2025,referral-form,TRUE
23.07.2025,referral-form,TRUE
20.08.2025,referral-form,TRUE
20.08.2025,referral-form,TRUE
15.09.2025,referral-form,TRUE
15.09.2025,referral-form,TRUE
17.09.2025,referral-form,TRUE
17.09.2025,referral-form,TRUE
02.01.2024,relm,TRUE
12.01.2024,relm,TRUE
15.01.2024,relm,TRUE
25.01.2024,relm,TRUE
28.02.2024,relm,TRUE
07.03.2024,relm,TRUE
02.04.2024,relm,TRUE
04.04.2024,relm,TRUE
05.04.2024,relm,FALSE
08.04.2024,relm,TRUE
19.04.2024,relm,TRUE
07.05.2024,relm,TRUE
10.06.2024,relm,TRUE
20.06.2024,relm,TRUE
20.06.2024,relm,TRUE
21.06.2024,relm,TRUE
28.06.2024,relm,TRUE
22.07.2024,relm,TRUE
02.08.2024,relm,TRUE
05.09.2024,relm,TRUE
27.09.2024,relm,TRUE
09.10.2024,relm,TRUE
16.12.2024,relm,TRUE
16.12.2024,relm,TRUE
19.12.2024,relm,TRUE
10.01.2025,relm,TRUE
03.02.2025,relm,TRUE
17.02.2025,relm,TRUE
27.03.2025,relm,TRUE
14.04.2025,relm,TRUE
12.05.2025,relm,TRUE
12.06.2025,relm,TRUE
26.06.2025,relm,TRUE
02.07.2025,relm,TRUE
11.07.2025,relm,TRUE
15.07.2025,relm,TRUE
17.07.2025,relm,TRUE
18.07.2025,relm,TRUE
22.07.2025,relm,TRUE
23.07.2025,relm,TRUE
30.07.2025,relm,TRUE
31.07.2025,relm,TRUE
01.08.2025,relm,TRUE
07.08.2025,relm,TRUE
12.08.2025,relm,TRUE
19.08.2025,relm,TRUE
20.08.2025,relm,TRUE
22.08.2025,relm,TRUE
27.08.2025,relm,TRUE
09.09.2025,relm,TRUE
11.09.2025,relm,TRUE
11.09.2025,relm,FALSE
12.09.2025,relm,TRUE
26.09.2025,relm,TRUE
29.09.2025,relm,TRUE
07.10.2025,relm,TRUE
09.10.2025,relm,TRUE
14.10.2025,relm,TRUE
21.10.2025,relm,TRUE
21.10.2025,relm,TRUE
27.10.2025,relm,TRUE
30.10.2025,relm,TRUE
04.11.2025,relm,TRUE
11.11.2025,relm,TRUE
21.11.2025,relm,TRUE
25.11.2025,relm,TRUE
02.12.2025,relm,TRUE
02.12.2025,relm,TRUE
05.01.2026,relm,TRUE
14.01.2026,relm,TRUE
03.02.2026,relm,TRUE
12.02.2026,relm,TRUE
25.02.2026,relm,TRUE
03.03.2026,relm,TRUE
04.03.2026,relm,TRUE
11.03.2026,relm,TRUE
17.03.2026,relm,TRUE
19.03.2026,relm,TRUE
25.03.2026,relm,TRUE
08.04.2026,relm,TRUE
08.04.2026,relm,TRUE
13.04.2026,relm,TRUE
14.04.2026,relm,TRUE
16.04.2026,relm,TRUE
20.04.2026,relm,TRUE
07.05.2026,relm,TRUE
26.05.2026,relm,TRUE
24.06.2026,relm,TRUE
25.06.2026,relm,TRUE
06.07.2026,relm,TRUE
20.07.2026,relm,TRUE
21.07.2026,relm,TRUE
04.08.2026,relm,TRUE
06.08.2026,relm,TRUE
11.08.2026,relm,TRUE
25.08.2026,relm,TRUE
03.07.2024,reporting-frontend,TRUE
03.07.2024,reporting-frontend,TRUE
16.09.2024,reporting-frontend,TRUE
27.09.2024,reporting-frontend,TRUE
02.10.2024,reporting-frontend,TRUE
11.11.2024,reporting-frontend,TRUE
16.04.2025,reporting-frontend,TRUE
16.04.2025,reporting-frontend,TRUE
16.04.2025,reporting-frontend,TRUE
16.04.2025,reporting-frontend,TRUE
16.04.2025,reporting-frontend,TRUE
16.04.2025,reporting-frontend,TRUE
18.06.2025,reporting-frontend,TRUE
18.06.2025,reporting-frontend,TRUE
09.07.2025,reporting-frontend,TRUE
09.07.2025,reporting-frontend,TRUE
20.08.2025,reporting-frontend,TRUE
20.08.2025,reporting-frontend,TRUE
18.09.2025,reporting-frontend,TRUE
18.09.2025,reporting-frontend,TRUE
03.01.2024,reporting,TRUE
04.01.2024,reporting,TRUE
05.01.2024,reporting,TRUE
05.01.2024,reporting,TRUE
05.01.2024,reporting,TRUE
05.01.2024,reporting,TRUE
05.01.2024,reporting,TRUE
05.01.2024,reporting,TRUE
05.01.2024,reporting,TRUE
05.01.2024,reporting,TRUE
08.01.2024,reporting,TRUE
08.01.2024,reporting,TRUE
08.01.2024,reporting,TRUE
08.01.2024,reporting,TRUE
10.01.2024,reporting,TRUE
10.01.2024,reporting,TRUE
17.01.2024,reporting,TRUE
17.01.2024,reporting,TRUE
17.01.2024,reporting,TRUE
17.01.2024,reporting,TRUE
18.01.2024,reporting,TRUE
25.01.2024,reporting,TRUE
25.01.2024,reporting,TRUE
25.01.2024,reporting,TRUE
25.01.2024,reporting,TRUE
30.01.2024,reporting,TRUE
02.02.2024,reporting,TRUE
15.02.2024,reporting,TRUE
20.02.2024,reporting,TRUE
01.03.2024,reporting,TRUE
28.03.2024,reporting,TRUE
15.04.2024,reporting,TRUE
24.04.2024,reporting,TRUE
17.05.2024,reporting,TRUE
22.05.2024,reporting,TRUE
22.05.2024,reporting,TRUE
22.05.2024,reporting,TRUE
27.05.2024,reporting,TRUE
28.05.2024,reporting,TRUE
03.06.2024,reporting,TRUE
11.06.2024,reporting,TRUE
19.06.2024,reporting,TRUE
20.06.2024,reporting,TRUE
21.06.2024,reporting,TRUE
25.06.2024,reporting,TRUE
02.07.2024,reporting,TRUE
02.07.2024,reporting,TRUE
02.07.2024,reporting,TRUE
02.07.2024,reporting,TRUE
03.07.2024,reporting,TRUE
03.07.2024,reporting,TRUE
09.07.2024,reporting,TRUE
20.08.2024,reporting,TRUE
17.09.2024,reporting,TRUE
17.09.2024,reporting,TRUE
17.09.2024,reporting,TRUE
18.09.2024,reporting,TRUE
18.09.2024,reporting,TRUE
18.09.2024,reporting,TRUE
19.09.2024,reporting,TRUE
19.09.2024,reporting,TRUE
20.09.2024,reporting,TRUE
02.10.2024,reporting,TRUE
02.10.2024,reporting,TRUE
02.10.2024,reporting,TRUE
02.10.2024,reporting,TRUE
03.10.2024,reporting,TRUE
03.10.2024,reporting,TRUE
03.10.2024,reporting,TRUE
03.10.2024,reporting,TRUE
03.10.2024,reporting,TRUE
03.10.2024,reporting,TRUE
08.10.2024,reporting,TRUE
18.10.2024,reporting,TRUE
22.10.2024,reporting,TRUE
22.10.2024,reporting,TRUE
22.10.2024,reporting,TRUE
22.10.2024,reporting,TRUE
23.10.2024,reporting,TRUE
23.10.2024,reporting,TRUE
23.10.2024,reporting,TRUE
05.11.2024,reporting,TRUE
06.11.2024,reporting,TRUE
12.11.2024,reporting,TRUE
29.11.2024,reporting,TRUE
04.12.2024,reporting,TRUE
04.12.2024,reporting,TRUE
24.12.2024,reporting,TRUE
24.12.2024,reporting,TRUE
24.12.2024,reporting,TRUE
13.01.2025,reporting,TRUE
15.01.2025,reporting,TRUE
15.01.2025,reporting,TRUE
30.01.2025,reporting,TRUE
11.03.2025,reporting,TRUE
12.03.2025,reporting,TRUE
12.03.2025,reporting,TRUE
12.03.2025,reporting,TRUE
12.03.2025,reporting,TRUE
12.03.2025,reporting,TRUE
13.03.2025,reporting,TRUE
13.03.2025,reporting,TRUE
13.03.2025,reporting,TRUE
14.03.2025,reporting,TRUE
14.03.2025,reporting,TRUE
14.03.2025,reporting,TRUE
17.03.2025,reporting,TRUE
17.03.2025,reporting,TRUE
18.03.2025,reporting,TRUE
18.03.2025,reporting,TRUE
18.03.2025,reporting,TRUE
18.03.2025,reporting,TRUE
18.03.2025,reporting,TRUE
20.03.2025,reporting,TRUE
21.03.2025,reporting,TRUE
21.03.2025,reporting,TRUE
21.03.2025,reporting,TRUE
26.03.2025,reporting,TRUE
28.03.2025,reporting,TRUE
13.06.2025,reporting,TRUE
13.06.2025,reporting,TRUE
13.06.2025,reporting,TRUE
13.06.2025,reporting,TRUE
16.06.2025,reporting,TRUE
16.06.2025,reporting,TRUE
17.06.2025,reporting,TRUE
17.06.2025,reporting,TRUE
18.06.2025,reporting,TRUE
18.06.2025,reporting,TRUE
18.06.2025,reporting,TRUE
18.06.2025,reporting,TRUE
18.06.2025,reporting,TRUE
18.06.2025,reporting,TRUE
18.06.2025,reporting,TRUE
18.06.2025,reporting,TRUE
18.06.2025,reporting,TRUE
18.06.2025,reporting,TRUE
18.06.2025,reporting,TRUE
18.06.2025,reporting,TRUE
18.06.2025,reporting,TRUE
18.06.2025,reporting,TRUE
19.06.2025,reporting,TRUE
26.06.2025,reporting,TRUE
27.06.2025,reporting,TRUE
27.06.2025,reporting,TRUE
01.07.2025,reporting,TRUE
17.07.2025,reporting,TRUE
17.07.2025,reporting,TRUE
05.08.2025,reporting,TRUE
05.08.2025,reporting,TRUE
05.08.2025,reporting,TRUE
05.08.2025,reporting,TRUE
18.08.2025,reporting,TRUE
18.08.2025,reporting,TRUE
20.08.2025,reporting,TRUE
20.08.2025,reporting,TRUE
26.08.2025,reporting,TRUE
26.08.2025,reporting,TRUE
29.08.2025,reporting,TRUE
29.08.2025,reporting,TRUE
29.08.2025,reporting,TRUE
05.09.2025,reporting,TRUE
09.09.2025,reporting,TRUE
09.09.2025,reporting,TRUE
09.09.2025,reporting,TRUE
09.09.2025,reporting,TRUE
10.09.2025,reporting,TRUE
10.09.2025,reporting,TRUE
10.09.2025,reporting,TRUE
10.09.2025,reporting,TRUE
18.09.2025,reporting,TRUE
18.09.2025,reporting,TRUE
25.09.2025,reporting,TRUE
25.09.2025,reporting,TRUE
21.10.2025,reporting,TRUE
21.10.2025,reporting,TRUE
21.10.2025,reporting,TRUE
21.10.2025,reporting,TRUE
22.10.2025,reporting,TRUE
22.10.2025,reporting,TRUE
22.10.2025,reporting,TRUE
23.10.2025,reporting,TRUE
23.10.2025,reporting,TRUE
27.10.2025,reporting,TRUE
11.11.2025,reporting,TRUE
18.11.2025,reporting,TRUE
06.01.2026,reporting,TRUE
06.01.2026,reporting,TRUE
09.01.2026,reporting,TRUE
09.01.2026,reporting,TRUE
12.01.2026,reporting,TRUE
12.01.2026,reporting,TRUE
16.01.2026,reporting,TRUE
22.01.2026,reporting,TRUE
10.02.2026,reporting,TRUE
10.02.2026,reporting,TRUE
10.02.2026,reporting,TRUE
26.02.2026,reporting,TRUE
26.02.2026,reporting,TRUE
25.03.2026,reporting,TRUE
26.03.2026,reporting,TRUE
27.03.2026,reporting,TRUE
27.03.2026,reporting,TRUE
27.03.2026,reporting,TRUE
27.03.2026,reporting,TRUE
08.04.2026,reporting,TRUE
08.04.2026,reporting,TRUE
23.04.2026,reporting,TRUE
04.05.2026,reporting,TRUE
12.05.2026,reporting,TRUE
12.05.2026,reporting,TRUE
12.05.2026,reporting,TRUE
15.05.2026,reporting,TRUE
21.05.2026,reporting,TRUE
27.05.2026,reporting,TRUE
02.06.2026,reporting,TRUE
23.07.2026,reporting,TRUE
24.07.2026,reporting,TRUE
19.08.2026,rocket-metrics,TRUE
19.08.2026,rocket-metrics,TRUE
03.02.2026,security-txt,TRUE
04.01.2024,server-checkin,TRUE
19.01.2024,server-checkin,TRUE
22.02.2024,server-checkin,TRUE
08.05.2024,server-checkin,TRUE
28.06.2024,server-checkin,TRUE
11.07.2024,server-checkin,TRUE
12.08.2024,server-checkin,TRUE
28.08.2024,server-checkin,TRUE
28.08.2024,server-checkin,TRUE
22.01.2025,server-checkin,TRUE
23.01.2025,server-checkin,TRUE
29.01.2025,server-checkin,TRUE
29.01.2025,server-checkin,TRUE
30.01.2025,server-checkin,TRUE
06.02.2025,server-checkin,TRUE
14.04.2025,server-checkin,TRUE
06.05.2025,server-checkin,TRUE
18.06.2025,server-checkin,TRUE
23.06.2025,server-checkin,TRUE
11.09.2025,server-checkin,TRUE
16.10.2025,server-checkin,TRUE
16.10.2025,server-checkin,TRUE
16.10.2025,server-checkin,TRUE
23.10.2025,server-checkin,TRUE
23.10.2025,server-checkin,TRUE
12.11.2025,server-checkin,TRUE
13.11.2025,server-checkin,TRUE
13.11.2025,server-checkin,TRUE
25.11.2025,server-checkin,TRUE
26.11.2025,server-checkin,TRUE
15.12.2025,server-checkin,TRUE
17.12.2025,server-checkin,TRUE
17.12.2025,server-checkin,TRUE
17.12.2025,server-checkin,TRUE
23.12.2025,server-checkin,TRUE
03.02.2026,server-checkin,TRUE
26.02.2026,server-checkin,TRUE
27.02.2026,server-checkin,TRUE
18.03.2026,server-checkin,TRUE
01.04.2026,server-checkin,TRUE
02.04.2026,server-checkin,TRUE
02.04.2026,server-checkin,TRUE
20.04.2026,server-checkin,TRUE
21.04.2026,server-checkin,TRUE
23.04.2026,server-checkin,TRUE
28.04.2026,server-checkin,TRUE
07.05.2026,server-checkin,TRUE
18.05.2026,server-checkin,TRUE
21.05.2026,server-checkin,TRUE
22.05.2026,server-checkin,TRUE
26.05.2026,server-checkin,TRUE
22.06.2026,server-checkin,TRUE
24.06.2026,server-checkin,TRUE
16.07.2026,server-checkin,TRUE
16.07.2026,server-checkin,TRUE
20.07.2026,server-checkin,TRUE
27.07.2026,server-checkin,TRUE
05.08.2026,server-checkin,TRUE
06.08.2026,server-checkin,TRUE
07.08.2026,server-checkin,TRUE
17.08.2026,server-checkin,TRUE
28.08.2026,server-checkin,TRUE
04.01.2024,server-gyms,TRUE
16.01.2024,server-gyms,TRUE
19.01.2024,server-gyms,TRUE
22.01.2024,server-gyms,TRUE
01.02.2024,server-gyms,TRUE
06.02.2024,server-gyms,TRUE
21.02.2024,server-gyms,TRUE
26.02.2024,server-gyms,TRUE
27.02.2024,server-gyms,TRUE
07.03.2024,server-gyms,TRUE
08.03.2024,server-gyms,TRUE
12.03.2024,server-gyms,TRUE
13.03.2024,server-gyms,TRUE
14.03.2024,server-gyms,TRUE
18.03.2024,server-gyms,TRUE
15.04.2024,server-gyms,TRUE
17.04.2024,server-gyms,TRUE
02.05.2024,server-gyms,TRUE
02.05.2024,server-gyms,FALSE
07.05.2024,server-gyms,TRUE
07.05.2024,server-gyms,TRUE
07.05.2024,server-gyms,FALSE
13.05.2024,server-gyms,TRUE
14.05.2024,server-gyms,TRUE
31.05.2024,server-gyms,TRUE
04.06.2024,server-gyms,TRUE
05.06.2024,server-gyms,TRUE
11.06.2024,server-gyms,TRUE
17.06.2024,server-gyms,TRUE
17.06.2024,server-gyms,TRUE
24.06.2024,server-gyms,TRUE
04.07.2024,server-gyms,TRUE
10.07.2024,server-gyms,TRUE
16.07.2024,server-gyms,TRUE
17.07.2024,server-gyms,TRUE
29.07.2024,server-gyms,TRUE
29.07.2024,server-gyms,TRUE
30.07.2024,server-gyms,TRUE
02.08.2024,server-gyms,TRUE
12.08.2024,server-gyms,TRUE
29.08.2024,server-gyms,TRUE
03.09.2024,server-gyms,TRUE
04.09.2024,server-gyms,TRUE
06.09.2024,server-gyms,TRUE
09.09.2024,server-gyms,TRUE
19.09.2024,server-gyms,TRUE
23.09.2024,server-gyms,TRUE
30.09.2024,server-gyms,TRUE
08.10.2024,server-gyms,TRUE
29.10.2024,server-gyms,TRUE
11.11.2024,server-gyms,TRUE
13.11.2024,server-gyms,TRUE
18.11.2024,server-gyms,TRUE
10.12.2024,server-gyms,TRUE
19.12.2024,server-gyms,TRUE
20.12.2024,server-gyms,TRUE
07.01.2025,server-gyms,TRUE
09.01.2025,server-gyms,TRUE
14.01.2025,server-gyms,TRUE
21.01.2025,server-gyms,TRUE
23.01.2025,server-gyms,TRUE
06.02.2025,server-gyms,TRUE
06.02.2025,server-gyms,TRUE
05.03.2025,server-gyms,TRUE
11.03.2025,server-gyms,TRUE
26.03.2025,server-gyms,TRUE
28.03.2025,server-gyms,TRUE
09.04.2025,server-gyms,TRUE
24.04.2025,server-gyms,TRUE
25.04.2025,server-gyms,TRUE
07.05.2025,server-gyms,TRUE
17.06.2025,server-gyms,TRUE
24.06.2025,server-gyms,TRUE
25.06.2025,server-gyms,TRUE
08.07.2025,server-gyms,TRUE
23.07.2025,server-gyms,TRUE
11.09.2025,server-gyms,TRUE
11.09.2025,server-gyms,TRUE
19.09.2025,server-gyms,TRUE
29.09.2025,server-gyms,TRUE
16.10.2025,server-gyms,TRUE
23.10.2025,server-gyms,TRUE
24.10.2025,server-gyms,TRUE
24.10.2025,server-gyms,TRUE
12.11.2025,server-gyms,TRUE
12.11.2025,server-gyms,FALSE
12.11.2025,server-gyms,TRUE
12.11.2025,server-gyms,FALSE
13.11.2025,server-gyms,TRUE
26.11.2025,server-gyms,TRUE
27.11.2025,server-gyms,TRUE
27.11.2025,server-gyms,TRUE
27.11.2025,server-gyms,TRUE
03.12.2025,server-gyms,TRUE
08.12.2025,server-gyms,TRUE
23.12.2025,server-gyms,TRUE
02.02.2026,server-gyms,TRUE
04.02.2026,server-gyms,TRUE
11.02.2026,server-gyms,TRUE
17.02.2026,server-gyms,TRUE
24.02.2026,server-gyms,TRUE
24.02.2026,server-gyms,TRUE
02.03.2026,server-gyms,TRUE
03.03.2026,server-gyms,TRUE
04.03.2026,server-gyms,TRUE
10.03.2026,server-gyms,TRUE
19.03.2026,server-gyms,TRUE
19.03.2026,server-gyms,TRUE
06.04.2026,server-gyms,TRUE
06.04.2026,server-gyms,TRUE
21.04.2026,server-gyms,TRUE
28.04.2026,server-gyms,TRUE
07.05.2026,server-gyms,TRUE
11.05.2026,server-gyms,TRUE
19.05.2026,server-gyms,TRUE
19.05.2026,server-gyms,TRUE
19.05.2026,server-gyms,TRUE
19.05.2026,server-gyms,TRUE
20.05.2026,server-gyms,TRUE
04.06.2026,server-gyms,TRUE
04.06.2026,server-gyms,TRUE
22.06.2026,server-gyms,TRUE
14.07.2026,server-gyms,TRUE
20.07.2026,server-gyms,TRUE
27.07.2026,server-gyms,TRUE
05.08.2026,server-gyms,TRUE
05.08.2026,server-gyms,TRUE
06.08.2026,server-gyms,TRUE
14.08.2026,server-gyms,TRUE
22.01.2024,server-monolith-proxy,TRUE
15.07.2024,server-monolith-proxy,TRUE
11.09.2024,server-monolith-proxy,TRUE
28.11.2024,server-monolith-proxy,TRUE
06.06.2025,server-monolith-proxy,TRUE
11.09.2025,server-monolith-proxy,TRUE
10.02.2026,server-monolith-proxy,TRUE
09.03.2026,server-monolith-proxy,TRUE
25.03.2026,server-monolith-proxy,TRUE
12.05.2026,server-monolith-proxy,TRUE
19.01.2024,server-monolith-webapp,TRUE
11.03.2024,server-monolith-webapp,TRUE
17.04.2024,server-monolith-webapp,TRUE
29.04.2024,server-monolith-webapp,TRUE
06.06.2024,server-monolith-webapp,TRUE
23.07.2024,server-monolith-webapp,TRUE
25.07.2024,server-monolith-webapp,TRUE
29.07.2024,server-monolith-webapp,TRUE
02.09.2024,server-monolith-webapp,TRUE
16.09.2024,server-monolith-webapp,TRUE
16.09.2024,server-monolith-webapp,TRUE
20.12.2024,server-monolith-webapp,TRUE
19.02.2025,server-monolith-webapp,TRUE
12.05.2025,server-monolith-webapp,TRUE
21.05.2025,server-monolith-webapp,TRUE
12.06.2025,server-monolith-webapp,TRUE
10.07.2025,server-monolith-webapp,TRUE
04.08.2025,server-monolith-webapp,TRUE
13.08.2025,server-monolith-webapp,TRUE
03.09.2025,server-monolith-webapp,TRUE
11.09.2025,server-monolith-webapp,TRUE
08.12.2025,server-monolith-webapp,TRUE
22.12.2025,server-monolith-webapp,TRUE
09.01.2026,server-monolith-webapp,TRUE
28.01.2026,server-monolith-webapp,TRUE
28.01.2026,server-monolith-webapp,TRUE
05.02.2026,server-monolith-webapp,TRUE
10.02.2026,server-monolith-webapp,TRUE
11.02.2026,server-monolith-webapp,TRUE
16.02.2026,server-monolith-webapp,TRUE
24.02.2026,server-monolith-webapp,TRUE
27.02.2026,server-monolith-webapp,TRUE
27.02.2026,server-monolith-webapp,TRUE
02.03.2026,server-monolith-webapp,TRUE
04.03.2026,server-monolith-webapp,TRUE
09.03.2026,server-monolith-webapp,TRUE
11.03.2026,server-monolith-webapp,TRUE
13.03.2026,server-monolith-webapp,TRUE
18.03.2026,server-monolith-webapp,TRUE
19.03.2026,server-monolith-webapp,TRUE
19.03.2026,server-monolith-webapp,TRUE
06.05.2026,server-monolith-webapp,TRUE
12.05.2026,server-monolith-webapp,TRUE
10.06.2026,server-monolith-webapp,TRUE
24.06.2026,server-monolith-webapp,TRUE
25.06.2026,server-monolith-webapp,TRUE
10.07.2026,server-monolith-webapp,TRUE
15.07.2026,server-monolith-webapp,TRUE
21.07.2026,server-monolith-webapp,TRUE
28.07.2026,server-monolith-webapp,TRUE
03.08.2026,server-monolith-webapp,TRUE
04.01.2024,server-monolith,TRUE
04.01.2024,server-monolith,TRUE
04.01.2024,server-monolith,TRUE
08.01.2024,server-monolith,TRUE
08.01.2024,server-monolith,TRUE
08.01.2024,server-monolith,TRUE
19.01.2024,server-monolith,TRUE
19.01.2024,server-monolith,TRUE
19.01.2024,server-monolith,TRUE
19.01.2024,server-monolith,TRUE
19.01.2024,server-monolith,TRUE
19.01.2024,server-monolith,TRUE
29.01.2024,server-monolith,TRUE
29.01.2024,server-monolith,TRUE
29.01.2024,server-monolith,TRUE
01.02.2024,server-monolith,TRUE
01.02.2024,server-monolith,FALSE
01.02.2024,server-monolith,TRUE
01.02.2024,server-monolith,TRUE
02.02.2024,server-monolith,TRUE
02.02.2024,server-monolith,TRUE
02.02.2024,server-monolith,TRUE
02.02.2024,server-monolith,TRUE
02.02.2024,server-monolith,TRUE
02.02.2024,server-monolith,TRUE
15.02.2024,server-monolith,TRUE
15.02.2024,server-monolith,TRUE
15.02.2024,server-monolith,TRUE
16.02.2024,server-monolith,TRUE
16.02.2024,server-monolith,TRUE
16.02.2024,server-monolith,TRUE
22.02.2024,server-monolith,TRUE
22.02.2024,server-monolith,TRUE
22.02.2024,server-monolith,TRUE
22.02.2024,server-monolith,TRUE
22.02.2024,server-monolith,TRUE
22.02.2024,server-monolith,TRUE
26.02.2024,server-monolith,TRUE
26.02.2024,server-monolith,TRUE
26.02.2024,server-monolith,TRUE
27.02.2024,server-monolith,TRUE
27.02.2024,server-monolith,TRUE
27.02.2024,server-monolith,TRUE
04.03.2024,server-monolith,TRUE
04.03.2024,server-monolith,TRUE
04.03.2024,server-monolith,TRUE
04.03.2024,server-monolith,TRUE
04.03.2024,server-monolith,TRUE
04.03.2024,server-monolith,TRUE
05.03.2024,server-monolith,TRUE
05.03.2024,server-monolith,TRUE
05.03.2024,server-monolith,TRUE
05.03.2024,server-monolith,TRUE
05.03.2024,server-monolith,TRUE
05.03.2024,server-monolith,TRUE
06.03.2024,server-monolith,TRUE
06.03.2024,server-monolith,TRUE
06.03.2024,server-monolith,TRUE
06.03.2024,server-monolith,FALSE
06.03.2024,server-monolith,TRUE
06.03.2024,server-monolith,TRUE
12.03.2024,server-monolith,TRUE
12.03.2024,server-monolith,TRUE
12.03.2024,server-monolith,TRUE
13.03.2024,server-monolith,TRUE
13.03.2024,server-monolith,TRUE
13.03.2024,server-monolith,TRUE
13.03.2024,server-monolith,TRUE
13.03.2024,server-monolith,TRUE
13.03.2024,server-monolith,TRUE
08.04.2024,server-monolith,TRUE
08.04.2024,server-monolith,TRUE
08.04.2024,server-monolith,TRUE
17.04.2024,server-monolith,TRUE
17.04.2024,server-monolith,TRUE
17.04.2024,server-monolith,TRUE
22.04.2024,server-monolith,TRUE
22.04.2024,server-monolith,TRUE
22.04.2024,server-monolith,TRUE
29.04.2024,server-monolith,TRUE
29.04.2024,server-monolith,TRUE
29.04.2024,server-monolith,TRUE
30.04.2024,server-monolith,TRUE
30.04.2024,server-monolith,TRUE
30.04.2024,server-monolith,TRUE
06.05.2024,server-monolith,TRUE
06.05.2024,server-monolith,TRUE
06.05.2024,server-monolith,TRUE
08.05.2024,server-monolith,TRUE
08.05.2024,server-monolith,TRUE
08.05.2024,server-monolith,TRUE
22.05.2024,server-monolith,TRUE
22.05.2024,server-monolith,TRUE
22.05.2024,server-monolith,TRUE
22.05.2024,server-monolith,TRUE
22.05.2024,server-monolith,TRUE
22.05.2024,server-monolith,TRUE
23.05.2024,server-monolith,TRUE
23.05.2024,server-monolith,TRUE
23.05.2024,server-monolith,TRUE
29.05.2024,server-monolith,TRUE
29.05.2024,server-monolith,TRUE
29.05.2024,server-monolith,TRUE
03.06.2024,server-monolith,TRUE
03.06.2024,server-monolith,TRUE
03.06.2024,server-monolith,TRUE
04.06.2024,server-monolith,TRUE
04.06.2024,server-monolith,TRUE
04.06.2024,server-monolith,TRUE
06.06.2024,server-monolith,TRUE
06.06.2024,server-monolith,TRUE
06.06.2024,server-monolith,TRUE
10.06.2024,server-monolith,TRUE
10.06.2024,server-monolith,TRUE
10.06.2024,server-monolith,TRUE
19.06.2024,server-monolith,TRUE
19.06.2024,server-monolith,TRUE
19.06.2024,server-monolith,TRUE
27.06.2024,server-monolith,TRUE
27.06.2024,server-monolith,TRUE
27.06.2024,server-monolith,TRUE
01.07.2024,server-monolith,TRUE
01.07.2024,server-monolith,TRUE
01.07.2024,server-monolith,TRUE
01.07.2024,server-monolith,TRUE
01.07.2024,server-monolith,TRUE
01.07.2024,server-monolith,TRUE
08.07.2024,server-monolith,TRUE
08.07.2024,server-monolith,TRUE
08.07.2024,server-monolith,TRUE
09.07.2024,server-monolith,TRUE
09.07.2024,server-monolith,TRUE
09.07.2024,server-monolith,TRUE
11.07.2024,server-monolith,TRUE
11.07.2024,server-monolith,TRUE
11.07.2024,server-monolith,TRUE
15.07.2024,server-monolith,TRUE
15.07.2024,server-monolith,TRUE
15.07.2024,server-monolith,TRUE
17.07.2024,server-monolith,TRUE
17.07.2024,server-monolith,TRUE
17.07.2024,server-monolith,TRUE
17.07.2024,server-monolith,TRUE
17.07.2024,server-monolith,TRUE
17.07.2024,server-monolith,TRUE
17.07.2024,server-monolith,TRUE
17.07.2024,server-monolith,TRUE
22.07.2024,server-monolith,TRUE
22.07.2024,server-monolith,TRUE
22.07.2024,server-monolith,TRUE
29.07.2024,server-monolith,TRUE
29.07.2024,server-monolith,TRUE
29.07.2024,server-monolith,TRUE
29.07.2024,server-monolith,TRUE
29.07.2024,server-monolith,TRUE
29.07.2024,server-monolith,TRUE
31.07.2024,server-monolith,TRUE
31.07.2024,server-monolith,TRUE
31.07.2024,server-monolith,TRUE
05.08.2024,server-monolith,TRUE
05.08.2024,server-monolith,TRUE
07.08.2024,server-monolith,TRUE
08.08.2024,server-monolith,TRUE
08.08.2024,server-monolith,TRUE
08.08.2024,server-monolith,TRUE
08.08.2024,server-monolith,TRUE
08.08.2024,server-monolith,TRUE
08.08.2024,server-monolith,TRUE
09.08.2024,server-monolith,TRUE
09.08.2024,server-monolith,TRUE
09.08.2024,server-monolith,TRUE
09.08.2024,server-monolith,TRUE
09.08.2024,server-monolith,TRUE
09.08.2024,server-monolith,TRUE
14.08.2024,server-monolith,TRUE
14.08.2024,server-monolith,TRUE
14.08.2024,server-monolith,TRUE
15.08.2024,server-monolith,TRUE
15.08.2024,server-monolith,TRUE
15.08.2024,server-monolith,TRUE
21.08.2024,server-monolith,TRUE
21.08.2024,server-monolith,TRUE
21.08.2024,server-monolith,TRUE
28.08.2024,server-monolith,TRUE
28.08.2024,server-monolith,TRUE
28.08.2024,server-monolith,TRUE
28.08.2024,server-monolith,TRUE
28.08.2024,server-monolith,TRUE
28.08.2024,server-monolith,TRUE
29.08.2024,server-monolith,TRUE
29.08.2024,server-monolith,TRUE
29.08.2024,server-monolith,TRUE
03.09.2024,server-monolith,TRUE
03.09.2024,server-monolith,TRUE
03.09.2024,server-monolith,TRUE
04.09.2024,server-monolith,TRUE
04.09.2024,server-monolith,TRUE
04.09.2024,server-monolith,TRUE
05.09.2024,server-monolith,TRUE
05.09.2024,server-monolith,TRUE
05.09.2024,server-monolith,TRUE
09.09.2024,server-monolith,TRUE
09.09.2024,server-monolith,TRUE
09.09.2024,server-monolith,TRUE
11.09.2024,server-monolith,TRUE
11.09.2024,server-monolith,TRUE
11.09.2024,server-monolith,TRUE
11.09.2024,server-monolith,TRUE
11.09.2024,server-monolith,TRUE
11.09.2024,server-monolith,TRUE
13.09.2024,server-monolith,TRUE
13.09.2024,server-monolith,TRUE
13.09.2024,server-monolith,TRUE
16.09.2024,server-monolith,TRUE
16.09.2024,server-monolith,TRUE
16.09.2024,server-monolith,TRUE
16.09.2024,server-monolith,TRUE
16.09.2024,server-monolith,TRUE
16.09.2024,server-monolith,TRUE
17.09.2024,server-monolith,TRUE
17.09.2024,server-monolith,TRUE
17.09.2024,server-monolith,TRUE
24.09.2024,server-monolith,TRUE
24.09.2024,server-monolith,TRUE
24.09.2024,server-monolith,TRUE
30.09.2024,server-monolith,TRUE
30.09.2024,server-monolith,TRUE
30.09.2024,server-monolith,TRUE
08.10.2024,server-monolith,TRUE
08.10.2024,server-monolith,TRUE
08.10.2024,server-monolith,TRUE
09.10.2024,server-monolith,TRUE
09.10.2024,server-monolith,TRUE
09.10.2024,server-monolith,FALSE
09.10.2024,server-monolith,TRUE
09.10.2024,server-monolith,TRUE
09.10.2024,server-monolith,TRUE
09.10.2024,server-monolith,TRUE
14.10.2024,server-monolith,TRUE
14.10.2024,server-monolith,TRUE
14.10.2024,server-monolith,TRUE
16.10.2024,server-monolith,TRUE
16.10.2024,server-monolith,TRUE
16.10.2024,server-monolith,TRUE
05.11.2024,server-monolith,TRUE
05.11.2024,server-monolith,TRUE
05.11.2024,server-monolith,TRUE
07.11.2024,server-monolith,TRUE
07.11.2024,server-monolith,TRUE
07.11.2024,server-monolith,TRUE
08.11.2024,server-monolith,TRUE
08.11.2024,server-monolith,TRUE
08.11.2024,server-monolith,TRUE
11.11.2024,server-monolith,TRUE
11.11.2024,server-monolith,TRUE
11.11.2024,server-monolith,TRUE
12.11.2024,server-monolith,TRUE
12.11.2024,server-monolith,TRUE
12.11.2024,server-monolith,TRUE
12.11.2024,server-monolith,TRUE
12.11.2024,server-monolith,TRUE
12.11.2024,server-monolith,TRUE
13.11.2024,server-monolith,TRUE
13.11.2024,server-monolith,TRUE
13.11.2024,server-monolith,TRUE
18.11.2024,server-monolith,TRUE
18.11.2024,server-monolith,TRUE
18.11.2024,server-monolith,TRUE
19.11.2024,server-monolith,TRUE
19.11.2024,server-monolith,TRUE
19.11.2024,server-monolith,TRUE
20.11.2024,server-monolith,TRUE
20.11.2024,server-monolith,TRUE
20.11.2024,server-monolith,TRUE
21.11.2024,server-monolith,TRUE
21.11.2024,server-monolith,TRUE
21.11.2024,server-monolith,TRUE
28.11.2024,server-monolith,TRUE
28.11.2024,server-monolith,TRUE
28.11.2024,server-monolith,TRUE
28.11.2024,server-monolith,FALSE
28.11.2024,server-monolith,TRUE
28.11.2024,server-monolith,TRUE
11.12.2024,server-monolith,TRUE
11.12.2024,server-monolith,TRUE
11.12.2024,server-monolith,TRUE
11.12.2024,server-monolith,TRUE
11.12.2024,server-monolith,TRUE
11.12.2024,server-monolith,TRUE
11.12.2024,server-monolith,TRUE
12.12.2024,server-monolith,TRUE
12.12.2024,server-monolith,TRUE
12.12.2024,server-monolith,TRUE
12.12.2024,server-monolith,TRUE
12.12.2024,server-monolith,TRUE
16.12.2024,server-monolith,TRUE
16.12.2024,server-monolith,TRUE
16.12.2024,server-monolith,TRUE
16.12.2024,server-monolith,TRUE
16.12.2024,server-monolith,TRUE
16.12.2024,server-monolith,TRUE
17.12.2024,server-monolith,TRUE
17.12.2024,server-monolith,TRUE
17.12.2024,server-monolith,TRUE
17.12.2024,server-monolith,TRUE
17.12.2024,server-monolith,TRUE
17.12.2024,server-monolith,TRUE
17.12.2024,server-monolith,TRUE
17.12.2024,server-monolith,TRUE
17.12.2024,server-monolith,TRUE
17.12.2024,server-monolith,TRUE
18.12.2024,server-monolith,TRUE
19.12.2024,server-monolith,TRUE
19.12.2024,server-monolith,TRUE
19.12.2024,server-monolith,TRUE
19.12.2024,server-monolith,TRUE
19.12.2024,server-monolith,TRUE
19.12.2024,server-monolith,TRUE
20.12.2024,server-monolith,TRUE
20.12.2024,server-monolith,TRUE
20.12.2024,server-monolith,TRUE
20.12.2024,server-monolith,FALSE
20.12.2024,server-monolith,TRUE
20.12.2024,server-monolith,TRUE
20.12.2024,server-monolith,TRUE
08.01.2025,server-monolith,TRUE
08.01.2025,server-monolith,TRUE
08.01.2025,server-monolith,TRUE
14.01.2025,server-monolith,TRUE
14.01.2025,server-monolith,TRUE
14.01.2025,server-monolith,TRUE
14.01.2025,server-monolith,TRUE
14.01.2025,server-monolith,TRUE
14.01.2025,server-monolith,TRUE
15.01.2025,server-monolith,TRUE
15.01.2025,server-monolith,TRUE
15.01.2025,server-monolith,TRUE
16.01.2025,server-monolith,TRUE
16.01.2025,server-monolith,TRUE
16.01.2025,server-monolith,TRUE
20.01.2025,server-monolith,TRUE
20.01.2025,server-monolith,TRUE
20.01.2025,server-monolith,TRUE
20.01.2025,server-monolith,TRUE
20.01.2025,server-monolith,TRUE
20.01.2025,server-monolith,TRUE
20.01.2025,server-monolith,TRUE
20.01.2025,server-monolith,TRUE
20.01.2025,server-monolith,TRUE
21.01.2025,server-monolith,FALSE
21.01.2025,server-monolith,TRUE
21.01.2025,server-monolith,TRUE
22.01.2025,server-monolith,TRUE
22.01.2025,server-monolith,TRUE
22.01.2025,server-monolith,TRUE
29.01.2025,server-monolith,TRUE
29.01.2025,server-monolith,TRUE
29.01.2025,server-monolith,TRUE
03.02.2025,server-monolith,TRUE
03.02.2025,server-monolith,TRUE
03.02.2025,server-monolith,TRUE
06.02.2025,server-monolith,TRUE
06.02.2025,server-monolith,TRUE
06.02.2025,server-monolith,TRUE
07.02.2025,server-monolith,TRUE
07.02.2025,server-monolith,TRUE
07.02.2025,server-monolith,TRUE
10.02.2025,server-monolith,TRUE
10.02.2025,server-monolith,TRUE
10.02.2025,server-monolith,TRUE
12.02.2025,server-monolith,TRUE
12.02.2025,server-monolith,TRUE
12.02.2025,server-monolith,TRUE
17.02.2025,server-monolith,TRUE
17.02.2025,server-monolith,TRUE
17.02.2025,server-monolith,TRUE
18.02.2025,server-monolith,TRUE
18.02.2025,server-monolith,TRUE
18.02.2025,server-monolith,TRUE
19.02.2025,server-monolith,TRUE
19.02.2025,server-monolith,TRUE
19.02.2025,server-monolith,TRUE
24.02.2025,server-monolith,TRUE
24.02.2025,server-monolith,TRUE
24.02.2025,server-monolith,TRUE
25.02.2025,server-monolith,TRUE
25.02.2025,server-monolith,TRUE
25.02.2025,server-monolith,TRUE
26.02.2025,server-monolith,TRUE
26.02.2025,server-monolith,TRUE
26.02.2025,server-monolith,TRUE
26.02.2025,server-monolith,TRUE
26.02.2025,server-monolith,TRUE
26.02.2025,server-monolith,FALSE
26.02.2025,server-monolith,TRUE
26.02.2025,server-monolith,FALSE
26.02.2025,server-monolith,TRUE
26.02.2025,server-monolith,FALSE
27.02.2025,server-monolith,TRUE
27.02.2025,server-monolith,TRUE
27.02.2025,server-monolith,TRUE
27.02.2025,server-monolith,FALSE
27.02.2025,server-monolith,TRUE
27.02.2025,server-monolith,TRUE
27.02.2025,server-monolith,TRUE
27.02.2025,server-monolith,FALSE
28.02.2025,server-monolith,TRUE
28.02.2025,server-monolith,TRUE
28.02.2025,server-monolith,TRUE
28.02.2025,server-monolith,TRUE
28.02.2025,server-monolith,TRUE
28.02.2025,server-monolith,TRUE
28.02.2025,server-monolith,FALSE
28.02.2025,server-monolith,TRUE
28.02.2025,server-monolith,TRUE
03.03.2025,server-monolith,TRUE
03.03.2025,server-monolith,TRUE
03.03.2025,server-monolith,TRUE
03.03.2025,server-monolith,FALSE
03.03.2025,server-monolith,TRUE
03.03.2025,server-monolith,TRUE
03.03.2025,server-monolith,FALSE
04.03.2025,server-monolith,TRUE
04.03.2025,server-monolith,TRUE
04.03.2025,server-monolith,TRUE
04.03.2025,server-monolith,FALSE
04.03.2025,server-monolith,TRUE
04.03.2025,server-monolith,TRUE
04.03.2025,server-monolith,TRUE
04.03.2025,server-monolith,FALSE
04.03.2025,server-monolith,TRUE
04.03.2025,server-monolith,FALSE
04.03.2025,server-monolith,TRUE
04.03.2025,server-monolith,TRUE
04.03.2025,server-monolith,TRUE
04.03.2025,server-monolith,TRUE
04.03.2025,server-monolith,TRUE
04.03.2025,server-monolith,TRUE
04.03.2025,server-monolith,TRUE
04.03.2025,server-monolith,FALSE
06.03.2025,server-monolith,TRUE
06.03.2025,server-monolith,TRUE
06.03.2025,server-monolith,TRUE
07.03.2025,server-monolith,TRUE
07.03.2025,server-monolith,TRUE
07.03.2025,server-monolith,TRUE
17.03.2025,server-monolith,TRUE
17.03.2025,server-monolith,TRUE
17.03.2025,server-monolith,TRUE
19.03.2025,server-monolith,TRUE
19.03.2025,server-monolith,TRUE
19.03.2025,server-monolith,TRUE
31.03.2025,server-monolith,TRUE
31.03.2025,server-monolith,TRUE
31.03.2025,server-monolith,TRUE
04.04.2025,server-monolith,TRUE
04.04.2025,server-monolith,TRUE
04.04.2025,server-monolith,TRUE
09.04.2025,server-monolith,TRUE
09.04.2025,server-monolith,TRUE
09.04.2025,server-monolith,TRUE
09.04.2025,server-monolith,TRUE
09.04.2025,server-monolith,TRUE
09.04.2025,server-monolith,TRUE
14.04.2025,server-monolith,TRUE
14.04.2025,server-monolith,TRUE
14.04.2025,server-monolith,TRUE
14.04.2025,server-monolith,TRUE
14.04.2025,server-monolith,TRUE
14.04.2025,server-monolith,FALSE
14.04.2025,server-monolith,TRUE
14.04.2025,server-monolith,TRUE
14.04.2025,server-monolith,FALSE
14.04.2025,server-monolith,TRUE
14.04.2025,server-monolith,TRUE
14.04.2025,server-monolith,TRUE
14.04.2025,server-monolith,TRUE
14.04.2025,server-monolith,TRUE
14.04.2025,server-monolith,TRUE
14.04.2025,server-monolith,FALSE
14.04.2025,server-monolith,TRUE
14.04.2025,server-monolith,TRUE
15.04.2025,server-monolith,TRUE
15.04.2025,server-monolith,TRUE
15.04.2025,server-monolith,TRUE
15.04.2025,server-monolith,FALSE
15.04.2025,server-monolith,TRUE
15.04.2025,server-monolith,TRUE
16.04.2025,server-monolith,TRUE
16.04.2025,server-monolith,TRUE
16.04.2025,server-monolith,TRUE
22.04.2025,server-monolith,TRUE
22.04.2025,server-monolith,TRUE
22.04.2025,server-monolith,TRUE
23.04.2025,server-monolith,TRUE
23.04.2025,server-monolith,TRUE
23.04.2025,server-monolith,TRUE
28.04.2025,server-monolith,TRUE
28.04.2025,server-monolith,TRUE
28.04.2025,server-monolith,TRUE
05.05.2025,server-monolith,TRUE
05.05.2025,server-monolith,TRUE
05.05.2025,server-monolith,TRUE
07.05.2025,server-monolith,TRUE
07.05.2025,server-monolith,TRUE
07.05.2025,server-monolith,TRUE
12.05.2025,server-monolith,TRUE
12.05.2025,server-monolith,TRUE
12.05.2025,server-monolith,TRUE
23.05.2025,server-monolith,TRUE
23.05.2025,server-monolith,TRUE
23.05.2025,server-monolith,TRUE
27.05.2025,server-monolith,TRUE
27.05.2025,server-monolith,TRUE
27.05.2025,server-monolith,TRUE
28.05.2025,server-monolith,TRUE
28.05.2025,server-monolith,TRUE
28.05.2025,server-monolith,TRUE
04.06.2025,server-monolith,TRUE
04.06.2025,server-monolith,TRUE
04.06.2025,server-monolith,TRUE
11.06.2025,server-monolith,TRUE
11.06.2025,server-monolith,TRUE
11.06.2025,server-monolith,TRUE
11.06.2025,server-monolith,TRUE
11.06.2025,server-monolith,TRUE
11.06.2025,server-monolith,TRUE
12.06.2025,server-monolith,TRUE
12.06.2025,server-monolith,TRUE
12.06.2025,server-monolith,TRUE
17.06.2025,server-monolith,TRUE
17.06.2025,server-monolith,TRUE
17.06.2025,server-monolith,TRUE
18.06.2025,server-monolith,TRUE
18.06.2025,server-monolith,TRUE
18.06.2025,server-monolith,TRUE
26.06.2025,server-monolith,TRUE
26.06.2025,server-monolith,TRUE
26.06.2025,server-monolith,TRUE
26.06.2025,server-monolith,TRUE
26.06.2025,server-monolith,TRUE
26.06.2025,server-monolith,TRUE
26.06.2025,server-monolith,TRUE
26.06.2025,server-monolith,TRUE
26.06.2025,server-monolith,TRUE
26.06.2025,server-monolith,TRUE
26.06.2025,server-monolith,TRUE
26.06.2025,server-monolith,TRUE
30.06.2025,server-monolith,TRUE
30.06.2025,server-monolith,TRUE
30.06.2025,server-monolith,TRUE
11.07.2025,server-monolith,TRUE
11.07.2025,server-monolith,TRUE
11.07.2025,server-monolith,TRUE
11.07.2025,server-monolith,TRUE
11.07.2025,server-monolith,TRUE
11.07.2025,server-monolith,TRUE
11.07.2025,server-monolith,TRUE
11.07.2025,server-monolith,TRUE
11.07.2025,server-monolith,TRUE
16.07.2025,server-monolith,TRUE
16.07.2025,server-monolith,TRUE
16.07.2025,server-monolith,FALSE
16.07.2025,server-monolith,TRUE
16.07.2025,server-monolith,TRUE
16.07.2025,server-monolith,TRUE
16.07.2025,server-monolith,TRUE
16.07.2025,server-monolith,TRUE
16.07.2025,server-monolith,TRUE
16.07.2025,server-monolith,TRUE
16.07.2025,server-monolith,TRUE
17.07.2025,server-monolith,TRUE
17.07.2025,server-monolith,TRUE
17.07.2025,server-monolith,TRUE
30.07.2025,server-monolith,TRUE
30.07.2025,server-monolith,TRUE
30.07.2025,server-monolith,TRUE
30.07.2025,server-monolith,TRUE
30.07.2025,server-monolith,TRUE
30.07.2025,server-monolith,TRUE
31.07.2025,server-monolith,TRUE
31.07.2025,server-monolith,TRUE
31.07.2025,server-monolith,TRUE
31.07.2025,server-monolith,TRUE
31.07.2025,server-monolith,TRUE
31.07.2025,server-monolith,TRUE
04.08.2025,server-monolith,TRUE
04.08.2025,server-monolith,TRUE
04.08.2025,server-monolith,TRUE
05.08.2025,server-monolith,TRUE
05.08.2025,server-monolith,TRUE
05.08.2025,server-monolith,TRUE
07.08.2025,server-monolith,TRUE
07.08.2025,server-monolith,TRUE
07.08.2025,server-monolith,TRUE
07.08.2025,server-monolith,TRUE
07.08.2025,server-monolith,TRUE
07.08.2025,server-monolith,TRUE
07.08.2025,server-monolith,TRUE
07.08.2025,server-monolith,TRUE
07.08.2025,server-monolith,TRUE
08.08.2025,server-monolith,TRUE
08.08.2025,server-monolith,TRUE
08.08.2025,server-monolith,TRUE
08.08.2025,server-monolith,TRUE
08.08.2025,server-monolith,TRUE
08.08.2025,server-monolith,TRUE
11.08.2025,server-monolith,TRUE
11.08.2025,server-monolith,TRUE
11.08.2025,server-monolith,TRUE
11.08.2025,server-monolith,TRUE
11.08.2025,server-monolith,TRUE
11.08.2025,server-monolith,TRUE
11.08.2025,server-monolith,TRUE
11.08.2025,server-monolith,TRUE
11.08.2025,server-monolith,TRUE
13.08.2025,server-monolith,TRUE
13.08.2025,server-monolith,TRUE
13.08.2025,server-monolith,TRUE
19.08.2025,server-monolith,TRUE
19.08.2025,server-monolith,TRUE
19.08.2025,server-monolith,TRUE
21.08.2025,server-monolith,TRUE
21.08.2025,server-monolith,TRUE
21.08.2025,server-monolith,TRUE
25.08.2025,server-monolith,TRUE
25.08.2025,server-monolith,TRUE
25.08.2025,server-monolith,TRUE
25.08.2025,server-monolith,TRUE
25.08.2025,server-monolith,TRUE
25.08.2025,server-monolith,TRUE
25.08.2025,server-monolith,TRUE
25.08.2025,server-monolith,TRUE
25.08.2025,server-monolith,TRUE
25.08.2025,server-monolith,TRUE
25.08.2025,server-monolith,TRUE
25.08.2025,server-monolith,TRUE
26.08.2025,server-monolith,TRUE
26.08.2025,server-monolith,TRUE
26.08.2025,server-monolith,TRUE
27.08.2025,server-monolith,TRUE
27.08.2025,server-monolith,TRUE
27.08.2025,server-monolith,TRUE
02.09.2025,server-monolith,TRUE
02.09.2025,server-monolith,TRUE
02.09.2025,server-monolith,TRUE
02.09.2025,server-monolith,TRUE
02.09.2025,server-monolith,TRUE
02.09.2025,server-monolith,TRUE
02.09.2025,server-monolith,TRUE
02.09.2025,server-monolith,TRUE
02.09.2025,server-monolith,TRUE
03.09.2025,server-monolith,TRUE
03.09.2025,server-monolith,TRUE
03.09.2025,server-monolith,TRUE
04.09.2025,server-monolith,TRUE
04.09.2025,server-monolith,TRUE
04.09.2025,server-monolith,TRUE
04.09.2025,server-monolith,TRUE
04.09.2025,server-monolith,TRUE
04.09.2025,server-monolith,TRUE
08.09.2025,server-monolith,TRUE
08.09.2025,server-monolith,TRUE
08.09.2025,server-monolith,TRUE
08.09.2025,server-monolith,TRUE
08.09.2025,server-monolith,TRUE
08.09.2025,server-monolith,TRUE
09.09.2025,server-monolith,TRUE
09.09.2025,server-monolith,TRUE
09.09.2025,server-monolith,TRUE
10.09.2025,server-monolith,TRUE
10.09.2025,server-monolith,TRUE
10.09.2025,server-monolith,TRUE
10.09.2025,server-monolith,TRUE
10.09.2025,server-monolith,TRUE
10.09.2025,server-monolith,TRUE
11.09.2025,server-monolith,TRUE
11.09.2025,server-monolith,TRUE
11.09.2025,server-monolith,TRUE
12.09.2025,server-monolith,TRUE
12.09.2025,server-monolith,TRUE
12.09.2025,server-monolith,TRUE
12.09.2025,server-monolith,TRUE
12.09.2025,server-monolith,TRUE
12.09.2025,server-monolith,TRUE
12.09.2025,server-monolith,TRUE
16.09.2025,server-monolith,TRUE
16.09.2025,server-monolith,TRUE
16.09.2025,server-monolith,TRUE
16.09.2025,server-monolith,TRUE
16.09.2025,server-monolith,TRUE
16.09.2025,server-monolith,TRUE
17.09.2025,server-monolith,TRUE
17.09.2025,server-monolith,TRUE
17.09.2025,server-monolith,TRUE
17.09.2025,server-monolith,TRUE
17.09.2025,server-monolith,TRUE
17.09.2025,server-monolith,TRUE
18.09.2025,server-monolith,TRUE
18.09.2025,server-monolith,TRUE
18.09.2025,server-monolith,TRUE
25.09.2025,server-monolith,TRUE
25.09.2025,server-monolith,TRUE
25.09.2025,server-monolith,TRUE
25.09.2025,server-monolith,TRUE
25.09.2025,server-monolith,TRUE
25.09.2025,server-monolith,TRUE
29.09.2025,server-monolith,TRUE
29.09.2025,server-monolith,TRUE
29.09.2025,server-monolith,FALSE
29.09.2025,server-monolith,TRUE
29.09.2025,server-monolith,TRUE
29.09.2025,server-monolith,TRUE
29.09.2025,server-monolith,TRUE
29.09.2025,server-monolith,TRUE
06.10.2025,server-monolith,TRUE
06.10.2025,server-monolith,TRUE
06.10.2025,server-monolith,TRUE
08.10.2025,server-monolith,TRUE
08.10.2025,server-monolith,TRUE
08.10.2025,server-monolith,TRUE
15.10.2025,server-monolith,TRUE
15.10.2025,server-monolith,TRUE
15.10.2025,server-monolith,TRUE
16.10.2025,server-monolith,TRUE
16.10.2025,server-monolith,TRUE
16.10.2025,server-monolith,TRUE
20.10.2025,server-monolith,TRUE
20.10.2025,server-monolith,TRUE
20.10.2025,server-monolith,TRUE
20.10.2025,server-monolith,TRUE
20.10.2025,server-monolith,TRUE
20.10.2025,server-monolith,TRUE
27.10.2025,server-monolith,TRUE
27.10.2025,server-monolith,TRUE
27.10.2025,server-monolith,TRUE
27.10.2025,server-monolith,TRUE
27.10.2025,server-monolith,TRUE
27.10.2025,server-monolith,TRUE
03.11.2025,server-monolith,TRUE
03.11.2025,server-monolith,TRUE
03.11.2025,server-monolith,TRUE
03.11.2025,server-monolith,TRUE
03.11.2025,server-monolith,TRUE
04.11.2025,server-monolith,TRUE
04.11.2025,server-monolith,TRUE
04.11.2025,server-monolith,TRUE
06.11.2025,server-monolith,TRUE
06.11.2025,server-monolith,TRUE
06.11.2025,server-monolith,TRUE
06.11.2025,server-monolith,TRUE
06.11.2025,server-monolith,TRUE
06.11.2025,server-monolith,TRUE
10.11.2025,server-monolith,TRUE
10.11.2025,server-monolith,TRUE
10.11.2025,server-monolith,TRUE
10.11.2025,server-monolith,TRUE
10.11.2025,server-monolith,TRUE
10.11.2025,server-monolith,TRUE
14.11.2025,server-monolith,TRUE
14.11.2025,server-monolith,TRUE
14.11.2025,server-monolith,TRUE
19.11.2025,server-monolith,TRUE
19.11.2025,server-monolith,TRUE
19.11.2025,server-monolith,TRUE
21.11.2025,server-monolith,TRUE
21.11.2025,server-monolith,TRUE
21.11.2025,server-monolith,TRUE
25.11.2025,server-monolith,TRUE
25.11.2025,server-monolith,TRUE
25.11.2025,server-monolith,TRUE
25.11.2025,server-monolith,FALSE
25.11.2025,server-monolith,TRUE
25.11.2025,server-monolith,TRUE
25.11.2025,server-monolith,TRUE
27.11.2025,server-monolith,TRUE
27.11.2025,server-monolith,TRUE
27.11.2025,server-monolith,TRUE
28.11.2025,server-monolith,TRUE
28.11.2025,server-monolith,TRUE
28.11.2025,server-monolith,TRUE
01.12.2025,server-monolith,TRUE
01.12.2025,server-monolith,TRUE
01.12.2025,server-monolith,TRUE
08.12.2025,server-monolith,TRUE
08.12.2025,server-monolith,TRUE
08.12.2025,server-monolith,TRUE
10.12.2025,server-monolith,TRUE
10.12.2025,server-monolith,TRUE
10.12.2025,server-monolith,TRUE
11.12.2025,server-monolith,TRUE
11.12.2025,server-monolith,TRUE
11.12.2025,server-monolith,TRUE
18.12.2025,server-monolith,TRUE
18.12.2025,server-monolith,TRUE
18.12.2025,server-monolith,TRUE
23.12.2025,server-monolith,TRUE
23.12.2025,server-monolith,TRUE
23.12.2025,server-monolith,TRUE
23.12.2025,server-monolith,TRUE
07.01.2026,server-monolith,TRUE
07.01.2026,server-monolith,TRUE
07.01.2026,server-monolith,TRUE
07.01.2026,server-monolith,TRUE
07.01.2026,server-monolith,TRUE
07.01.2026,server-monolith,TRUE
07.01.2026,server-monolith,TRUE
07.01.2026,server-monolith,TRUE
07.01.2026,server-monolith,TRUE
08.01.2026,server-monolith,TRUE
08.01.2026,server-monolith,TRUE
08.01.2026,server-monolith,TRUE
08.01.2026,server-monolith,TRUE
08.01.2026,server-monolith,TRUE
08.01.2026,server-monolith,TRUE
08.01.2026,server-monolith,TRUE
08.01.2026,server-monolith,TRUE
08.01.2026,server-monolith,TRUE
08.01.2026,server-monolith,TRUE
08.01.2026,server-monolith,TRUE
08.01.2026,server-monolith,TRUE
09.01.2026,server-monolith,TRUE
09.01.2026,server-monolith,TRUE
09.01.2026,server-monolith,TRUE
09.01.2026,server-monolith,TRUE
09.01.2026,server-monolith,TRUE
09.01.2026,server-monolith,TRUE
09.01.2026,server-monolith,TRUE
12.01.2026,server-monolith,TRUE
12.01.2026,server-monolith,TRUE
12.01.2026,server-monolith,TRUE
12.01.2026,server-monolith,TRUE
12.01.2026,server-monolith,TRUE
12.01.2026,server-monolith,TRUE
12.01.2026,server-monolith,TRUE
12.01.2026,server-monolith,TRUE
12.01.2026,server-monolith,TRUE
12.01.2026,server-monolith,TRUE
12.01.2026,server-monolith,TRUE
14.01.2026,server-monolith,TRUE
14.01.2026,server-monolith,TRUE
14.01.2026,server-monolith,TRUE
14.01.2026,server-monolith,TRUE
14.01.2026,server-monolith,TRUE
14.01.2026,server-monolith,TRUE
15.01.2026,server-monolith,TRUE
15.01.2026,server-monolith,TRUE
15.01.2026,server-monolith,TRUE
19.01.2026,server-monolith,TRUE
19.01.2026,server-monolith,TRUE
19.01.2026,server-monolith,TRUE
19.01.2026,server-monolith,TRUE
19.01.2026,server-monolith,TRUE
19.01.2026,server-monolith,TRUE
20.01.2026,server-monolith,TRUE
20.01.2026,server-monolith,TRUE
20.01.2026,server-monolith,FALSE
21.01.2026,server-monolith,TRUE
21.01.2026,server-monolith,TRUE
21.01.2026,server-monolith,TRUE
21.01.2026,server-monolith,TRUE
21.01.2026,server-monolith,TRUE
21.01.2026,server-monolith,TRUE
22.01.2026,server-monolith,TRUE
22.01.2026,server-monolith,TRUE
22.01.2026,server-monolith,TRUE
28.01.2026,server-monolith,TRUE
28.01.2026,server-monolith,TRUE
28.01.2026,server-monolith,TRUE
03.02.2026,server-monolith,TRUE
03.02.2026,server-monolith,TRUE
03.02.2026,server-monolith,TRUE
04.02.2026,server-monolith,TRUE
04.02.2026,server-monolith,TRUE
04.02.2026,server-monolith,TRUE
05.02.2026,server-monolith,TRUE
05.02.2026,server-monolith,TRUE
05.02.2026,server-monolith,TRUE
06.02.2026,server-monolith,TRUE
06.02.2026,server-monolith,TRUE
06.02.2026,server-monolith,TRUE
06.02.2026,server-monolith,TRUE
06.02.2026,server-monolith,TRUE
06.02.2026,server-monolith,TRUE
09.02.2026,server-monolith,TRUE
09.02.2026,server-monolith,TRUE
09.02.2026,server-monolith,TRUE
10.02.2026,server-monolith,TRUE
10.02.2026,server-monolith,TRUE
10.02.2026,server-monolith,TRUE
11.02.2026,server-monolith,TRUE
11.02.2026,server-monolith,TRUE
11.02.2026,server-monolith,TRUE
12.02.2026,server-monolith,TRUE
12.02.2026,server-monolith,TRUE
12.02.2026,server-monolith,TRUE
13.02.2026,server-monolith,TRUE
13.02.2026,server-monolith,TRUE
13.02.2026,server-monolith,TRUE
16.02.2026,server-monolith,TRUE
16.02.2026,server-monolith,TRUE
16.02.2026,server-monolith,TRUE
16.02.2026,server-monolith,TRUE
17.02.2026,server-monolith,TRUE
17.02.2026,server-monolith,TRUE
17.02.2026,server-monolith,TRUE
18.02.2026,server-monolith,TRUE
18.02.2026,server-monolith,TRUE
18.02.2026,server-monolith,TRUE
19.02.2026,server-monolith,TRUE
19.02.2026,server-monolith,TRUE
19.02.2026,server-monolith,TRUE
20.02.2026,server-monolith,TRUE
20.02.2026,server-monolith,TRUE
20.02.2026,server-monolith,TRUE
26.02.2026,server-monolith,TRUE
26.02.2026,server-monolith,TRUE
26.02.2026,server-monolith,TRUE
27.02.2026,server-monolith,TRUE
27.02.2026,server-monolith,TRUE
27.02.2026,server-monolith,TRUE
02.03.2026,server-monolith,TRUE
02.03.2026,server-monolith,TRUE
02.03.2026,server-monolith,TRUE
02.03.2026,server-monolith,TRUE
02.03.2026,server-monolith,TRUE
02.03.2026,server-monolith,TRUE
03.03.2026,server-monolith,TRUE
03.03.2026,server-monolith,TRUE
03.03.2026,server-monolith,TRUE
05.03.2026,server-monolith,TRUE
05.03.2026,server-monolith,TRUE
05.03.2026,server-monolith,TRUE
06.03.2026,server-monolith,TRUE
06.03.2026,server-monolith,TRUE
06.03.2026,server-monolith,TRUE
11.03.2026,server-monolith,TRUE
11.03.2026,server-monolith,TRUE
11.03.2026,server-monolith,TRUE
11.03.2026,server-monolith,TRUE
11.03.2026,server-monolith,TRUE
11.03.2026,server-monolith,TRUE
18.03.2026,server-monolith,TRUE
18.03.2026,server-monolith,TRUE
18.03.2026,server-monolith,TRUE
19.03.2026,server-monolith,TRUE
19.03.2026,server-monolith,TRUE
19.03.2026,server-monolith,TRUE
23.03.2026,server-monolith,TRUE
23.03.2026,server-monolith,TRUE
23.03.2026,server-monolith,TRUE
23.03.2026,server-monolith,TRUE
24.03.2026,server-monolith,TRUE
24.03.2026,server-monolith,TRUE
24.03.2026,server-monolith,TRUE
24.03.2026,server-monolith,FALSE
25.03.2026,server-monolith,TRUE
25.03.2026,server-monolith,TRUE
25.03.2026,server-monolith,TRUE
26.03.2026,server-monolith,TRUE
26.03.2026,server-monolith,TRUE
26.03.2026,server-monolith,TRUE
01.04.2026,server-monolith,TRUE
01.04.2026,server-monolith,TRUE
01.04.2026,server-monolith,TRUE
01.04.2026,server-monolith,FALSE
01.04.2026,server-monolith,TRUE
01.04.2026,server-monolith,TRUE
01.04.2026,server-monolith,TRUE
02.04.2026,server-monolith,TRUE
02.04.2026,server-monolith,TRUE
02.04.2026,server-monolith,TRUE
13.04.2026,server-monolith,TRUE
13.04.2026,server-monolith,TRUE
13.04.2026,server-monolith,TRUE
15.04.2026,server-monolith,TRUE
15.04.2026,server-monolith,TRUE
15.04.2026,server-monolith,TRUE
15.04.2026,server-monolith,TRUE
15.04.2026,server-monolith,TRUE
15.04.2026,server-monolith,TRUE
16.04.2026,server-monolith,TRUE
16.04.2026,server-monolith,TRUE
17.04.2026,server-monolith,TRUE
17.04.2026,server-monolith,TRUE
17.04.2026,server-monolith,TRUE
24.04.2026,server-monolith,TRUE
24.04.2026,server-monolith,TRUE
24.04.2026,server-monolith,TRUE
24.04.2026,server-monolith,FALSE
28.04.2026,server-monolith,TRUE
28.04.2026,server-monolith,TRUE
28.04.2026,server-monolith,TRUE
28.04.2026,server-monolith,TRUE
28.04.2026,server-monolith,TRUE
28.04.2026,server-monolith,TRUE
29.04.2026,server-monolith,TRUE
29.04.2026,server-monolith,TRUE
29.04.2026,server-monolith,TRUE
30.04.2026,server-monolith,TRUE
30.04.2026,server-monolith,TRUE
30.04.2026,server-monolith,TRUE
06.05.2026,server-monolith,TRUE
06.05.2026,server-monolith,TRUE
06.05.2026,server-monolith,TRUE
11.05.2026,server-monolith,TRUE
11.05.2026,server-monolith,TRUE
12.05.2026,server-monolith,TRUE
12.05.2026,server-monolith,TRUE
12.05.2026,server-monolith,TRUE
12.05.2026,server-monolith,TRUE
21.05.2026,server-monolith,TRUE
21.05.2026,server-monolith,TRUE
22.05.2026,server-monolith,TRUE
22.05.2026,server-monolith,TRUE
22.05.2026,server-monolith,TRUE
26.05.2026,server-monolith,TRUE
26.05.2026,server-monolith,TRUE
26.05.2026,server-monolith,TRUE
27.05.2026,server-monolith,TRUE
27.05.2026,server-monolith,TRUE
27.05.2026,server-monolith,TRUE
29.05.2026,server-monolith,TRUE
29.05.2026,server-monolith,TRUE
29.05.2026,server-monolith,TRUE
08.06.2026,server-monolith,TRUE
08.06.2026,server-monolith,TRUE
08.06.2026,server-monolith,TRUE
09.06.2026,server-monolith,TRUE
09.06.2026,server-monolith,TRUE
09.06.2026,server-monolith,TRUE
09.06.2026,server-monolith,TRUE
09.06.2026,server-monolith,TRUE
09.06.2026,server-monolith,TRUE
17.06.2026,server-monolith,TRUE
17.06.2026,server-monolith,TRUE
17.06.2026,server-monolith,TRUE
22.06.2026,server-monolith,TRUE
22.06.2026,server-monolith,TRUE
22.06.2026,server-monolith,TRUE
25.06.2026,server-monolith,TRUE
25.06.2026,server-monolith,TRUE
25.06.2026,server-monolith,TRUE
25.06.2026,server-monolith,TRUE
25.06.2026,server-monolith,TRUE
25.06.2026,server-monolith,TRUE
29.06.2026,server-monolith,TRUE
29.06.2026,server-monolith,TRUE
29.06.2026,server-monolith,TRUE
30.06.2026,server-monolith,TRUE
30.06.2026,server-monolith,TRUE
30.06.2026,server-monolith,TRUE
30.06.2026,server-monolith,TRUE
30.06.2026,server-monolith,TRUE
30.06.2026,server-monolith,TRUE
01.07.2026,server-monolith,TRUE
01.07.2026,server-monolith,TRUE
01.07.2026,server-monolith,TRUE
01.07.2026,server-monolith,TRUE
01.07.2026,server-monolith,TRUE
01.07.2026,server-monolith,TRUE
01.07.2026,server-monolith,TRUE
02.07.2026,server-monolith,TRUE
02.07.2026,server-monolith,TRUE
02.07.2026,server-monolith,TRUE
02.07.2026,server-monolith,TRUE
07.07.2026,server-monolith,TRUE
07.07.2026,server-monolith,TRUE
07.07.2026,server-monolith,TRUE
13.07.2026,server-monolith,TRUE
13.07.2026,server-monolith,TRUE
13.07.2026,server-monolith,TRUE
14.07.2026,server-monolith,TRUE
14.07.2026,server-monolith,TRUE
14.07.2026,server-monolith,TRUE
15.07.2026,server-monolith,TRUE
15.07.2026,server-monolith,TRUE
15.07.2026,server-monolith,TRUE
17.07.2026,server-monolith,TRUE
17.07.2026,server-monolith,TRUE
17.07.2026,server-monolith,TRUE
20.07.2026,server-monolith,TRUE
20.07.2026,server-monolith,TRUE
20.07.2026,server-monolith,TRUE
23.07.2026,server-monolith,TRUE
23.07.2026,server-monolith,TRUE
23.07.2026,server-monolith,TRUE
24.07.2026,server-monolith,TRUE
24.07.2026,server-monolith,TRUE
24.07.2026,server-monolith,TRUE
27.07.2026,server-monolith,TRUE
27.07.2026,server-monolith,TRUE
27.07.2026,server-monolith,TRUE
28.07.2026,server-monolith,TRUE
28.07.2026,server-monolith,TRUE
28.07.2026,server-monolith,TRUE
28.07.2026,server-monolith,TRUE
28.07.2026,server-monolith,TRUE
28.07.2026,server-monolith,TRUE
31.07.2026,server-monolith,TRUE
31.07.2026,server-monolith,TRUE
31.07.2026,server-monolith,TRUE
03.08.2026,server-monolith,TRUE
03.08.2026,server-monolith,TRUE
03.08.2026,server-monolith,TRUE
06.08.2026,server-monolith,TRUE
06.08.2026,server-monolith,TRUE
06.08.2026,server-monolith,TRUE
06.08.2026,server-monolith,TRUE
06.08.2026,server-monolith,TRUE
06.08.2026,server-monolith,TRUE
10.08.2026,server-monolith,TRUE
10.08.2026,server-monolith,TRUE
10.08.2026,server-monolith,TRUE
11.08.2026,server-monolith,TRUE
11.08.2026,server-monolith,TRUE
11.08.2026,server-monolith,TRUE
17.08.2026,server-monolith,TRUE
17.08.2026,server-monolith,TRUE
17.08.2026,server-monolith,TRUE
20.08.2026,server-monolith,TRUE
20.08.2026,server-monolith,TRUE
20.08.2026,server-monolith,TRUE
26.08.2026,server-monolith,TRUE
26.08.2026,server-monolith,TRUE
26.08.2026,server-monolith,TRUE
26.08.2026,server-monolith,TRUE
26.08.2026,server-monolith,TRUE
26.08.2026,server-monolith,TRUE
26.08.2026,server-monolith,TRUE
26.08.2026,server-monolith,TRUE
26.08.2026,server-monolith,TRUE
03.01.2024,server-workout,TRUE
04.01.2024,server-workout,TRUE
10.01.2024,server-workout,TRUE
18.01.2024,server-workout,TRUE
19.01.2024,server-workout,TRUE
01.02.2024,server-workout,TRUE
05.02.2024,server-workout,TRUE
06.02.2024,server-workout,TRUE
07.02.2024,server-workout,TRUE
07.02.2024,server-workout,TRUE
19.02.2024,server-workout,TRUE
19.02.2024,server-workout,TRUE
23.02.2024,server-workout,TRUE
27.02.2024,server-workout,TRUE
11.03.2024,server-workout,TRUE
13.03.2024,server-workout,TRUE
13.03.2024,server-workout,TRUE
13.03.2024,server-workout,TRUE
22.03.2024,server-workout,TRUE
26.03.2024,server-workout,TRUE
26.03.2024,server-workout,TRUE
27.03.2024,server-workout,TRUE
27.03.2024,server-workout,TRUE
28.03.2024,server-workout,TRUE
02.04.2024,server-workout,TRUE
02.04.2024,server-workout,TRUE
05.04.2024,server-workout,TRUE
09.04.2024,server-workout,TRUE
16.04.2024,server-workout,TRUE
16.04.2024,server-workout,TRUE
24.04.2024,server-workout,TRUE
25.04.2024,server-workout,TRUE
30.04.2024,server-workout,TRUE
02.05.2024,server-workout,TRUE
07.05.2024,server-workout,TRUE
08.05.2024,server-workout,TRUE
13.05.2024,server-workout,FALSE
13.05.2024,server-workout,TRUE
14.05.2024,server-workout,TRUE
15.05.2024,server-workout,TRUE
21.05.2024,server-workout,TRUE
22.05.2024,server-workout,TRUE
31.05.2024,server-workout,TRUE
31.05.2024,server-workout,TRUE
05.06.2024,server-workout,TRUE
05.06.2024,server-workout,TRUE
06.06.2024,server-workout,TRUE
07.06.2024,server-workout,TRUE
11.06.2024,server-workout,TRUE
12.06.2024,server-workout,TRUE
13.06.2024,server-workout,TRUE
13.06.2024,server-workout,TRUE
18.06.2024,server-workout,TRUE
20.06.2024,server-workout,TRUE
24.06.2024,server-workout,TRUE
27.06.2024,server-workout,TRUE
27.06.2024,server-workout,TRUE
01.07.2024,server-workout,TRUE
01.07.2024,server-workout,TRUE
11.07.2024,server-workout,TRUE
16.07.2024,server-workout,TRUE
17.07.2024,server-workout,TRUE
18.07.2024,server-workout,TRUE
22.07.2024,server-workout,TRUE
26.07.2024,server-workout,TRUE
26.07.2024,server-workout,FALSE
29.07.2024,server-workout,TRUE
30.07.2024,server-workout,TRUE
01.08.2024,server-workout,TRUE
05.08.2024,server-workout,TRUE
08.08.2024,server-workout,TRUE
09.08.2024,server-workout,TRUE
12.08.2024,server-workout,TRUE
12.08.2024,server-workout,TRUE
13.08.2024,server-workout,TRUE
20.08.2024,server-workout,TRUE
29.08.2024,server-workout,TRUE
03.09.2024,server-workout,TRUE
03.09.2024,server-workout,FALSE
03.09.2024,server-workout,TRUE
04.09.2024,server-workout,TRUE
09.09.2024,server-workout,TRUE
09.09.2024,server-workout,FALSE
10.09.2024,server-workout,TRUE
10.09.2024,server-workout,TRUE
17.09.2024,server-workout,TRUE
19.09.2024,server-workout,TRUE
23.09.2024,server-workout,TRUE
25.09.2024,server-workout,TRUE
26.09.2024,server-workout,TRUE
26.09.2024,server-workout,TRUE
26.09.2024,server-workout,TRUE
30.09.2024,server-workout,TRUE
01.10.2024,server-workout,TRUE
02.10.2024,server-workout,TRUE
11.10.2024,server-workout,TRUE
15.10.2024,server-workout,TRUE
15.10.2024,server-workout,TRUE
16.10.2024,server-workout,TRUE
16.10.2024,server-workout,TRUE
16.10.2024,server-workout,TRUE
17.10.2024,server-workout,TRUE
17.10.2024,server-workout,TRUE
17.10.2024,server-workout,TRUE
17.10.2024,server-workout,TRUE
21.10.2024,server-workout,TRUE
22.10.2024,server-workout,TRUE
22.10.2024,server-workout,TRUE
23.10.2024,server-workout,TRUE
23.10.2024,server-workout,TRUE
28.10.2024,server-workout,TRUE
01.11.2024,server-workout,TRUE
11.11.2024,server-workout,TRUE
12.11.2024,server-workout,TRUE
13.11.2024,server-workout,TRUE
14.11.2024,server-workout,TRUE
15.11.2024,server-workout,TRUE
18.11.2024,server-workout,TRUE
18.11.2024,server-workout,TRUE
19.11.2024,server-workout,TRUE
20.11.2024,server-workout,TRUE
22.11.2024,server-workout,TRUE
25.11.2024,server-workout,TRUE
27.11.2024,server-workout,TRUE
12.12.2024,server-workout,TRUE
16.12.2024,server-workout,TRUE
30.12.2024,server-workout,TRUE
02.01.2025,server-workout,TRUE
22.01.2025,server-workout,TRUE
27.01.2025,server-workout,TRUE
30.01.2025,server-workout,TRUE
30.01.2025,server-workout,TRUE
30.01.2025,server-workout,TRUE
04.02.2025,server-workout,TRUE
04.02.2025,server-workout,TRUE
11.02.2025,server-workout,TRUE
17.02.2025,server-workout,TRUE
17.02.2025,server-workout,FALSE
17.02.2025,server-workout,TRUE
25.02.2025,server-workout,TRUE
25.02.2025,server-workout,TRUE
11.03.2025,server-workout,TRUE
14.03.2025,server-workout,TRUE
17.03.2025,server-workout,TRUE
19.03.2025,server-workout,TRUE
26.03.2025,server-workout,TRUE
26.03.2025,server-workout,TRUE
27.03.2025,server-workout,TRUE
28.03.2025,server-workout,TRUE
02.04.2025,server-workout,TRUE
14.04.2025,server-workout,TRUE
22.04.2025,server-workout,TRUE
23.04.2025,server-workout,TRUE
29.04.2025,server-workout,TRUE
29.04.2025,server-workout,TRUE
06.05.2025,server-workout,TRUE
06.05.2025,server-workout,TRUE
12.05.2025,server-workout,TRUE
14.05.2025,server-workout,TRUE
04.06.2025,server-workout,TRUE
04.06.2025,server-workout,FALSE
05.06.2025,server-workout,TRUE
16.06.2025,server-workout,TRUE
18.06.2025,server-workout,TRUE
23.06.2025,server-workout,TRUE
17.07.2025,server-workout,TRUE
21.07.2025,server-workout,TRUE
30.07.2025,server-workout,TRUE
30.07.2025,server-workout,TRUE
31.07.2025,server-workout,TRUE
01.08.2025,server-workout,TRUE
07.08.2025,server-workout,TRUE
07.08.2025,server-workout,TRUE
25.08.2025,server-workout,TRUE
25.08.2025,server-workout,TRUE
26.08.2025,server-workout,TRUE
01.09.2025,server-workout,TRUE
02.09.2025,server-workout,TRUE
05.09.2025,server-workout,TRUE
09.09.2025,server-workout,TRUE
10.09.2025,server-workout,TRUE
10.09.2025,server-workout,TRUE
23.09.2025,server-workout,TRUE
30.09.2025,server-workout,TRUE
07.10.2025,server-workout,TRUE
09.10.2025,server-workout,TRUE
21.10.2025,server-workout,TRUE
04.11.2025,server-workout,TRUE
06.11.2025,server-workout,TRUE
13.11.2025,server-workout,TRUE
20.11.2025,server-workout,TRUE
21.11.2025,server-workout,TRUE
25.11.2025,server-workout,TRUE
05.12.2025,server-workout,TRUE
05.12.2025,server-workout,TRUE
05.12.2025,server-workout,TRUE
05.12.2025,server-workout,TRUE
17.12.2025,server-workout,TRUE
07.01.2026,server-workout,TRUE
08.01.2026,server-workout,TRUE
13.01.2026,server-workout,TRUE
13.01.2026,server-workout,TRUE
20.01.2026,server-workout,TRUE
20.01.2026,server-workout,TRUE
20.01.2026,server-workout,FALSE
26.01.2026,server-workout,TRUE
27.01.2026,server-workout,TRUE
28.01.2026,server-workout,TRUE
04.02.2026,server-workout,TRUE
13.02.2026,server-workout,TRUE
19.02.2026,server-workout,TRUE
19.02.2026,server-workout,TRUE
19.02.2026,server-workout,TRUE
19.02.2026,server-workout,TRUE
26.02.2026,server-workout,TRUE
05.03.2026,server-workout,TRUE
06.03.2026,server-workout,TRUE
11.03.2026,server-workout,TRUE
17.03.2026,server-workout,TRUE
01.04.2026,server-workout,TRUE
02.04.2026,server-workout,TRUE
20.04.2026,server-workout,TRUE
21.04.2026,server-workout,TRUE
21.04.2026,server-workout,TRUE
27.04.2026,server-workout,TRUE
27.04.2026,server-workout,TRUE
07.05.2026,server-workout,TRUE
07.05.2026,server-workout,TRUE
07.05.2026,server-workout,TRUE
08.05.2026,server-workout,TRUE
11.05.2026,server-workout,TRUE
12.05.2026,server-workout,TRUE
12.05.2026,server-workout,TRUE
18.05.2026,server-workout,TRUE
18.05.2026,server-workout,TRUE
01.06.2026,server-workout,TRUE
02.06.2026,server-workout,TRUE
02.06.2026,server-workout,TRUE
03.06.2026,server-workout,TRUE
08.06.2026,server-workout,TRUE
10.06.2026,server-workout,TRUE
25.06.2026,server-workout,TRUE
30.06.2026,server-workout,TRUE
01.07.2026,server-workout,TRUE
07.07.2026,server-workout,TRUE
07.07.2026,server-workout,TRUE
10.07.2026,server-workout,TRUE
15.07.2026,server-workout,TRUE
16.07.2026,server-workout,TRUE
20.07.2026,server-workout,TRUE
20.07.2026,server-workout,TRUE
20.07.2026,server-workout,TRUE
21.07.2026,server-workout,TRUE
22.07.2026,server-workout,TRUE
27.07.2026,server-workout,TRUE
03.08.2026,server-workout,TRUE
11.08.2026,server-workout,TRUE
17.08.2026,server-workout,TRUE
17.08.2026,server-workout,TRUE
17.01.2024,service-inventory,TRUE
24.01.2024,service-inventory,TRUE
26.03.2024,service-inventory,TRUE
22.04.2024,service-inventory,TRUE
24.04.2024,service-inventory,TRUE
26.04.2024,service-inventory,TRUE
14.05.2024,service-inventory,TRUE
21.05.2024,service-inventory,TRUE
26.06.2024,service-inventory,TRUE
04.07.2024,service-inventory,TRUE
29.07.2024,service-inventory,TRUE
29.07.2024,service-inventory,TRUE
04.09.2024,service-inventory,TRUE
05.11.2024,service-inventory,TRUE
12.12.2024,service-inventory,TRUE
23.12.2024,service-inventory,TRUE
02.01.2025,service-inventory,TRUE
13.03.2025,service-inventory,TRUE
08.04.2025,service-inventory,TRUE
30.04.2025,service-inventory,TRUE
06.05.2025,service-inventory,TRUE
05.06.2025,service-inventory,TRUE
04.07.2025,service-inventory,TRUE
02.09.2025,service-inventory,TRUE
07.10.2025,service-inventory,TRUE
08.10.2025,service-inventory,TRUE
10.10.2025,service-inventory,TRUE
10.10.2025,service-inventory,TRUE
10.10.2025,service-inventory,TRUE
12.11.2025,service-inventory,TRUE
13.11.2025,service-inventory,TRUE
11.12.2025,service-inventory,TRUE
12.12.2025,service-inventory,TRUE
08.01.2026,service-inventory,TRUE
23.01.2026,service-inventory,TRUE
04.02.2026,service-inventory,TRUE
09.02.2026,service-inventory,TRUE
13.02.2026,service-inventory,TRUE
17.02.2026,service-inventory,TRUE
18.02.2026,service-inventory,TRUE
12.03.2026,service-inventory,TRUE
12.03.2026,service-inventory,TRUE
19.03.2026,service-inventory,TRUE
31.03.2026,service-inventory,TRUE
03.04.2026,service-inventory,TRUE
13.04.2026,service-inventory,TRUE
06.05.2026,service-inventory,TRUE
15.06.2026,service-inventory,TRUE
16.06.2026,service-inventory,TRUE
18.06.2026,service-inventory,TRUE
09.07.2024,strength-prediction-ml,TRUE
29.08.2024,strength-prediction-ml,TRUE
30.08.2024,strength-prediction-ml,TRUE
05.09.2024,strength-prediction-ml,TRUE
05.09.2024,strength-prediction-ml,TRUE
06.09.2024,strength-prediction-ml,TRUE
13.09.2024,strength-prediction-ml,TRUE
20.09.2024,strength-prediction-ml,TRUE
27.09.2024,strength-prediction-ml,TRUE
04.10.2024,strength-prediction-ml,TRUE
10.10.2024,strength-prediction-ml,TRUE
11.10.2024,strength-prediction-ml,TRUE
18.10.2024,strength-prediction-ml,TRUE
24.10.2024,strength-prediction-ml,TRUE
07.11.2024,strength-prediction-ml,TRUE
08.11.2024,strength-prediction-ml,TRUE
03.01.2025,strength-prediction-ml,TRUE
07.01.2025,strength-prediction-ml,TRUE
07.01.2025,strength-prediction-ml,TRUE
13.01.2025,strength-prediction-ml,TRUE
16.01.2025,strength-prediction-ml,TRUE
27.01.2025,strength-prediction-ml,TRUE
30.01.2025,strength-prediction-ml,TRUE
14.02.2025,strength-prediction-ml,TRUE
21.02.2025,strength-prediction-ml,TRUE
25.02.2025,strength-prediction-ml,TRUE
17.03.2025,strength-prediction-ml,TRUE
27.03.2025,strength-prediction-ml,TRUE
14.04.2025,strength-prediction-ml,TRUE
16.04.2025,strength-prediction-ml,TRUE
16.04.2025,strength-prediction-ml,TRUE
17.04.2025,strength-prediction-ml,TRUE
23.04.2025,strength-prediction-ml,TRUE
25.04.2025,strength-prediction-ml,TRUE
28.04.2025,strength-prediction-ml,TRUE
06.05.2025,strength-prediction-ml,TRUE
07.05.2025,strength-prediction-ml,TRUE
12.06.2025,strength-prediction-ml,TRUE
31.07.2025,strength-prediction-ml,TRUE
26.08.2025,strength-prediction-ml,TRUE
25.09.2025,strength-prediction-ml,TRUE
10.10.2025,strength-prediction-ml,TRUE
09.01.2026,strength-prediction-ml,TRUE
26.01.2026,strength-prediction-ml,TRUE
11.03.2026,strength-prediction-ml,TRUE
11.03.2026,strength-prediction-ml,TRUE
26.03.2026,strength-prediction-ml,TRUE
08.04.2026,strength-prediction-ml,TRUE
21.04.2026,strength-prediction-ml,TRUE
04.05.2026,strength-prediction-ml,TRUE
13.05.2026,strength-prediction-ml,TRUE
20.05.2026,strength-prediction-ml,TRUE
21.07.2026,strength-prediction-ml,TRUE
30.07.2026,strength-prediction-ml,TRUE
05.08.2026,strength-prediction-ml,TRUE
18.08.2026,strength-prediction-ml,TRUE
27.08.2026,strength-prediction-ml,TRUE
22.01.2024,tech-radar,TRUE
25.04.2024,tech-radar,TRUE
10.02.2025,tech-radar,TRUE
03.03.2025,tech-radar,TRUE
17.09.2025,tech-radar,TRUE
21.08.2025,tp-blueprint-ml,TRUE
21.08.2025,tp-blueprint-ml,TRUE
17.09.2025,tp-blueprint-ml,TRUE
13.10.2025,tp-blueprint-ml,TRUE
29.10.2025,tp-blueprint-ml,TRUE
19.11.2025,tp-blueprint-ml,TRUE
11.12.2025,tp-blueprint-ml,TRUE
17.12.2025,tp-blueprint-ml,TRUE
26.01.2026,tp-blueprint-ml,TRUE
10.03.2026,tp-blueprint-ml,TRUE
11.03.2026,tp-blueprint-ml,TRUE
13.04.2026,tp-blueprint-ml,TRUE
21.04.2026,tp-blueprint-ml,TRUE
05.05.2026,tp-blueprint-ml,TRUE
05.05.2026,tp-blueprint-ml,TRUE
02.06.2026,tp-blueprint-ml,TRUE
10.06.2026,tp-blueprint-ml,TRUE
11.06.2026,tp-blueprint-ml,TRUE
26.06.2026,tp-blueprint-ml,TRUE
29.06.2026,tp-blueprint-ml,TRUE
29.06.2026,tp-blueprint-ml,TRUE
06.07.2026,tp-blueprint-ml,TRUE
13.07.2026,tp-blueprint-ml,TRUE
27.08.2026,tp-blueprint-ml,TRUE
28.05.2025,tp-generation-ml,TRUE
17.06.2025,tp-generation-ml,TRUE
17.06.2025,tp-generation-ml,TRUE
18.06.2025,tp-generation-ml,TRUE
26.06.2025,tp-generation-ml,TRUE
30.07.2025,tp-generation-ml,TRUE
11.08.2025,tp-generation-ml,TRUE
19.08.2025,tp-generation-ml,TRUE
27.08.2025,tp-generation-ml,TRUE
29.08.2025,tp-generation-ml,TRUE
01.09.2025,tp-generation-ml,TRUE
04.09.2025,tp-generation-ml,TRUE
17.09.2025,tp-generation-ml,TRUE
10.10.2025,tp-generation-ml,TRUE
18.11.2025,tp-generation-ml,TRUE
27.11.2025,tp-generation-ml,TRUE
02.12.2025,tp-generation-ml,TRUE
04.12.2025,tp-generation-ml,TRUE
05.12.2025,tp-generation-ml,TRUE
09.12.2025,tp-generation-ml,TRUE
15.12.2025,tp-generation-ml,TRUE
17.12.2025,tp-generation-ml,TRUE
19.12.2025,tp-generation-ml,TRUE
22.12.2025,tp-generation-ml,TRUE
05.01.2026,tp-generation-ml,TRUE
07.01.2026,tp-generation-ml,TRUE
12.01.2026,tp-generation-ml,TRUE
22.01.2026,tp-generation-ml,TRUE
22.01.2026,tp-generation-ml,TRUE
26.01.2026,tp-generation-ml,TRUE
27.01.2026,tp-generation-ml,TRUE
28.01.2026,tp-generation-ml,TRUE
06.02.2026,tp-generation-ml,TRUE
11.02.2026,tp-generation-ml,TRUE
17.02.2026,tp-generation-ml,TRUE
17.02.2026,tp-generation-ml,TRUE
20.02.2026,tp-generation-ml,TRUE
20.02.2026,tp-generation-ml,TRUE
02.03.2026,tp-generation-ml,TRUE
03.03.2026,tp-generation-ml,TRUE
11.03.2026,tp-generation-ml,TRUE
11.03.2026,tp-generation-ml,TRUE
24.03.2026,tp-generation-ml,TRUE
27.03.2026,tp-generation-ml,TRUE
30.03.2026,tp-generation-ml,TRUE
09.04.2026,tp-generation-ml,TRUE
13.04.2026,tp-generation-ml,TRUE
15.04.2026,tp-generation-ml,TRUE
15.04.2026,tp-generation-ml,TRUE
20.04.2026,tp-generation-ml,TRUE
21.04.2026,tp-generation-ml,TRUE
21.04.2026,tp-generation-ml,TRUE
28.04.2026,tp-generation-ml,TRUE
30.04.2026,tp-generation-ml,TRUE
05.05.2026,tp-generation-ml,TRUE
06.05.2026,tp-generation-ml,TRUE
20.05.2026,tp-generation-ml,TRUE
02.06.2026,tp-generation-ml,TRUE
08.06.2026,tp-generation-ml,TRUE
17.06.2026,tp-generation-ml,TRUE
24.06.2026,tp-generation-ml,TRUE
01.07.2026,tp-generation-ml,TRUE
02.07.2026,tp-generation-ml,TRUE
13.07.2026,tp-generation-ml,TRUE
14.07.2026,tp-generation-ml,TRUE
14.07.2026,tp-generation-ml,TRUE
14.07.2026,tp-generation-ml,TRUE
15.07.2026,tp-generation-ml,TRUE
20.07.2026,tp-generation-ml,TRUE
20.07.2026,tp-generation-ml,TRUE
23.07.2026,tp-generation-ml,TRUE
28.07.2026,tp-generation-ml,TRUE
28.07.2026,tp-generation-ml,TRUE
28.07.2026,tp-generation-ml,TRUE
29.07.2026,tp-generation-ml,TRUE
11.08.2026,tp-generation-ml,TRUE
13.08.2026,tp-generation-ml,TRUE
17.08.2026,tp-generation-ml,TRUE
18.08.2026,tp-generation-ml,TRUE
18.08.2026,tp-generation-ml,TRUE
25.08.2026,tp-generation-ml,TRUE
26.08.2026,tp-generation-ml,TRUE
27.08.2026,tp-generation-ml,TRUE
02.03.2024,trainer-app-x,TRUE
05.03.2024,trainer-app-x,TRUE
04.04.2024,trainer-app-x,TRUE
11.04.2024,trainer-app-x,TRUE
03.05.2024,trainer-app-x,TRUE
10.06.2024,trainer-app-x,TRUE
16.08.2024,trainer-app-x,TRUE
30.09.2024,trainer-app-x,TRUE
14.11.2024,trainer-app-x,TRUE
20.11.2024,trainer-app-x,TRUE
16.12.2024,trainer-app-x,TRUE
12.06.2025,trainer-app-x,TRUE
12.06.2025,trainer-app-x,TRUE
14.06.2025,trainer-app-x,TRUE
25.06.2025,trainer-app-x,TRUE
29.07.2025,trainer-app-x,TRUE
14.08.2025,trainer-app-x,TRUE
16.09.2025,trainer-app-x,TRUE
21.10.2025,trainer-app-x,TRUE
25.10.2025,trainer-app-x,TRUE
05.11.2025,trainer-app-x,TRUE
17.11.2025,trainer-app-x,TRUE
09.12.2025,trainer-app-x,TRUE
18.12.2025,trainer-app-x,TRUE
06.01.2026,trainer-app-x,TRUE
28.01.2026,trainer-app-x,TRUE
20.02.2026,trainer-app-x,TRUE
23.02.2026,trainer-app-x,TRUE
06.03.2026,trainer-app-x,TRUE
11.03.2026,trainer-app-x,TRUE
16.03.2026,trainer-app-x,TRUE
23.03.2026,trainer-app-x,TRUE
25.02.2025,trainer-features-adm-int,TRUE
25.02.2025,trainer-features-adm-int,TRUE
26.02.2025,trainer-features-adm-int,TRUE
06.03.2025,trainer-features-adm-int,TRUE
14.03.2025,trainer-features-adm-int,TRUE
26.05.2025,trainer-features-adm-int,TRUE
11.06.2025,trainer-features-adm-int,TRUE
31.07.2025,trainer-features-adm-int,TRUE
04.08.2025,trainer-features-adm-int,FALSE
18.08.2025,trainer-features-adm-int,TRUE
28.10.2025,trainer-features-adm-int,TRUE
19.11.2025,trainer-features-adm-int,TRUE
19.11.2025,trainer-features-adm-int,FALSE
27.11.2025,trainer-features-adm-int,TRUE
02.01.2026,trainer-features-adm-int,TRUE
02.01.2026,trainer-features-adm-int,TRUE
16.01.2026,trainer-features-adm-int,TRUE
09.02.2026,trainer-features-adm-int,TRUE
17.02.2026,trainer-features-adm-int,TRUE
19.02.2026,trainer-features-adm-int,TRUE
29.06.2026,trainer-features-adm-int,TRUE
27.07.2026,trainer-features-adm-int,TRUE
31.07.2026,trainer-features-adm-int,TRUE
04.08.2026,trainer-features-adm-int,TRUE
05.08.2026,trainer-features-adm-int,TRUE
12.08.2026,trainer-features-adm-int,TRUE
09.01.2024,trainer-task-service,TRUE
11.01.2024,trainer-task-service,TRUE
24.01.2024,trainer-task-service,TRUE
26.02.2024,trainer-task-service,TRUE
08.04.2024,trainer-task-service,TRUE
08.04.2024,trainer-task-service,TRUE
24.04.2024,trainer-task-service,TRUE
28.05.2024,trainer-task-service,TRUE
28.05.2024,trainer-task-service,TRUE
04.06.2024,trainer-task-service,TRUE
17.06.2024,trainer-task-service,TRUE
25.06.2024,trainer-task-service,TRUE
01.07.2024,trainer-task-service,TRUE
17.07.2024,trainer-task-service,TRUE
18.07.2024,trainer-task-service,TRUE
25.09.2024,trainer-task-service,TRUE
26.11.2024,trainer-task-service,TRUE
23.01.2025,trainer-task-service,TRUE
10.02.2025,trainer-task-service,TRUE
13.03.2025,trainer-task-service,TRUE
05.05.2025,trainer-task-service,TRUE
03.06.2025,trainer-task-service,TRUE
16.06.2025,trainer-task-service,TRUE
26.06.2025,trainer-task-service,TRUE
04.08.2025,trainer-task-service,TRUE
21.08.2025,trainer-task-service,TRUE
18.09.2025,trainer-task-service,TRUE
19.09.2025,trainer-task-service,TRUE
25.09.2025,trainer-task-service,TRUE
08.10.2025,trainer-task-service,TRUE
20.10.2025,trainer-task-service,TRUE
23.10.2025,trainer-task-service,TRUE
29.10.2025,trainer-task-service,TRUE
30.10.2025,trainer-task-service,TRUE
06.11.2025,trainer-task-service,TRUE
11.11.2025,trainer-task-service,TRUE
21.11.2025,trainer-task-service,TRUE
25.11.2025,trainer-task-service,TRUE
10.12.2025,trainer-task-service,TRUE
15.12.2025,trainer-task-service,TRUE
16.12.2025,trainer-task-service,TRUE
12.01.2026,trainer-task-service,TRUE
12.01.2026,trainer-task-service,TRUE
29.01.2026,trainer-task-service,TRUE
04.02.2026,trainer-task-service,TRUE
11.02.2026,trainer-task-service,TRUE
11.02.2026,trainer-task-service,TRUE
12.02.2026,trainer-task-service,TRUE
12.02.2026,trainer-task-service,TRUE
20.02.2026,trainer-task-service,TRUE
26.02.2026,trainer-task-service,TRUE
27.02.2026,trainer-task-service,TRUE
27.02.2026,trainer-task-service,TRUE
04.03.2026,trainer-task-service,TRUE
05.03.2026,trainer-task-service,TRUE
11.03.2026,trainer-task-service,TRUE
17.03.2026,trainer-task-service,TRUE
24.03.2026,trainer-task-service,TRUE
25.03.2026,trainer-task-service,TRUE
07.04.2026,trainer-task-service,TRUE
09.04.2026,trainer-task-service,TRUE
29.04.2026,trainer-task-service,TRUE
05.05.2026,trainer-task-service,TRUE
27.05.2026,trainer-task-service,TRUE
10.06.2026,trainer-task-service,TRUE
25.06.2026,trainer-task-service,TRUE
06.07.2026,trainer-task-service,TRUE
08.07.2026,trainer-task-service,TRUE
22.07.2026,trainer-task-service,TRUE
20.08.2026,trainer-task-service,TRUE
24.08.2026,trainer-task-service,TRUE
27.08.2026,trainer-task-service,TRUE
11.01.2024,trainerapp-manager,TRUE
12.01.2024,trainerapp-manager,TRUE
15.01.2024,trainerapp-manager,TRUE
17.01.2024,trainerapp-manager,TRUE
06.02.2024,trainerapp-manager,TRUE
12.02.2024,trainerapp-manager,TRUE
01.03.2024,trainerapp-manager,TRUE
04.03.2024,trainerapp-manager,TRUE
19.03.2024,trainerapp-manager,TRUE
03.05.2024,trainerapp-manager,TRUE
03.05.2024,trainerapp-manager,TRUE
23.05.2024,trainerapp-manager,TRUE
24.05.2024,trainerapp-manager,TRUE
28.05.2024,trainerapp-manager,TRUE
18.07.2024,trainerapp-manager,TRUE
29.07.2024,trainerapp-manager,TRUE
30.07.2024,trainerapp-manager,TRUE
30.07.2024,trainerapp-manager,TRUE
02.08.2024,trainerapp-manager,TRUE
13.09.2024,trainerapp-manager,TRUE
26.09.2024,trainerapp-manager,TRUE
01.10.2024,trainerapp-manager,TRUE
13.11.2024,trainerapp-manager,TRUE
14.11.2024,trainerapp-manager,TRUE
02.12.2024,trainerapp-manager,TRUE
02.12.2024,trainerapp-manager,TRUE
05.12.2024,trainerapp-manager,TRUE
06.12.2024,trainerapp-manager,TRUE
20.12.2024,trainerapp-manager,TRUE
15.01.2025,trainerapp-manager,TRUE
27.01.2025,trainerapp-manager,TRUE
07.02.2025,trainerapp-manager,TRUE
10.02.2025,trainerapp-manager,TRUE
11.02.2025,trainerapp-manager,TRUE
13.03.2025,trainerapp-manager,TRUE
24.03.2025,trainerapp-manager,TRUE
30.04.2025,trainerapp-manager,TRUE
06.05.2025,trainerapp-manager,TRUE
28.05.2025,trainerapp-manager,TRUE
17.06.2025,trainerapp-manager,TRUE
23.06.2025,trainerapp-manager,TRUE
16.07.2025,trainerapp-manager,TRUE
18.07.2025,trainerapp-manager,TRUE
17.10.2025,trainerapp-manager,TRUE
03.01.2024,upds,TRUE
04.01.2024,upds,TRUE
09.01.2024,upds,TRUE
10.01.2024,upds,TRUE
15.01.2024,upds,TRUE
17.01.2024,upds,TRUE
18.01.2024,upds,TRUE
18.01.2024,upds,TRUE
19.01.2024,upds,TRUE
19.01.2024,upds,TRUE
19.01.2024,upds,TRUE
23.01.2024,upds,TRUE
25.01.2024,upds,TRUE
25.01.2024,upds,TRUE
31.01.2024,upds,TRUE
31.01.2024,upds,TRUE
01.02.2024,upds,TRUE
02.02.2024,upds,TRUE
07.02.2024,upds,TRUE
13.02.2024,upds,TRUE
20.02.2024,upds,TRUE
18.03.2024,upds,TRUE
21.03.2024,upds,TRUE
22.03.2024,upds,TRUE
25.03.2024,upds,TRUE
25.03.2024,upds,TRUE
26.03.2024,upds,TRUE
02.04.2024,upds,TRUE
15.04.2024,upds,TRUE
15.04.2024,upds,TRUE
18.04.2024,upds,TRUE
22.04.2024,upds,TRUE
22.04.2024,upds,TRUE
07.05.2024,upds,TRUE
08.05.2024,upds,TRUE
13.05.2024,upds,TRUE
24.05.2024,upds,TRUE
18.06.2024,upds,TRUE
26.06.2024,upds,TRUE
02.07.2024,upds,TRUE
10.07.2024,upds,TRUE
29.07.2024,upds,TRUE
29.07.2024,upds,TRUE
31.07.2024,upds,TRUE
07.08.2024,upds,TRUE
13.08.2024,upds,TRUE
14.08.2024,upds,TRUE
28.08.2024,upds,TRUE
02.09.2024,upds,TRUE
03.09.2024,upds,TRUE
06.09.2024,upds,TRUE
17.09.2024,upds,TRUE
17.09.2024,upds,TRUE
27.09.2024,upds,TRUE
09.10.2024,upds,TRUE
09.10.2024,upds,TRUE
09.10.2024,upds,TRUE
09.10.2024,upds,FALSE
09.10.2024,upds,TRUE
14.10.2024,upds,TRUE
14.10.2024,upds,TRUE
04.11.2024,upds,TRUE
08.11.2024,upds,TRUE
13.11.2024,upds,TRUE
19.11.2024,upds,TRUE
29.11.2024,upds,TRUE
29.11.2024,upds,TRUE
06.12.2024,upds,TRUE
17.12.2024,upds,TRUE
19.12.2024,upds,TRUE
23.12.2024,upds,TRUE
02.01.2025,upds,TRUE
08.01.2025,upds,TRUE
09.01.2025,upds,TRUE
10.01.2025,upds,TRUE
13.01.2025,upds,TRUE
16.01.2025,upds,TRUE
17.01.2025,upds,TRUE
21.01.2025,upds,TRUE
21.01.2025,upds,TRUE
27.01.2025,upds,TRUE
28.01.2025,upds,TRUE
29.01.2025,upds,TRUE
30.01.2025,upds,TRUE
30.01.2025,upds,TRUE
30.01.2025,upds,TRUE
03.02.2025,upds,TRUE
03.02.2025,upds,TRUE
03.02.2025,upds,TRUE
04.02.2025,upds,TRUE
06.02.2025,upds,TRUE
10.02.2025,upds,TRUE
10.02.2025,upds,TRUE
11.02.2025,upds,TRUE
19.02.2025,upds,TRUE
20.02.2025,upds,TRUE
21.02.2025,upds,TRUE
25.02.2025,upds,TRUE
25.02.2025,upds,TRUE
26.02.2025,upds,TRUE
26.02.2025,upds,TRUE
26.02.2025,upds,TRUE
05.03.2025,upds,TRUE
18.03.2025,upds,TRUE
19.03.2025,upds,TRUE
19.03.2025,upds,TRUE
19.03.2025,upds,TRUE
20.03.2025,upds,TRUE
20.03.2025,upds,TRUE
26.03.2025,upds,TRUE
26.03.2025,upds,TRUE
28.03.2025,upds,TRUE
15.04.2025,upds,TRUE
15.04.2025,upds,FALSE
16.04.2025,upds,TRUE
24.04.2025,upds,TRUE
28.04.2025,upds,TRUE
29.04.2025,upds,TRUE
29.04.2025,upds,TRUE
05.05.2025,upds,TRUE
05.05.2025,upds,TRUE
07.05.2025,upds,TRUE
16.05.2025,upds,FALSE
19.05.2025,upds,TRUE
21.05.2025,upds,TRUE
22.05.2025,upds,TRUE
05.06.2025,upds,TRUE
05.06.2025,upds,TRUE
05.06.2025,upds,TRUE
20.06.2025,upds,TRUE
24.06.2025,upds,TRUE
25.06.2025,upds,TRUE
27.06.2025,upds,TRUE
01.07.2025,upds,TRUE
23.07.2025,upds,TRUE
28.07.2025,upds,TRUE
07.08.2025,upds,TRUE
11.08.2025,upds,TRUE
12.08.2025,upds,TRUE
19.08.2025,upds,TRUE
01.09.2025,upds,TRUE
01.09.2025,upds,TRUE
11.09.2025,upds,TRUE
05.11.2025,upds,TRUE
05.11.2025,upds,TRUE
17.11.2025,upds,TRUE
02.12.2025,upds,TRUE
03.12.2025,upds,TRUE
03.12.2025,upds,TRUE
09.12.2025,upds,TRUE
09.12.2025,upds,TRUE
10.12.2025,upds,TRUE
10.12.2025,upds,TRUE
19.12.2025,upds,TRUE
19.12.2025,upds,FALSE
22.12.2025,upds,TRUE
22.12.2025,upds,TRUE
08.01.2026,upds,TRUE
12.01.2026,upds,TRUE
13.01.2026,upds,TRUE
13.01.2026,upds,FALSE
13.01.2026,upds,TRUE
13.01.2026,upds,TRUE
20.01.2026,upds,TRUE
29.01.2026,upds,TRUE
02.02.2026,upds,TRUE
04.02.2026,upds,TRUE
13.02.2026,upds,TRUE
25.02.2026,upds,TRUE
25.02.2026,upds,TRUE
26.02.2026,upds,TRUE
27.02.2026,upds,TRUE
02.03.2026,upds,TRUE
03.03.2026,upds,TRUE
03.03.2026,upds,TRUE
03.03.2026,upds,TRUE
05.03.2026,upds,TRUE
06.03.2026,upds,TRUE
10.03.2026,upds,TRUE
11.03.2026,upds,TRUE
13.03.2026,upds,TRUE
16.03.2026,upds,TRUE
19.03.2026,upds,TRUE
19.03.2026,upds,TRUE
19.03.2026,upds,TRUE
23.03.2026,upds,TRUE
26.03.2026,upds,TRUE
27.03.2026,upds,TRUE
30.03.2026,upds,TRUE
02.04.2026,upds,TRUE
07.04.2026,upds,TRUE
07.04.2026,upds,TRUE
10.04.2026,upds,TRUE
13.04.2026,upds,TRUE
14.04.2026,upds,TRUE
14.04.2026,upds,TRUE
17.04.2026,upds,TRUE
20.04.2026,upds,TRUE
20.04.2026,upds,TRUE
22.04.2026,upds,TRUE
27.04.2026,upds,TRUE
28.04.2026,upds,TRUE
05.05.2026,upds,TRUE
05.05.2026,upds,FALSE
06.05.2026,upds,TRUE
07.05.2026,upds,TRUE
07.05.2026,upds,TRUE
07.05.2026,upds,TRUE
08.05.2026,upds,TRUE
12.05.2026,upds,TRUE
12.05.2026,upds,TRUE
12.05.2026,upds,TRUE
13.05.2026,upds,TRUE
18.05.2026,upds,TRUE
20.05.2026,upds,TRUE
20.05.2026,upds,TRUE
21.05.2026,upds,TRUE
26.05.2026,upds,TRUE
26.05.2026,upds,TRUE
27.05.2026,upds,TRUE
27.05.2026,upds,TRUE
27.05.2026,upds,TRUE
27.05.2026,upds,TRUE
27.05.2026,upds,TRUE
27.05.2026,upds,TRUE
29.05.2026,upds,TRUE
29.05.2026,upds,TRUE
29.05.2026,upds,TRUE
29.05.2026,upds,TRUE
29.05.2026,upds,TRUE
29.05.2026,upds,TRUE
01.06.2026,upds,TRUE
01.06.2026,upds,TRUE
01.06.2026,upds,TRUE
02.06.2026,upds,TRUE
02.06.2026,upds,TRUE
02.06.2026,upds,TRUE
02.06.2026,upds,TRUE
02.06.2026,upds,TRUE
02.06.2026,upds,TRUE
04.06.2026,upds,TRUE
04.06.2026,upds,TRUE
04.06.2026,upds,TRUE
04.06.2026,upds,TRUE
04.06.2026,upds,TRUE
04.06.2026,upds,TRUE
09.06.2026,upds,TRUE
09.06.2026,upds,TRUE
09.06.2026,upds,TRUE
10.06.2026,upds,TRUE
10.06.2026,upds,TRUE
10.06.2026,upds,TRUE
10.06.2026,upds,TRUE
10.06.2026,upds,TRUE
10.06.2026,upds,TRUE
15.06.2026,upds,TRUE
15.06.2026,upds,TRUE
15.06.2026,upds,TRUE
15.06.2026,upds,TRUE
15.06.2026,upds,TRUE
15.06.2026,upds,TRUE
16.06.2026,upds,TRUE
16.06.2026,upds,TRUE
16.06.2026,upds,TRUE
17.06.2026,upds,TRUE
17.06.2026,upds,TRUE
17.06.2026,upds,TRUE
23.06.2026,upds,TRUE
23.06.2026,upds,TRUE
23.06.2026,upds,TRUE
24.06.2026,upds,TRUE
24.06.2026,upds,TRUE
24.06.2026,upds,TRUE
30.06.2026,upds,TRUE
30.06.2026,upds,TRUE
30.06.2026,upds,TRUE
02.07.2026,upds,TRUE
02.07.2026,upds,TRUE
02.07.2026,upds,TRUE
13.07.2026,upds,TRUE
13.07.2026,upds,TRUE
13.07.2026,upds,TRUE
14.07.2026,upds,TRUE
14.07.2026,upds,TRUE
14.07.2026,upds,TRUE
16.07.2026,upds,TRUE
16.07.2026,upds,TRUE
16.07.2026,upds,TRUE
16.07.2026,upds,TRUE
16.07.2026,upds,TRUE
16.07.2026,upds,TRUE
16.07.2026,upds,TRUE
16.07.2026,upds,TRUE
16.07.2026,upds,TRUE
16.07.2026,upds,TRUE
16.07.2026,upds,TRUE
16.07.2026,upds,TRUE
20.07.2026,upds,TRUE
20.07.2026,upds,TRUE
20.07.2026,upds,TRUE
21.07.2026,upds,TRUE
21.07.2026,upds,TRUE
21.07.2026,upds,TRUE
28.07.2026,upds,TRUE
28.07.2026,upds,TRUE
28.07.2026,upds,TRUE
03.08.2026,upds,TRUE
03.08.2026,upds,TRUE
03.08.2026,upds,TRUE
03.08.2026,upds,TRUE
03.08.2026,upds,TRUE
03.08.2026,upds,TRUE
04.08.2026,upds,TRUE
04.08.2026,upds,TRUE
04.08.2026,upds,TRUE
05.08.2026,upds,TRUE
05.08.2026,upds,TRUE
05.08.2026,upds,TRUE
05.08.2026,upds,TRUE
05.08.2026,upds,TRUE
05.08.2026,upds,TRUE
06.08.2026,upds,TRUE
06.08.2026,upds,TRUE
06.08.2026,upds,TRUE
06.08.2026,upds,TRUE
06.08.2026,upds,TRUE
06.08.2026,upds,TRUE
10.08.2026,upds,TRUE
10.08.2026,upds,TRUE
10.08.2026,upds,TRUE
17.08.2026,upds,TRUE
17.08.2026,upds,TRUE
17.08.2026,upds,TRUE
18.08.2026,upds,TRUE
18.08.2026,upds,TRUE
18.08.2026,upds,TRUE
18.08.2026,upds,TRUE
18.08.2026,upds,TRUE
18.08.2026,upds,TRUE
27.08.2026,upds,TRUE
27.08.2026,upds,TRUE
27.08.2026,upds,TRUE
16.12.2024,user-connect-api,TRUE
13.05.2025,user-connect-api,TRUE
21.08.2025,user-connect-api,TRUE
26.08.2025,user-connect-api,TRUE
26.08.2025,user-connect-api,TRUE
27.08.2025,user-connect-api,TRUE
21.11.2025,user-connect-api,TRUE
11.02.2026,user-connect-api,TRUE
11.02.2026,user-connect-api,TRUE
19.02.2026,user-connect-api,TRUE
26.02.2026,user-connect-api,TRUE
27.02.2026,user-connect-api,TRUE
02.03.2026,user-connect-api,TRUE
06.03.2026,user-connect-api,TRUE
06.03.2026,user-connect-api,TRUE
06.03.2026,user-connect-api,TRUE
10.03.2026,user-connect-api,TRUE
24.03.2026,user-connect-api,TRUE
12.04.2026,user-connect-api,TRUE
14.04.2026,user-connect-api,TRUE
15.04.2026,user-connect-api,TRUE
15.04.2026,user-connect-api,TRUE
09.06.2026,user-connect-api,TRUE
09.06.2026,user-connect-api,TRUE
10.06.2026,user-connect-api,TRUE
22.06.2026,user-connect-api,TRUE
07.07.2026,user-connect-api,TRUE
12.08.2026,user-connect-api,TRUE
05.01.2024,user-journey,TRUE
05.01.2024,user-journey,TRUE
09.01.2024,user-journey,TRUE
22.01.2024,user-journey,TRUE
22.01.2024,user-journey,TRUE
23.01.2024,user-journey,TRUE
29.01.2024,user-journey,TRUE
29.01.2024,user-journey,TRUE
31.01.2024,user-journey,TRUE
31.01.2024,user-journey,TRUE
06.02.2024,user-journey,TRUE
07.02.2024,user-journey,TRUE
08.02.2024,user-journey,TRUE
09.02.2024,user-journey,TRUE
14.02.2024,user-journey,TRUE
19.02.2024,user-journey,TRUE
19.02.2024,user-journey,TRUE
21.02.2024,user-journey,TRUE
21.02.2024,user-journey,TRUE
23.02.2024,user-journey,TRUE
23.02.2024,user-journey,TRUE
28.02.2024,user-journey,TRUE
04.03.2024,user-journey,TRUE
04.03.2024,user-journey,TRUE
06.03.2024,user-journey,TRUE
07.03.2024,user-journey,TRUE
11.03.2024,user-journey,TRUE
14.03.2024,user-journey,TRUE
14.03.2024,user-journey,TRUE
19.03.2024,user-journey,TRUE
21.03.2024,user-journey,TRUE
03.04.2024,user-journey,TRUE
15.04.2024,user-journey,TRUE
24.04.2024,user-journey,TRUE
07.05.2024,user-journey,TRUE
15.05.2024,user-journey,TRUE
03.06.2024,user-journey,TRUE
17.06.2024,user-journey,TRUE
26.06.2024,user-journey,TRUE
26.06.2024,user-journey,TRUE
23.07.2024,user-journey,TRUE
05.08.2024,user-journey,TRUE
05.08.2024,user-journey,TRUE
14.08.2024,user-journey,TRUE
20.08.2024,user-journey,TRUE
21.08.2024,user-journey,TRUE
21.08.2024,user-journey,TRUE
21.08.2024,user-journey,TRUE
29.08.2024,user-journey,TRUE
05.09.2024,user-journey,TRUE
10.09.2024,user-journey,TRUE
12.09.2024,user-journey,TRUE
12.09.2024,user-journey,TRUE
17.09.2024,user-journey,TRUE
18.09.2024,user-journey,TRUE
07.10.2024,user-journey,TRUE
21.10.2024,user-journey,TRUE
24.10.2024,user-journey,TRUE
24.10.2024,user-journey,TRUE
01.11.2024,user-journey,TRUE
05.12.2024,user-journey,TRUE
24.12.2024,user-journey,TRUE
02.01.2025,user-journey,TRUE
20.01.2025,user-journey,TRUE
21.01.2025,user-journey,TRUE
21.01.2025,user-journey,TRUE
23.01.2025,user-journey,TRUE
24.01.2025,user-journey,TRUE
03.02.2025,user-journey,TRUE
06.02.2025,user-journey,TRUE
19.02.2025,user-journey,TRUE
28.02.2025,user-journey,TRUE
03.03.2025,user-journey,TRUE
03.03.2025,user-journey,TRUE
04.03.2025,user-journey,TRUE
10.03.2025,user-journey,TRUE
11.03.2025,user-journey,TRUE
21.03.2025,user-journey,TRUE
03.04.2025,user-journey,TRUE
10.04.2025,user-journey,TRUE
06.05.2025,user-journey,TRUE
27.05.2025,user-journey,TRUE
07.08.2025,user-journey,TRUE
20.08.2025,user-journey,TRUE
25.08.2025,user-journey,TRUE
15.09.2025,user-journey,TRUE
29.09.2025,user-journey,TRUE
07.10.2025,user-journey,TRUE
09.10.2025,user-journey,TRUE
10.10.2025,user-journey,TRUE
12.11.2025,user-journey,TRUE
20.11.2025,user-journey,TRUE
04.12.2025,user-journey,TRUE
09.12.2025,user-journey,TRUE
10.12.2025,user-journey,TRUE
17.12.2025,user-journey,TRUE
18.12.2025,user-journey,TRUE
02.01.2026,user-journey,TRUE
23.01.2026,user-journey,TRUE
23.01.2026,user-journey,TRUE
29.01.2026,user-journey,TRUE
03.02.2026,user-journey,TRUE
12.02.2026,user-journey,TRUE
13.02.2026,user-journey,TRUE
13.02.2026,user-journey,TRUE
25.02.2026,user-journey,TRUE
25.02.2026,user-journey,TRUE
25.02.2026,user-journey,TRUE
26.02.2026,user-journey,TRUE
03.03.2026,user-journey,TRUE
12.03.2026,user-journey,TRUE
24.03.2026,user-journey,TRUE
31.03.2026,user-journey,TRUE
08.04.2026,user-journey,TRUE
14.04.2026,user-journey,TRUE
23.04.2026,user-journey,TRUE
27.04.2026,user-journey,TRUE
05.05.2026,user-journey,TRUE
06.05.2026,user-journey,TRUE
11.05.2026,user-journey,TRUE
13.05.2026,user-journey,TRUE
20.05.2026,user-journey,TRUE
08.06.2026,user-journey,TRUE
10.06.2026,user-journey,TRUE
15.06.2026,user-journey,TRUE
16.06.2026,user-journey,TRUE
16.06.2026,user-journey,TRUE
16.06.2026,user-journey,TRUE
24.06.2026,user-journey,TRUE
02.07.2026,user-journey,TRUE
06.07.2026,user-journey,TRUE
07.07.2026,user-journey,TRUE
08.07.2026,user-journey,TRUE
08.07.2026,user-journey,TRUE
09.07.2026,user-journey,TRUE
10.07.2026,user-journey,TRUE
13.07.2026,user-journey,TRUE
19.08.2026,user-journey,TRUE
19.08.2026,user-journey,TRUE
25.08.2026,user-journey,TRUE
06.05.2024,user-manager-adm-int,TRUE
06.05.2024,user-manager-adm-int,TRUE
07.05.2024,user-manager-adm-int,TRUE
07.05.2024,user-manager-adm-int,TRUE
08.05.2024,user-manager-adm-int,TRUE
13.05.2024,user-manager-adm-int,TRUE
14.05.2024,user-manager-adm-int,TRUE
14.05.2024,user-manager-adm-int,TRUE
15.05.2024,user-manager-adm-int,TRUE
15.05.2024,user-manager-adm-int,TRUE
15.05.2024,user-manager-adm-int,TRUE
22.05.2024,user-manager-adm-int,TRUE
23.05.2024,user-manager-adm-int,TRUE
17.06.2024,user-manager-adm-int,TRUE
23.07.2024,user-manager-adm-int,TRUE
23.07.2024,user-manager-adm-int,TRUE
23.07.2024,user-manager-adm-int,TRUE
24.07.2024,user-manager-adm-int,TRUE
24.07.2024,user-manager-adm-int,TRUE
25.07.2024,user-manager-adm-int,TRUE
25.07.2024,user-manager-adm-int,TRUE
26.07.2024,user-manager-adm-int,TRUE
07.08.2024,user-manager-adm-int,TRUE
08.08.2024,user-manager-adm-int,TRUE
08.08.2024,user-manager-adm-int,TRUE
12.08.2024,user-manager-adm-int,TRUE
13.08.2024,user-manager-adm-int,TRUE
14.08.2024,user-manager-adm-int,TRUE
14.08.2024,user-manager-adm-int,TRUE
22.08.2024,user-manager-adm-int,TRUE
22.08.2024,user-manager-adm-int,TRUE
26.08.2024,user-manager-adm-int,TRUE
28.08.2024,user-manager-adm-int,TRUE
04.09.2024,user-manager-adm-int,TRUE
11.09.2024,user-manager-adm-int,TRUE
11.09.2024,user-manager-adm-int,TRUE
13.09.2024,user-manager-adm-int,TRUE
17.09.2024,user-manager-adm-int,TRUE
17.09.2024,user-manager-adm-int,TRUE
23.09.2024,user-manager-adm-int,TRUE
25.09.2024,user-manager-adm-int,TRUE
25.09.2024,user-manager-adm-int,TRUE
25.09.2024,user-manager-adm-int,TRUE
25.09.2024,user-manager-adm-int,TRUE
26.09.2024,user-manager-adm-int,TRUE
30.09.2024,user-manager-adm-int,TRUE
30.09.2024,user-manager-adm-int,TRUE
02.10.2024,user-manager-adm-int,TRUE
15.10.2024,user-manager-adm-int,TRUE
15.10.2024,user-manager-adm-int,TRUE
15.10.2024,user-manager-adm-int,TRUE
25.10.2024,user-manager-adm-int,TRUE
04.11.2024,user-manager-adm-int,TRUE
04.11.2024,user-manager-adm-int,TRUE
06.11.2024,user-manager-adm-int,TRUE
07.11.2024,user-manager-adm-int,TRUE
08.11.2024,user-manager-adm-int,TRUE
12.11.2024,user-manager-adm-int,TRUE
14.11.2024,user-manager-adm-int,TRUE
15.11.2024,user-manager-adm-int,TRUE
15.11.2024,user-manager-adm-int,TRUE
29.11.2024,user-manager-adm-int,TRUE
10.12.2024,user-manager-adm-int,TRUE
13.12.2024,user-manager-adm-int,TRUE
20.12.2024,user-manager-adm-int,TRUE
03.02.2025,user-manager-adm-int,TRUE
03.02.2025,user-manager-adm-int,TRUE
04.02.2025,user-manager-adm-int,TRUE
11.02.2025,user-manager-adm-int,TRUE
25.02.2025,user-manager-adm-int,TRUE
25.02.2025,user-manager-adm-int,TRUE
25.02.2025,user-manager-adm-int,TRUE
10.03.2025,user-manager-adm-int,TRUE
10.03.2025,user-manager-adm-int,TRUE
14.03.2025,user-manager-adm-int,TRUE
14.05.2025,user-manager-adm-int,TRUE
27.05.2025,user-manager-adm-int,TRUE
26.06.2025,user-manager-adm-int,TRUE
27.11.2025,user-manager-adm-int,TRUE
02.01.2026,user-manager-adm-int,TRUE
02.01.2026,user-manager-adm-int,TRUE
16.01.2026,user-manager-adm-int,TRUE
09.02.2026,user-manager-adm-int,TRUE
17.02.2026,user-manager-adm-int,TRUE
19.02.2026,user-manager-adm-int,TRUE
29.06.2026,user-manager-adm-int,TRUE
05.01.2024,validation-adm-int,TRUE
05.01.2024,validation-adm-int,TRUE
08.01.2024,validation-adm-int,TRUE
19.01.2024,validation-adm-int,TRUE
13.02.2024,validation-adm-int,TRUE
13.02.2024,validation-adm-int,TRUE
28.02.2024,validation-adm-int,TRUE
29.02.2024,validation-adm-int,TRUE
04.03.2024,validation-adm-int,TRUE
11.03.2024,validation-adm-int,TRUE
22.07.2024,validation-adm-int,TRUE
13.08.2024,validation-adm-int,TRUE
14.08.2024,validation-adm-int,TRUE
21.08.2024,validation-adm-int,TRUE
04.09.2024,validation-adm-int,TRUE
18.12.2024,validation-adm-int,TRUE
13.05.2025,validation-adm-int,TRUE
16.07.2025,validation-adm-int,TRUE
15.09.2025,validation-adm-int,TRUE
19.11.2025,validation-adm-int,TRUE
27.11.2025,validation-adm-int,TRUE
15.12.2025,validation-adm-int,TRUE
16.12.2025,validation-adm-int,TRUE
16.12.2025,validation-adm-int,TRUE
16.12.2025,validation-adm-int,TRUE
16.12.2025,validation-adm-int,TRUE
17.12.2025,validation-adm-int,TRUE
17.12.2025,validation-adm-int,TRUE
17.12.2025,validation-adm-int,TRUE
17.12.2025,validation-adm-int,TRUE
17.12.2025,validation-adm-int,TRUE
17.12.2025,validation-adm-int,TRUE
17.12.2025,validation-adm-int,TRUE
17.12.2025,validation-adm-int,TRUE
17.12.2025,validation-adm-int,TRUE
17.12.2025,validation-adm-int,TRUE
18.12.2025,validation-adm-int,TRUE
18.12.2025,validation-adm-int,TRUE
18.12.2025,validation-adm-int,TRUE
02.01.2026,validation-adm-int,TRUE
02.01.2026,validation-adm-int,TRUE
16.01.2026,validation-adm-int,TRUE
09.02.2026,validation-adm-int,TRUE
17.02.2026,validation-adm-int,TRUE
19.02.2026,validation-adm-int,TRUE
29.05.2026,validation-adm-int,TRUE
02.06.2026,validation-adm-int,TRUE
29.06.2026,validation-adm-int,TRUE
01.07.2026,validation-adm-int,TRUE
01.07.2026,validation-adm-int,TRUE
01.07.2026,validation-adm-int,TRUE
02.07.2026,validation-adm-int,TRUE
02.07.2026,validation-adm-int,TRUE
14.07.2026,validation-adm-int,TRUE
14.07.2026,validation-adm-int,TRUE
14.07.2026,validation-adm-int,TRUE
16.07.2026,validation-adm-int,TRUE
16.07.2026,validation-adm-int,TRUE
22.07.2026,validation-adm-int,TRUE
27.07.2026,validation-adm-int,TRUE
31.07.2026,validation-adm-int,TRUE
03.08.2026,validation-adm-int,TRUE
03.08.2026,validation-adm-int,TRUE
04.08.2026,validation-adm-int,TRUE
05.08.2026,validation-adm-int,TRUE
10.08.2026,validation-adm-int,TRUE
10.08.2026,validation-adm-int,TRUE
11.08.2026,validation-adm-int,TRUE
11.08.2026,validation-adm-int,TRUE
12.08.2026,validation-adm-int,TRUE
13.08.2026,validation-adm-int,TRUE
17.08.2026,validation-adm-int,TRUE
17.08.2026,validation-adm-int,TRUE
19.08.2026,validation-adm-int,TRUE
24.08.2026,validation-adm-int,TRUE
03.01.2024,victoriametrics,TRUE
27.03.2024,victoriametrics,TRUE
27.03.2024,victoriametrics,TRUE
27.03.2024,victoriametrics,TRUE
27.03.2024,victoriametrics,TRUE
28.03.2024,victoriametrics,TRUE
28.03.2024,victoriametrics,TRUE
11.07.2024,victoriametrics,TRUE
11.07.2024,victoriametrics,TRUE
17.02.2025,victoriametrics,TRUE
17.02.2025,victoriametrics,TRUE
28.03.2025,victoriametrics,TRUE
28.03.2025,victoriametrics,TRUE
26.06.2025,victoriametrics,TRUE
26.06.2025,victoriametrics,TRUE
27.06.2025,victoriametrics,TRUE
14.07.2025,victoriametrics,TRUE
14.07.2025,victoriametrics,TRUE
15.07.2025,victoriametrics,TRUE
15.07.2025,victoriametrics,TRUE
15.07.2025,victoriametrics,TRUE
15.07.2025,victoriametrics,TRUE
17.07.2025,victoriametrics,TRUE
17.07.2025,victoriametrics,TRUE
23.07.2025,victoriametrics,TRUE
23.07.2025,victoriametrics,TRUE
24.07.2025,victoriametrics,TRUE
24.07.2025,victoriametrics,TRUE
24.07.2025,victoriametrics,TRUE
24.07.2025,victoriametrics,TRUE
11.08.2025,victoriametrics,TRUE
11.08.2025,victoriametrics,TRUE
11.08.2025,victoriametrics,TRUE
11.08.2025,victoriametrics,TRUE
17.09.2025,victoriametrics,TRUE
17.09.2025,victoriametrics,TRUE
17.09.2025,victoriametrics,TRUE
17.09.2025,victoriametrics,TRUE
22.09.2025,victoriametrics,TRUE
13.10.2025,victoriametrics,TRUE
13.10.2025,victoriametrics,TRUE
17.10.2025,victoriametrics,TRUE
25.11.2025,victoriametrics,TRUE
30.01.2026,victoriametrics,TRUE
02.02.2026,victoriametrics,TRUE
10.02.2026,victoriametrics,TRUE
12.02.2026,victoriametrics,TRUE
20.03.2026,victoriametrics,TRUE
29.04.2026,victoriametrics,TRUE
29.04.2026,victoriametrics,TRUE
06.05.2026,victoriametrics,TRUE
06.05.2026,victoriametrics,TRUE
12.05.2026,victoriametrics,TRUE
05.06.2026,victoriametrics,TRUE
03.07.2026,victoriametrics,TRUE
23.07.2026,victoriametrics,TRUE
11.08.2026,victoriametrics,TRUE
21.02.2024,virtual-classes,TRUE
19.03.2024,virtual-classes,TRUE
19.03.2024,virtual-classes,TRUE
19.03.2024,virtual-classes,TRUE
28.03.2024,virtual-classes,TRUE
28.03.2024,virtual-classes,TRUE
28.03.2024,virtual-classes,TRUE
19.04.2024,virtual-classes,TRUE
26.04.2024,virtual-classes,TRUE
13.05.2024,virtual-classes,TRUE
14.05.2024,virtual-classes,TRUE
15.05.2024,virtual-classes,TRUE
08.07.2024,virtual-classes,TRUE
08.07.2024,virtual-classes,TRUE
10.07.2024,virtual-classes,TRUE
10.07.2024,virtual-classes,TRUE
10.07.2024,virtual-classes,TRUE
11.07.2024,virtual-classes,TRUE
12.07.2024,virtual-classes,TRUE
23.07.2024,virtual-classes,TRUE
24.07.2024,virtual-classes,TRUE
26.07.2024,virtual-classes,TRUE
26.07.2024,virtual-classes,TRUE
26.07.2024,virtual-classes,TRUE
29.07.2024,virtual-classes,TRUE
29.07.2024,virtual-classes,TRUE
31.07.2024,virtual-classes,TRUE
07.08.2024,virtual-classes,TRUE
07.08.2024,virtual-classes,TRUE
08.08.2024,virtual-classes,TRUE
30.08.2024,virtual-classes,TRUE
05.11.2024,virtual-classes,TRUE
27.11.2024,virtual-classes,TRUE
07.03.2025,virtual-classes,TRUE
11.03.2025,virtual-classes,TRUE
11.03.2025,virtual-classes,TRUE
21.03.2025,virtual-classes,TRUE
08.04.2025,virtual-classes,TRUE
16.06.2025,virtual-classes,TRUE
16.06.2025,virtual-classes,TRUE
23.06.2025,virtual-classes,TRUE
03.07.2025,virtual-classes,TRUE
30.07.2025,virtual-classes,TRUE
06.08.2025,virtual-classes,TRUE
19.09.2025,virtual-classes,TRUE
23.09.2025,virtual-classes,TRUE
23.09.2025,virtual-classes,TRUE
24.09.2025,virtual-classes,TRUE
25.09.2025,virtual-classes,TRUE
17.02.2026,virtual-classes,TRUE
17.02.2026,virtual-classes,TRUE
25.02.2026,virtual-classes,TRUE
25.02.2026,virtual-classes,TRUE
27.02.2026,virtual-classes,TRUE
02.03.2026,virtual-classes,TRUE
03.03.2026,virtual-classes,TRUE
14.04.2026,virtual-classes,TRUE
16.04.2026,virtual-classes,TRUE
16.04.2026,virtual-classes,TRUE
28.04.2026,virtual-classes,TRUE
28.04.2026,virtual-classes,TRUE
29.04.2026,virtual-classes,TRUE
04.05.2026,virtual-classes,TRUE
04.06.2026,virtual-classes,TRUE
11.06.2026,virtual-classes,TRUE
11.06.2026,virtual-classes,TRUE
12.06.2026,virtual-classes,TRUE
15.06.2026,virtual-classes,TRUE
15.06.2026,virtual-classes,TRUE
15.06.2026,virtual-classes,TRUE
17.06.2026,virtual-classes,TRUE
17.06.2026,virtual-classes,TRUE
17.06.2026,virtual-classes,TRUE
18.06.2026,virtual-classes,TRUE
18.06.2026,virtual-classes,TRUE
18.06.2026,virtual-classes,TRUE
19.06.2026,virtual-classes,TRUE
19.06.2026,virtual-classes,TRUE
23.06.2026,virtual-classes,TRUE
25.06.2026,virtual-classes,TRUE
25.06.2026,virtual-classes,TRUE
26.06.2026,virtual-classes,TRUE
30.06.2026,virtual-classes,TRUE
01.07.2026,virtual-classes,TRUE
02.07.2026,virtual-classes,TRUE
02.07.2026,virtual-classes,TRUE
02.07.2026,virtual-classes,TRUE
02.07.2026,virtual-classes,TRUE
03.07.2026,virtual-classes,TRUE
08.07.2026,virtual-classes,TRUE
09.07.2026,virtual-classes,TRUE
14.07.2026,virtual-classes,TRUE
14.07.2026,virtual-classes,TRUE
16.07.2026,virtual-classes,TRUE
16.07.2026,virtual-classes,TRUE
29.07.2026,virtual-classes,TRUE
30.07.2026,virtual-classes,TRUE
04.08.2026,virtual-classes,TRUE
10.08.2026,virtual-classes,TRUE
17.08.2026,virtual-classes,TRUE
24.08.2026,virtual-classes,TRUE
25.08.2026,virtual-classes,TRUE
31.08.2026,virtual-classes,TRUE
31.08.2026,virtual-classes,TRUE
10.01.2024,vulnerability-alerts,TRUE
22.01.2024,vulnerability-alerts,TRUE
23.09.2024,vulnerability-alerts,TRUE
24.09.2024,vulnerability-alerts,TRUE
25.09.2024,vulnerability-alerts,TRUE
10.10.2024,vulnerability-alerts,TRUE
15.10.2024,vulnerability-alerts,TRUE
21.10.2024,vulnerability-alerts,TRUE
18.11.2024,vulnerability-alerts,TRUE
18.11.2024,vulnerability-alerts,TRUE
02.12.2024,vulnerability-alerts,TRUE
08.01.2025,vulnerability-alerts,TRUE
09.01.2025,vulnerability-alerts,TRUE
13.02.2025,vulnerability-alerts,TRUE
19.03.2025,vulnerability-alerts,TRUE
21.03.2025,vulnerability-alerts,TRUE
08.04.2025,vulnerability-alerts,TRUE
11.04.2025,vulnerability-alerts,TRUE
16.04.2025,vulnerability-alerts,TRUE
24.04.2025,vulnerability-alerts,TRUE
02.05.2025,vulnerability-alerts,TRUE
19.05.2025,vulnerability-alerts,TRUE
19.05.2025,vulnerability-alerts,TRUE
19.05.2025,vulnerability-alerts,TRUE
28.05.2025,vulnerability-alerts,TRUE
06.06.2025,vulnerability-alerts,TRUE
13.06.2025,vulnerability-alerts,TRUE
16.06.2025,vulnerability-alerts,TRUE
16.06.2025,vulnerability-alerts,TRUE
24.06.2025,vulnerability-alerts,TRUE
30.06.2025,vulnerability-alerts,TRUE
02.07.2025,vulnerability-alerts,TRUE
08.07.2025,vulnerability-alerts,TRUE
20.08.2025,vulnerability-alerts,TRUE
21.08.2025,vulnerability-alerts,TRUE
21.08.2025,vulnerability-alerts,TRUE
21.08.2025,vulnerability-alerts,TRUE
22.08.2025,vulnerability-alerts,TRUE
24.09.2025,vulnerability-alerts,TRUE
02.10.2025,vulnerability-alerts,TRUE
03.10.2025,vulnerability-alerts,TRUE
03.10.2025,vulnerability-alerts,TRUE
06.10.2025,vulnerability-alerts,TRUE
06.11.2025,vulnerability-alerts,TRUE
20.11.2025,vulnerability-alerts,TRUE
04.12.2025,vulnerability-alerts,TRUE
19.01.2026,vulnerability-alerts,TRUE
23.01.2026,vulnerability-alerts,TRUE
26.01.2026,vulnerability-alerts,TRUE
26.01.2026,vulnerability-alerts,TRUE
28.01.2026,vulnerability-alerts,TRUE
30.01.2026,vulnerability-alerts,TRUE
30.01.2026,vulnerability-alerts,TRUE
04.02.2026,vulnerability-alerts,TRUE
05.02.2026,vulnerability-alerts,TRUE
11.02.2026,vulnerability-alerts,TRUE
27.02.2026,vulnerability-alerts,TRUE
10.03.2026,vulnerability-alerts,TRUE
17.03.2026,vulnerability-alerts,TRUE
17.03.2026,vulnerability-alerts,TRUE
19.03.2026,vulnerability-alerts,TRUE
25.03.2026,vulnerability-alerts,TRUE
30.03.2026,vulnerability-alerts,TRUE
15.04.2026,vulnerability-alerts,TRUE
28.04.2026,vulnerability-alerts,TRUE
22.06.2026,vulnerability-alerts,TRUE
09.07.2026,vulnerability-alerts,TRUE
04.08.2026,vulnerability-alerts,TRUE
18.08.2026,vulnerability-alerts,TRUE
19.08.2026,vulnerability-alerts,TRUE
19.08.2026,vulnerability-alerts,TRUE
25.08.2026,vulnerability-alerts,TRUE
19.02.2026,whitelist-check-server,TRUE
27.03.2026,whitelist-check-server,TRUE
27.03.2026,whitelist-check-server,TRUE
27.03.2026,whitelist-check-server,TRUE
08.02.2024,wms-adm-int,TRUE
12.02.2024,wms-adm-int,TRUE
13.02.2024,wms-adm-int,TRUE
16.02.2024,wms-adm-int,TRUE
19.02.2024,wms-adm-int,TRUE
19.02.2024,wms-adm-int,TRUE
28.02.2024,wms-adm-int,TRUE
07.03.2024,wms-adm-int,TRUE
14.03.2024,wms-adm-int,TRUE
15.03.2024,wms-adm-int,TRUE
20.03.2024,wms-adm-int,TRUE
08.04.2024,wms-adm-int,TRUE
16.04.2024,wms-adm-int,TRUE
21.05.2024,wms-adm-int,TRUE
28.05.2024,wms-adm-int,TRUE
10.06.2024,wms-adm-int,TRUE
22.07.2024,wms-adm-int,TRUE
01.08.2024,wms-adm-int,TRUE
13.08.2024,wms-adm-int,TRUE
13.08.2024,wms-adm-int,TRUE
14.08.2024,wms-adm-int,TRUE
19.08.2024,wms-adm-int,TRUE
20.08.2024,wms-adm-int,TRUE
21.08.2024,wms-adm-int,TRUE
22.08.2024,wms-adm-int,TRUE
23.08.2024,wms-adm-int,TRUE
23.08.2024,wms-adm-int,TRUE
29.08.2024,wms-adm-int,TRUE
16.09.2024,wms-adm-int,TRUE
18.09.2024,wms-adm-int,TRUE
17.10.2024,wms-adm-int,TRUE
29.10.2024,wms-adm-int,TRUE
05.11.2024,wms-adm-int,TRUE
12.11.2024,wms-adm-int,TRUE
13.11.2024,wms-adm-int,TRUE
25.11.2024,wms-adm-int,TRUE
12.12.2024,wms-adm-int,TRUE
27.12.2024,wms-adm-int,TRUE
13.01.2025,wms-adm-int,TRUE
16.01.2025,wms-adm-int,TRUE
23.01.2025,wms-adm-int,TRUE
23.01.2025,wms-adm-int,FALSE
23.01.2025,wms-adm-int,TRUE
27.01.2025,wms-adm-int,TRUE
27.01.2025,wms-adm-int,TRUE
27.01.2025,wms-adm-int,TRUE
28.01.2025,wms-adm-int,TRUE
29.01.2025,wms-adm-int,TRUE
31.01.2025,wms-adm-int,TRUE
04.02.2025,wms-adm-int,TRUE
10.02.2025,wms-adm-int,TRUE
17.03.2025,wms-adm-int,TRUE
15.04.2025,wms-adm-int,TRUE
16.04.2025,wms-adm-int,TRUE
22.04.2025,wms-adm-int,TRUE
11.06.2025,wms-adm-int,TRUE
17.07.2025,wms-adm-int,TRUE
30.07.2025,wms-adm-int,TRUE
06.08.2025,wms-adm-int,TRUE
12.08.2025,wms-adm-int,TRUE
25.08.2025,wms-adm-int,TRUE
04.09.2025,wms-adm-int,TRUE
05.09.2025,wms-adm-int,TRUE
15.09.2025,wms-adm-int,TRUE
18.09.2025,wms-adm-int,TRUE
07.10.2025,wms-adm-int,TRUE
17.10.2025,wms-adm-int,TRUE
21.10.2025,wms-adm-int,TRUE
22.10.2025,wms-adm-int,TRUE
27.10.2025,wms-adm-int,TRUE
15.01.2024,wms-service,TRUE
19.01.2024,wms-service,TRUE
24.01.2024,wms-service,TRUE
29.01.2024,wms-service,TRUE
31.01.2024,wms-service,TRUE
02.02.2024,wms-service,TRUE
06.02.2024,wms-service,TRUE
08.02.2024,wms-service,TRUE
08.02.2024,wms-service,TRUE
12.02.2024,wms-service,TRUE
15.02.2024,wms-service,TRUE
16.02.2024,wms-service,TRUE
19.02.2024,wms-service,TRUE
22.02.2024,wms-service,TRUE
28.02.2024,wms-service,TRUE
28.02.2024,wms-service,TRUE
28.02.2024,wms-service,TRUE
07.03.2024,wms-service,TRUE
14.03.2024,wms-service,TRUE
19.03.2024,wms-service,TRUE
20.03.2024,wms-service,TRUE
20.03.2024,wms-service,TRUE
25.03.2024,wms-service,TRUE
26.03.2024,wms-service,TRUE
02.04.2024,wms-service,TRUE
08.04.2024,wms-service,TRUE
09.04.2024,wms-service,TRUE
09.04.2024,wms-service,TRUE
11.04.2024,wms-service,TRUE
11.04.2024,wms-service,TRUE
18.04.2024,wms-service,TRUE
23.04.2024,wms-service,TRUE
14.05.2024,wms-service,TRUE
14.05.2024,wms-service,TRUE
15.05.2024,wms-service,TRUE
15.05.2024,wms-service,TRUE
21.05.2024,wms-service,TRUE
27.05.2024,wms-service,TRUE
27.05.2024,wms-service,TRUE
27.05.2024,wms-service,TRUE
03.06.2024,wms-service,TRUE
05.06.2024,wms-service,TRUE
07.06.2024,wms-service,TRUE
03.07.2024,wms-service,TRUE
05.07.2024,wms-service,TRUE
19.08.2024,wms-service,TRUE
19.08.2024,wms-service,TRUE
19.08.2024,wms-service,TRUE
19.08.2024,wms-service,TRUE
20.08.2024,wms-service,TRUE
20.08.2024,wms-service,TRUE
22.08.2024,wms-service,TRUE
23.08.2024,wms-service,TRUE
26.08.2024,wms-service,TRUE
29.08.2024,wms-service,TRUE
02.09.2024,wms-service,TRUE
04.09.2024,wms-service,TRUE
04.09.2024,wms-service,TRUE
06.09.2024,wms-service,TRUE
18.09.2024,wms-service,TRUE
19.09.2024,wms-service,FALSE
19.09.2024,wms-service,TRUE
23.09.2024,wms-service,TRUE
23.09.2024,wms-service,TRUE
24.09.2024,wms-service,TRUE
26.09.2024,wms-service,TRUE
26.09.2024,wms-service,TRUE
11.10.2024,wms-service,TRUE
17.10.2024,wms-service,TRUE
24.10.2024,wms-service,TRUE
24.10.2024,wms-service,TRUE
29.10.2024,wms-service,TRUE
05.11.2024,wms-service,TRUE
07.11.2024,wms-service,TRUE
12.11.2024,wms-service,TRUE
18.11.2024,wms-service,TRUE
18.11.2024,wms-service,TRUE
09.12.2024,wms-service,TRUE
12.12.2024,wms-service,TRUE
27.12.2024,wms-service,TRUE
16.01.2025,wms-service,TRUE
23.01.2025,wms-service,TRUE
23.01.2025,wms-service,FALSE
23.01.2025,wms-service,TRUE
23.01.2025,wms-service,TRUE
27.01.2025,wms-service,TRUE
27.01.2025,wms-service,TRUE
29.01.2025,wms-service,TRUE
04.02.2025,wms-service,TRUE
10.02.2025,wms-service,TRUE
13.02.2025,wms-service,TRUE
18.02.2025,wms-service,TRUE
03.03.2025,wms-service,TRUE
14.04.2025,wms-service,TRUE
15.04.2025,wms-service,TRUE
16.04.2025,wms-service,TRUE
17.04.2025,wms-service,TRUE
22.04.2025,wms-service,TRUE
30.04.2025,wms-service,TRUE
14.05.2025,wms-service,TRUE
11.06.2025,wms-service,TRUE
12.06.2025,wms-service,TRUE
18.06.2025,wms-service,TRUE
23.06.2025,wms-service,TRUE
26.06.2025,wms-service,TRUE
26.06.2025,wms-service,TRUE
30.06.2025,wms-service,TRUE
01.07.2025,wms-service,TRUE
02.07.2025,wms-service,TRUE
04.07.2025,wms-service,TRUE
08.07.2025,wms-service,TRUE
14.07.2025,wms-service,TRUE
15.07.2025,wms-service,TRUE
17.07.2025,wms-service,TRUE
25.07.2025,wms-service,TRUE
28.07.2025,wms-service,TRUE
31.07.2025,wms-service,TRUE
05.08.2025,wms-service,TRUE
05.08.2025,wms-service,TRUE
05.08.2025,wms-service,TRUE
05.08.2025,wms-service,TRUE
12.08.2025,wms-service,TRUE
19.08.2025,wms-service,TRUE
19.08.2025,wms-service,TRUE
21.08.2025,wms-service,TRUE
26.08.2025,wms-service,TRUE
04.09.2025,wms-service,TRUE
08.09.2025,wms-service,TRUE
09.09.2025,wms-service,FALSE
10.09.2025,wms-service,TRUE
10.09.2025,wms-service,TRUE
15.09.2025,wms-service,TRUE
18.09.2025,wms-service,TRUE
18.09.2025,wms-service,TRUE
07.10.2025,wms-service,TRUE
07.10.2025,wms-service,TRUE
17.10.2025,wms-service,TRUE
23.10.2025,wms-service,TRUE
23.10.2025,wms-service,TRUE
23.10.2025,wms-service,TRUE
27.10.2025,wms-service,TRUE
30.10.2025,wms-service,TRUE
20.11.2025,wms-service,TRUE
21.11.2025,wms-service,TRUE
21.11.2025,wms-service,TRUE
24.11.2025,wms-service,TRUE
26.11.2025,wms-service,TRUE
27.11.2025,wms-service,TRUE
03.12.2025,wms-service,TRUE
04.12.2025,wms-service,TRUE
08.12.2025,wms-service,TRUE
18.12.2025,wms-service,TRUE
07.01.2026,wms-service,TRUE
07.01.2026,wms-service,TRUE
08.01.2026,wms-service,TRUE
13.01.2026,wms-service,TRUE
15.01.2026,wms-service,TRUE
15.01.2026,wms-service,TRUE
19.01.2026,wms-service,TRUE
03.02.2026,wms-service,TRUE
03.02.2026,wms-service,TRUE
04.02.2026,wms-service,TRUE
10.02.2026,wms-service,TRUE
17.02.2026,wms-service,TRUE
17.02.2026,wms-service,TRUE
17.02.2026,wms-service,TRUE
18.02.2026,wms-service,TRUE
26.02.2026,wms-service,TRUE
26.02.2026,wms-service,TRUE
26.02.2026,wms-service,TRUE
09.03.2026,wms-service,TRUE
10.03.2026,wms-service,TRUE
23.03.2026,wms-service,TRUE
31.03.2026,wms-service,TRUE
06.05.2026,wms-service,TRUE
06.05.2026,wms-service,TRUE
08.05.2026,wms-service,TRUE
26.05.2026,wms-service,TRUE
12.06.2026,wms-service,TRUE
16.06.2026,wms-service,TRUE
25.06.2026,wms-service,TRUE
29.06.2026,wms-service,TRUE
06.07.2026,wms-service,TRUE
07.07.2026,wms-service,TRUE
13.07.2026,wms-service,TRUE
13.07.2026,wms-service,FALSE
13.07.2026,wms-service,TRUE
14.07.2026,wms-service,TRUE
14.07.2026,wms-service,TRUE
15.07.2026,wms-service,TRUE
17.07.2026,wms-service,TRUE
21.07.2026,wms-service,TRUE
23.07.2026,wms-service,TRUE
03.08.2026,wms-service,TRUE
04.08.2026,wms-service,TRUE
07.08.2026,wms-service,TRUE
11.08.2026,wms-service,TRUE
13.08.2026,wms-service,TRUE
14.08.2026,wms-service,TRUE
14.08.2026,wms-service,TRUE
19.08.2026,wms-service,TRUE
25.08.2026,wms-service,TRUE
28.08.2026,wms-service,TRUE
04.01.2024,workout-prediction,TRUE
12.01.2024,workout-prediction,TRUE
18.01.2024,workout-prediction,TRUE
24.01.2024,workout-prediction,TRUE
25.01.2024,workout-prediction,TRUE
29.01.2024,workout-prediction,TRUE
05.02.2024,workout-prediction,TRUE
05.02.2024,workout-prediction,TRUE
08.02.2024,workout-prediction,TRUE
08.02.2024,workout-prediction,TRUE
14.02.2024,workout-prediction,TRUE
14.02.2024,workout-prediction,TRUE
19.02.2024,workout-prediction,TRUE
20.02.2024,workout-prediction,TRUE
21.02.2024,workout-prediction,TRUE
21.02.2024,workout-prediction,TRUE
27.02.2024,workout-prediction,TRUE
27.02.2024,workout-prediction,TRUE
28.02.2024,workout-prediction,TRUE
28.02.2024,workout-prediction,FALSE
29.02.2024,workout-prediction,TRUE
29.02.2024,workout-prediction,TRUE
01.03.2024,workout-prediction,TRUE
04.03.2024,workout-prediction,TRUE
04.03.2024,workout-prediction,TRUE
04.03.2024,workout-prediction,TRUE
05.03.2024,workout-prediction,FALSE
05.03.2024,workout-prediction,TRUE
05.03.2024,workout-prediction,TRUE
06.03.2024,workout-prediction,TRUE
07.03.2024,workout-prediction,TRUE
07.03.2024,workout-prediction,TRUE
07.03.2024,workout-prediction,TRUE
12.03.2024,workout-prediction,TRUE
13.03.2024,workout-prediction,TRUE
18.03.2024,workout-prediction,TRUE
20.03.2024,workout-prediction,FALSE
21.03.2024,workout-prediction,TRUE
25.03.2024,workout-prediction,TRUE
03.04.2024,workout-prediction,TRUE
04.04.2024,workout-prediction,TRUE
05.04.2024,workout-prediction,TRUE
08.04.2024,workout-prediction,TRUE
10.04.2024,workout-prediction,TRUE
15.04.2024,workout-prediction,TRUE
23.04.2024,workout-prediction,TRUE
29.04.2024,workout-prediction,TRUE
29.04.2024,workout-prediction,TRUE
02.05.2024,workout-prediction,TRUE
02.05.2024,workout-prediction,TRUE
02.05.2024,workout-prediction,FALSE
03.05.2024,workout-prediction,TRUE
03.05.2024,workout-prediction,FALSE
07.05.2024,workout-prediction,TRUE
07.05.2024,workout-prediction,TRUE
13.05.2024,workout-prediction,FALSE
13.05.2024,workout-prediction,TRUE
14.05.2024,workout-prediction,TRUE
15.05.2024,workout-prediction,TRUE
16.05.2024,workout-prediction,TRUE
22.05.2024,workout-prediction,TRUE
22.05.2024,workout-prediction,FALSE
22.05.2024,workout-prediction,TRUE
28.05.2024,workout-prediction,TRUE
29.05.2024,workout-prediction,TRUE
03.06.2024,workout-prediction,TRUE
04.06.2024,workout-prediction,TRUE
06.06.2024,workout-prediction,TRUE
12.06.2024,workout-prediction,TRUE
13.06.2024,workout-prediction,TRUE
14.06.2024,workout-prediction,TRUE
14.06.2024,workout-prediction,TRUE
17.06.2024,workout-prediction,TRUE
17.06.2024,workout-prediction,TRUE
18.06.2024,workout-prediction,TRUE
19.06.2024,workout-prediction,TRUE
27.06.2024,workout-prediction,TRUE
27.06.2024,workout-prediction,TRUE
27.06.2024,workout-prediction,TRUE
01.07.2024,workout-prediction,TRUE
09.07.2024,workout-prediction,TRUE
10.07.2024,workout-prediction,TRUE
11.07.2024,workout-prediction,TRUE
11.07.2024,workout-prediction,TRUE
23.07.2024,workout-prediction,TRUE
23.07.2024,workout-prediction,FALSE
23.07.2024,workout-prediction,TRUE
23.07.2024,workout-prediction,TRUE
23.07.2024,workout-prediction,TRUE
24.07.2024,workout-prediction,TRUE
24.07.2024,workout-prediction,TRUE
25.07.2024,workout-prediction,TRUE
02.08.2024,workout-prediction,TRUE
05.08.2024,workout-prediction,TRUE
06.08.2024,workout-prediction,TRUE
07.08.2024,workout-prediction,TRUE
12.08.2024,workout-prediction,TRUE
12.08.2024,workout-prediction,TRUE
14.08.2024,workout-prediction,TRUE
16.08.2024,workout-prediction,TRUE
20.08.2024,workout-prediction,TRUE
20.08.2024,workout-prediction,TRUE
21.08.2024,workout-prediction,TRUE
22.08.2024,workout-prediction,TRUE
22.08.2024,workout-prediction,FALSE
22.08.2024,workout-prediction,TRUE
23.08.2024,workout-prediction,TRUE
27.08.2024,workout-prediction,TRUE
29.08.2024,workout-prediction,TRUE
30.08.2024,workout-prediction,FALSE
30.08.2024,workout-prediction,TRUE
30.08.2024,workout-prediction,TRUE
30.08.2024,workout-prediction,FALSE
02.09.2024,workout-prediction,TRUE
02.09.2024,workout-prediction,TRUE
02.09.2024,workout-prediction,FALSE
02.09.2024,workout-prediction,TRUE
02.09.2024,workout-prediction,FALSE
02.09.2024,workout-prediction,TRUE
02.09.2024,workout-prediction,TRUE
03.09.2024,workout-prediction,TRUE
03.09.2024,workout-prediction,TRUE
04.09.2024,workout-prediction,TRUE
04.09.2024,workout-prediction,TRUE
05.09.2024,workout-prediction,TRUE
05.09.2024,workout-prediction,TRUE
05.09.2024,workout-prediction,TRUE
05.09.2024,workout-prediction,FALSE
05.09.2024,workout-prediction,TRUE
06.09.2024,workout-prediction,TRUE
06.09.2024,workout-prediction,TRUE
06.09.2024,workout-prediction,TRUE
06.09.2024,workout-prediction,TRUE
09.09.2024,workout-prediction,TRUE
10.09.2024,workout-prediction,TRUE
10.09.2024,workout-prediction,TRUE
10.09.2024,workout-prediction,TRUE
10.09.2024,workout-prediction,TRUE
10.09.2024,workout-prediction,TRUE
10.09.2024,workout-prediction,TRUE
12.09.2024,workout-prediction,TRUE
13.09.2024,workout-prediction,TRUE
13.09.2024,workout-prediction,TRUE
18.09.2024,workout-prediction,TRUE
18.09.2024,workout-prediction,TRUE
18.09.2024,workout-prediction,TRUE
18.09.2024,workout-prediction,TRUE
20.09.2024,workout-prediction,TRUE
23.09.2024,workout-prediction,TRUE
24.09.2024,workout-prediction,TRUE
24.09.2024,workout-prediction,TRUE
25.09.2024,workout-prediction,TRUE
25.09.2024,workout-prediction,TRUE
26.09.2024,workout-prediction,TRUE
26.09.2024,workout-prediction,TRUE
26.09.2024,workout-prediction,TRUE
26.09.2024,workout-prediction,TRUE
27.09.2024,workout-prediction,TRUE
27.09.2024,workout-prediction,TRUE
27.09.2024,workout-prediction,TRUE
30.09.2024,workout-prediction,TRUE
30.09.2024,workout-prediction,TRUE
02.10.2024,workout-prediction,TRUE
02.10.2024,workout-prediction,TRUE
02.10.2024,workout-prediction,TRUE
02.10.2024,workout-prediction,TRUE
02.10.2024,workout-prediction,TRUE
04.10.2024,workout-prediction,TRUE
04.10.2024,workout-prediction,TRUE
04.10.2024,workout-prediction,TRUE
04.10.2024,workout-prediction,TRUE
07.10.2024,workout-prediction,TRUE
07.10.2024,workout-prediction,TRUE
07.10.2024,workout-prediction,TRUE
08.10.2024,workout-prediction,TRUE
08.10.2024,workout-prediction,TRUE
08.10.2024,workout-prediction,TRUE
08.10.2024,workout-prediction,TRUE
09.10.2024,workout-prediction,TRUE
09.10.2024,workout-prediction,TRUE
09.10.2024,workout-prediction,TRUE
09.10.2024,workout-prediction,TRUE
10.10.2024,workout-prediction,TRUE
10.10.2024,workout-prediction,TRUE
11.10.2024,workout-prediction,TRUE
11.10.2024,workout-prediction,TRUE
14.10.2024,workout-prediction,TRUE
14.10.2024,workout-prediction,TRUE
14.10.2024,workout-prediction,TRUE
14.10.2024,workout-prediction,TRUE
15.10.2024,workout-prediction,TRUE
16.10.2024,workout-prediction,TRUE
16.10.2024,workout-prediction,TRUE
16.10.2024,workout-prediction,TRUE
16.10.2024,workout-prediction,TRUE
18.10.2024,workout-prediction,TRUE
24.10.2024,workout-prediction,TRUE
25.10.2024,workout-prediction,TRUE
28.10.2024,workout-prediction,TRUE
28.10.2024,workout-prediction,TRUE
29.10.2024,workout-prediction,TRUE
30.10.2024,workout-prediction,TRUE
30.10.2024,workout-prediction,FALSE
30.10.2024,workout-prediction,TRUE
30.10.2024,workout-prediction,FALSE
30.10.2024,workout-prediction,TRUE
04.11.2024,workout-prediction,TRUE
04.11.2024,workout-prediction,TRUE
04.11.2024,workout-prediction,TRUE
05.11.2024,workout-prediction,TRUE
05.11.2024,workout-prediction,TRUE
07.11.2024,workout-prediction,TRUE
07.11.2024,workout-prediction,TRUE
07.11.2024,workout-prediction,TRUE
13.11.2024,workout-prediction,TRUE
22.11.2024,workout-prediction,TRUE
05.12.2024,workout-prediction,TRUE
09.12.2024,workout-prediction,TRUE
09.12.2024,workout-prediction,TRUE
09.12.2024,workout-prediction,TRUE
09.12.2024,workout-prediction,FALSE
09.12.2024,workout-prediction,TRUE
10.12.2024,workout-prediction,TRUE
10.12.2024,workout-prediction,TRUE
10.12.2024,workout-prediction,TRUE
10.12.2024,workout-prediction,TRUE
11.12.2024,workout-prediction,TRUE
12.12.2024,workout-prediction,TRUE
12.12.2024,workout-prediction,TRUE
12.12.2024,workout-prediction,TRUE
16.12.2024,workout-prediction,TRUE
16.12.2024,workout-prediction,TRUE
17.12.2024,workout-prediction,TRUE
17.12.2024,workout-prediction,TRUE
17.12.2024,workout-prediction,TRUE
17.12.2024,workout-prediction,FALSE
17.12.2024,workout-prediction,TRUE
17.12.2024,workout-prediction,TRUE
18.12.2024,workout-prediction,TRUE
18.12.2024,workout-prediction,TRUE
18.12.2024,workout-prediction,TRUE
18.12.2024,workout-prediction,TRUE
19.12.2024,workout-prediction,TRUE
20.12.2024,workout-prediction,TRUE
23.12.2024,workout-prediction,TRUE
23.12.2024,workout-prediction,TRUE
24.12.2024,workout-prediction,TRUE
30.12.2024,workout-prediction,TRUE
02.01.2025,workout-prediction,TRUE
03.01.2025,workout-prediction,TRUE
06.01.2025,workout-prediction,TRUE
09.01.2025,workout-prediction,TRUE
10.01.2025,workout-prediction,TRUE
13.01.2025,workout-prediction,TRUE
13.01.2025,workout-prediction,TRUE
14.01.2025,workout-prediction,TRUE
15.01.2025,workout-prediction,TRUE
17.01.2025,workout-prediction,TRUE
21.01.2025,workout-prediction,TRUE
21.01.2025,workout-prediction,TRUE
21.01.2025,workout-prediction,TRUE
22.01.2025,workout-prediction,TRUE
23.01.2025,workout-prediction,TRUE
23.01.2025,workout-prediction,TRUE
24.01.2025,workout-prediction,TRUE
27.01.2025,workout-prediction,TRUE
28.01.2025,workout-prediction,TRUE
28.01.2025,workout-prediction,TRUE
29.01.2025,workout-prediction,TRUE
11.02.2025,workout-prediction,TRUE
11.02.2025,workout-prediction,TRUE
11.02.2025,workout-prediction,TRUE
13.02.2025,workout-prediction,TRUE
17.02.2025,workout-prediction,TRUE
18.02.2025,workout-prediction,TRUE
18.02.2025,workout-prediction,TRUE
18.02.2025,workout-prediction,TRUE
19.02.2025,workout-prediction,TRUE
20.02.2025,workout-prediction,TRUE
24.02.2025,workout-prediction,TRUE
05.03.2025,workout-prediction,TRUE
06.03.2025,workout-prediction,TRUE
07.03.2025,workout-prediction,TRUE
07.03.2025,workout-prediction,TRUE
07.03.2025,workout-prediction,TRUE
11.03.2025,workout-prediction,TRUE
11.03.2025,workout-prediction,FALSE
11.03.2025,workout-prediction,TRUE
11.03.2025,workout-prediction,TRUE
11.03.2025,workout-prediction,TRUE
12.03.2025,workout-prediction,TRUE
17.03.2025,workout-prediction,TRUE
17.03.2025,workout-prediction,TRUE
19.03.2025,workout-prediction,TRUE
20.03.2025,workout-prediction,TRUE
20.03.2025,workout-prediction,TRUE
21.03.2025,workout-prediction,TRUE
21.03.2025,workout-prediction,TRUE
21.03.2025,workout-prediction,TRUE
21.03.2025,workout-prediction,TRUE
25.03.2025,workout-prediction,TRUE
25.03.2025,workout-prediction,TRUE
25.03.2025,workout-prediction,TRUE
25.03.2025,workout-prediction,TRUE
25.03.2025,workout-prediction,TRUE
25.03.2025,workout-prediction,TRUE
31.03.2025,workout-prediction,TRUE
31.03.2025,workout-prediction,TRUE
01.04.2025,workout-prediction,TRUE
03.04.2025,workout-prediction,TRUE
04.04.2025,workout-prediction,TRUE
04.04.2025,workout-prediction,TRUE
04.04.2025,workout-prediction,TRUE
07.04.2025,workout-prediction,TRUE
08.04.2025,workout-prediction,TRUE
08.04.2025,workout-prediction,TRUE
08.04.2025,workout-prediction,TRUE
09.04.2025,workout-prediction,TRUE
09.04.2025,workout-prediction,TRUE
09.04.2025,workout-prediction,TRUE
09.04.2025,workout-prediction,TRUE
09.04.2025,workout-prediction,TRUE
10.04.2025,workout-prediction,TRUE
14.04.2025,workout-prediction,TRUE
14.04.2025,workout-prediction,TRUE
14.04.2025,workout-prediction,TRUE
14.04.2025,workout-prediction,TRUE
15.04.2025,workout-prediction,TRUE
16.04.2025,workout-prediction,TRUE
17.04.2025,workout-prediction,TRUE
23.04.2025,workout-prediction,TRUE
23.04.2025,workout-prediction,TRUE
23.04.2025,workout-prediction,TRUE
23.04.2025,workout-prediction,TRUE
24.04.2025,workout-prediction,TRUE
24.04.2025,workout-prediction,TRUE
25.04.2025,workout-prediction,TRUE
28.04.2025,workout-prediction,TRUE
29.04.2025,workout-prediction,TRUE
02.05.2025,workout-prediction,TRUE
05.05.2025,workout-prediction,TRUE
06.05.2025,workout-prediction,TRUE
06.05.2025,workout-prediction,TRUE
06.05.2025,workout-prediction,TRUE
07.05.2025,workout-prediction,TRUE
07.05.2025,workout-prediction,TRUE
12.05.2025,workout-prediction,TRUE
12.05.2025,workout-prediction,TRUE
12.05.2025,workout-prediction,TRUE
15.05.2025,workout-prediction,TRUE
15.05.2025,workout-prediction,TRUE
15.05.2025,workout-prediction,TRUE
15.05.2025,workout-prediction,TRUE
19.05.2025,workout-prediction,TRUE
20.05.2025,workout-prediction,TRUE
21.05.2025,workout-prediction,TRUE
26.05.2025,workout-prediction,TRUE
27.05.2025,workout-prediction,TRUE
28.05.2025,workout-prediction,TRUE
02.06.2025,workout-prediction,TRUE
03.06.2025,workout-prediction,TRUE
04.06.2025,workout-prediction,TRUE
04.06.2025,workout-prediction,TRUE
04.06.2025,workout-prediction,TRUE
10.06.2025,workout-prediction,TRUE
11.06.2025,workout-prediction,TRUE
12.06.2025,workout-prediction,TRUE
12.06.2025,workout-prediction,TRUE
13.06.2025,workout-prediction,TRUE
16.06.2025,workout-prediction,TRUE
17.06.2025,workout-prediction,TRUE
18.06.2025,workout-prediction,TRUE
19.06.2025,workout-prediction,TRUE
19.06.2025,workout-prediction,TRUE
19.06.2025,workout-prediction,TRUE
19.06.2025,workout-prediction,TRUE
20.06.2025,workout-prediction,TRUE
20.06.2025,workout-prediction,TRUE
20.06.2025,workout-prediction,TRUE
23.06.2025,workout-prediction,TRUE
24.06.2025,workout-prediction,TRUE
24.06.2025,workout-prediction,TRUE
25.06.2025,workout-prediction,TRUE
25.06.2025,workout-prediction,TRUE
26.06.2025,workout-prediction,FALSE
30.06.2025,workout-prediction,TRUE
01.07.2025,workout-prediction,TRUE
02.07.2025,workout-prediction,TRUE
03.07.2025,workout-prediction,TRUE
03.07.2025,workout-prediction,TRUE
09.07.2025,workout-prediction,TRUE
09.07.2025,workout-prediction,TRUE
09.07.2025,workout-prediction,TRUE
10.07.2025,workout-prediction,TRUE
11.07.2025,workout-prediction,TRUE
16.07.2025,workout-prediction,TRUE
21.07.2025,workout-prediction,TRUE
23.07.2025,workout-prediction,TRUE
29.07.2025,workout-prediction,TRUE
29.07.2025,workout-prediction,TRUE
31.07.2025,workout-prediction,TRUE
31.07.2025,workout-prediction,TRUE
05.08.2025,workout-prediction,TRUE
06.08.2025,workout-prediction,TRUE
07.08.2025,workout-prediction,TRUE
07.08.2025,workout-prediction,FALSE
11.08.2025,workout-prediction,TRUE
13.08.2025,workout-prediction,TRUE
13.08.2025,workout-prediction,FALSE
13.08.2025,workout-prediction,TRUE
13.08.2025,workout-prediction,TRUE
18.08.2025,workout-prediction,TRUE
19.08.2025,workout-prediction,TRUE
20.08.2025,workout-prediction,TRUE
27.08.2025,workout-prediction,TRUE
01.09.2025,workout-prediction,TRUE
01.09.2025,workout-prediction,TRUE
02.09.2025,workout-prediction,TRUE
02.09.2025,workout-prediction,TRUE
02.09.2025,workout-prediction,TRUE
02.09.2025,workout-prediction,TRUE
03.09.2025,workout-prediction,FALSE
03.09.2025,workout-prediction,TRUE
08.09.2025,workout-prediction,TRUE
08.09.2025,workout-prediction,TRUE
15.09.2025,workout-prediction,TRUE
15.09.2025,workout-prediction,TRUE
17.09.2025,workout-prediction,TRUE
19.09.2025,workout-prediction,TRUE
23.09.2025,workout-prediction,TRUE
23.09.2025,workout-prediction,TRUE
23.09.2025,workout-prediction,TRUE
24.09.2025,workout-prediction,TRUE
25.09.2025,workout-prediction,TRUE
29.09.2025,workout-prediction,TRUE
29.09.2025,workout-prediction,TRUE
29.09.2025,workout-prediction,TRUE
29.09.2025,workout-prediction,TRUE
01.10.2025,workout-prediction,TRUE
02.10.2025,workout-prediction,TRUE
02.10.2025,workout-prediction,TRUE
06.10.2025,workout-prediction,TRUE
06.10.2025,workout-prediction,TRUE
06.10.2025,workout-prediction,TRUE
06.10.2025,workout-prediction,TRUE
07.10.2025,workout-prediction,TRUE
08.10.2025,workout-prediction,TRUE
09.10.2025,workout-prediction,TRUE
10.10.2025,workout-prediction,TRUE
10.10.2025,workout-prediction,TRUE
13.10.2025,workout-prediction,TRUE
14.10.2025,workout-prediction,TRUE
14.10.2025,workout-prediction,TRUE
14.10.2025,workout-prediction,TRUE
15.10.2025,workout-prediction,TRUE
16.10.2025,workout-prediction,TRUE
27.10.2025,workout-prediction,TRUE
27.10.2025,workout-prediction,TRUE
28.10.2025,workout-prediction,TRUE
04.11.2025,workout-prediction,TRUE
05.11.2025,workout-prediction,TRUE
12.11.2025,workout-prediction,TRUE
12.11.2025,workout-prediction,TRUE
14.11.2025,workout-prediction,TRUE
14.11.2025,workout-prediction,TRUE
14.11.2025,workout-prediction,FALSE
17.11.2025,workout-prediction,TRUE
18.11.2025,workout-prediction,TRUE
18.11.2025,workout-prediction,TRUE
18.11.2025,workout-prediction,TRUE
18.11.2025,workout-prediction,TRUE
20.11.2025,workout-prediction,TRUE
20.11.2025,workout-prediction,TRUE
20.11.2025,workout-prediction,TRUE
21.11.2025,workout-prediction,TRUE
21.11.2025,workout-prediction,TRUE
24.11.2025,workout-prediction,TRUE
27.11.2025,workout-prediction,TRUE
03.12.2025,workout-prediction,TRUE
03.12.2025,workout-prediction,TRUE
03.12.2025,workout-prediction,FALSE
03.12.2025,workout-prediction,TRUE
04.12.2025,workout-prediction,TRUE
04.12.2025,workout-prediction,TRUE
08.12.2025,workout-prediction,TRUE
09.12.2025,workout-prediction,TRUE
11.12.2025,workout-prediction,TRUE
12.12.2025,workout-prediction,TRUE
15.12.2025,workout-prediction,TRUE
15.12.2025,workout-prediction,TRUE
16.12.2025,workout-prediction,TRUE
16.12.2025,workout-prediction,TRUE
17.12.2025,workout-prediction,TRUE
17.12.2025,workout-prediction,TRUE
19.12.2025,workout-prediction,TRUE
22.12.2025,workout-prediction,TRUE
22.12.2025,workout-prediction,FALSE
22.12.2025,workout-prediction,TRUE
23.12.2025,workout-prediction,TRUE
23.12.2025,workout-prediction,TRUE
29.12.2025,workout-prediction,TRUE
30.12.2025,workout-prediction,TRUE
05.01.2026,workout-prediction,TRUE
08.01.2026,workout-prediction,TRUE
09.01.2026,workout-prediction,TRUE
12.01.2026,workout-prediction,TRUE
14.01.2026,workout-prediction,TRUE
15.01.2026,workout-prediction,TRUE
15.01.2026,workout-prediction,TRUE
15.01.2026,workout-prediction,TRUE
15.01.2026,workout-prediction,TRUE
16.01.2026,workout-prediction,TRUE
16.01.2026,workout-prediction,TRUE
20.01.2026,workout-prediction,TRUE
21.01.2026,workout-prediction,TRUE
21.01.2026,workout-prediction,TRUE
21.01.2026,workout-prediction,TRUE
21.01.2026,workout-prediction,TRUE
21.01.2026,workout-prediction,TRUE
21.01.2026,workout-prediction,TRUE
21.01.2026,workout-prediction,TRUE
22.01.2026,workout-prediction,TRUE
27.01.2026,workout-prediction,TRUE
27.01.2026,workout-prediction,TRUE
27.01.2026,workout-prediction,TRUE
29.01.2026,workout-prediction,TRUE
05.02.2026,workout-prediction,TRUE
05.02.2026,workout-prediction,TRUE
05.02.2026,workout-prediction,TRUE
06.02.2026,workout-prediction,TRUE
06.02.2026,workout-prediction,TRUE
11.02.2026,workout-prediction,TRUE
11.02.2026,workout-prediction,TRUE
12.02.2026,workout-prediction,TRUE
12.02.2026,workout-prediction,FALSE
12.02.2026,workout-prediction,TRUE
12.02.2026,workout-prediction,TRUE
17.02.2026,workout-prediction,TRUE
17.02.2026,workout-prediction,TRUE
17.02.2026,workout-prediction,TRUE
18.02.2026,workout-prediction,TRUE
19.02.2026,workout-prediction,TRUE
20.02.2026,workout-prediction,TRUE
20.02.2026,workout-prediction,TRUE
20.02.2026,workout-prediction,TRUE
26.02.2026,workout-prediction,TRUE
26.02.2026,workout-prediction,TRUE
04.03.2026,workout-prediction,TRUE
04.03.2026,workout-prediction,TRUE
09.03.2026,workout-prediction,TRUE
10.03.2026,workout-prediction,TRUE
10.03.2026,workout-prediction,TRUE
10.03.2026,workout-prediction,TRUE
10.03.2026,workout-prediction,TRUE
11.03.2026,workout-prediction,TRUE
11.03.2026,workout-prediction,TRUE
11.03.2026,workout-prediction,TRUE
12.03.2026,workout-prediction,TRUE
12.03.2026,workout-prediction,TRUE
16.03.2026,workout-prediction,TRUE
16.03.2026,workout-prediction,TRUE
16.03.2026,workout-prediction,TRUE
16.03.2026,workout-prediction,TRUE
17.03.2026,workout-prediction,TRUE
17.03.2026,workout-prediction,TRUE
19.03.2026,workout-prediction,TRUE
23.03.2026,workout-prediction,TRUE
25.03.2026,workout-prediction,TRUE
25.03.2026,workout-prediction,TRUE
25.03.2026,workout-prediction,TRUE
25.03.2026,workout-prediction,TRUE
25.03.2026,workout-prediction,TRUE
25.03.2026,workout-prediction,TRUE
25.03.2026,workout-prediction,TRUE
25.03.2026,workout-prediction,TRUE
25.03.2026,workout-prediction,TRUE
26.03.2026,workout-prediction,TRUE
01.04.2026,workout-prediction,TRUE
07.04.2026,workout-prediction,TRUE
08.04.2026,workout-prediction,TRUE
08.04.2026,workout-prediction,TRUE
08.04.2026,workout-prediction,TRUE
09.04.2026,workout-prediction,TRUE
09.04.2026,workout-prediction,TRUE
09.04.2026,workout-prediction,TRUE
14.04.2026,workout-prediction,TRUE
15.04.2026,workout-prediction,TRUE
15.04.2026,workout-prediction,TRUE
20.04.2026,workout-prediction,TRUE
21.04.2026,workout-prediction,TRUE
22.04.2026,workout-prediction,TRUE
04.05.2026,workout-prediction,TRUE
05.05.2026,workout-prediction,TRUE
06.05.2026,workout-prediction,TRUE
07.05.2026,workout-prediction,TRUE
11.05.2026,workout-prediction,TRUE
13.05.2026,workout-prediction,TRUE
15.05.2026,workout-prediction,TRUE
19.05.2026,workout-prediction,TRUE
19.05.2026,workout-prediction,TRUE
20.05.2026,workout-prediction,TRUE
22.05.2026,workout-prediction,TRUE
28.05.2026,workout-prediction,TRUE
28.05.2026,workout-prediction,TRUE
09.06.2026,workout-prediction,TRUE
09.06.2026,workout-prediction,TRUE
09.06.2026,workout-prediction,TRUE
11.06.2026,workout-prediction,TRUE
11.06.2026,workout-prediction,TRUE
15.06.2026,workout-prediction,TRUE
16.06.2026,workout-prediction,TRUE
16.06.2026,workout-prediction,TRUE
17.06.2026,workout-prediction,TRUE
22.06.2026,workout-prediction,TRUE
25.06.2026,workout-prediction,TRUE
26.06.2026,workout-prediction,TRUE
29.06.2026,workout-prediction,TRUE
01.07.2026,workout-prediction,TRUE
02.07.2026,workout-prediction,TRUE
02.07.2026,workout-prediction,TRUE
03.07.2026,workout-prediction,TRUE
06.07.2026,workout-prediction,TRUE
06.07.2026,workout-prediction,TRUE
07.07.2026,workout-prediction,TRUE
07.07.2026,workout-prediction,TRUE
07.07.2026,workout-prediction,TRUE
08.07.2026,workout-prediction,TRUE
10.07.2026,workout-prediction,TRUE
10.07.2026,workout-prediction,TRUE
13.07.2026,workout-prediction,TRUE
13.07.2026,workout-prediction,TRUE
13.07.2026,workout-prediction,TRUE
13.07.2026,workout-prediction,TRUE
15.07.2026,workout-prediction,TRUE
17.07.2026,workout-prediction,TRUE
20.07.2026,workout-prediction,TRUE
20.07.2026,workout-prediction,TRUE
22.07.2026,workout-prediction,TRUE
29.07.2026,workout-prediction,TRUE
30.07.2026,workout-prediction,TRUE
07.08.2026,workout-prediction,TRUE
07.08.2026,workout-prediction,TRUE
10.08.2026,workout-prediction,TRUE
12.08.2026,workout-prediction,TRUE
12.08.2026,workout-prediction,TRUE
13.08.2026,workout-prediction,TRUE
18.08.2026,workout-prediction,TRUE
19.08.2026,workout-prediction,TRUE
19.08.2026,workout-prediction,TRUE
20.08.2026,workout-prediction,TRUE
24.08.2026,workout-prediction,TRUE
25.08.2026,workout-prediction,TRUE
27.08.2026,workout-prediction,TRUE
31.08.2026,workout-prediction,TRUE
06.02.2024,workout-streak,TRUE
02.04.2024,workout-streak,TRUE
29.04.2024,workout-streak,TRUE
10.05.2024,workout-streak,TRUE
21.06.2024,workout-streak,TRUE
25.07.2024,workout-streak,TRUE
25.04.2025,workout-streak,TRUE
25.04.2025,workout-streak,TRUE
25.04.2025,workout-streak,TRUE
29.04.2025,workout-streak,TRUE
07.05.2025,workout-streak,TRUE
07.05.2025,workout-streak,TRUE
07.05.2025,workout-streak,TRUE
20.05.2025,workout-streak,TRUE
20.05.2025,workout-streak,TRUE
20.05.2025,workout-streak,TRUE
21.05.2025,workout-streak,TRUE
27.05.2025,workout-streak,TRUE
04.06.2025,workout-streak,TRUE
18.06.2025,workout-streak,TRUE
19.06.2025,workout-streak,TRUE
19.06.2025,workout-streak,TRUE
19.06.2025,workout-streak,TRUE
08.07.2025,workout-streak,TRUE
10.07.2025,workout-streak,TRUE
10.07.2025,workout-streak,TRUE
10.07.2025,workout-streak,TRUE
21.07.2025,workout-streak,TRUE
24.07.2025,workout-streak,TRUE
01.08.2025,workout-streak,TRUE
25.08.2025,workout-streak,TRUE
28.09.2025,workout-streak,TRUE
30.12.2025,workout-streak,TRUE
08.01.2026,workout-streak,TRUE
10.02.2026,workout-streak,TRUE
11.02.2026,workout-streak,TRUE
20.02.2026,workout-streak,TRUE
24.02.2026,workout-streak,TRUE
02.03.2026,workout-streak,TRUE
04.03.2026,workout-streak,TRUE
14.03.2026,workout-streak,TRUE
26.03.2026,workout-streak,TRUE
27.03.2026,workout-streak,TRUE
14.04.2026,workout-streak,TRUE
14.04.2026,workout-streak,TRUE
14.04.2026,workout-streak,TRUE
14.04.2026,workout-streak,TRUE
15.04.2026,workout-streak,TRUE
23.04.2026,workout-streak,TRUE
29.04.2026,workout-streak,TRUE
04.05.2026,workout-streak,TRUE
06.05.2026,workout-streak,TRUE
19.05.2026,workout-streak,TRUE
01.06.2026,workout-streak,TRUE
09.06.2026,workout-streak,TRUE
12.06.2026,workout-streak,TRUE
15.06.2026,workout-streak,TRUE
31.07.2026,workout-streak,TRUE
19.08.2026,workout-streak,TRUE
19.08.2026,workout-streak,TRUE
20.08.2026,workout-streak,TRUE
20.08.2026,workout-streak,TRUE
26.08.2026,workout-streak,TRUE
25.01.2024,workouts-matrix-gateway,TRUE
12.02.2024,workouts-matrix-gateway,TRUE
27.02.2024,workouts-matrix-gateway,TRUE
20.03.2024,workouts-matrix-gateway,TRUE
20.03.2024,workouts-matrix-gateway,TRUE
20.03.2024,workouts-matrix-gateway,TRUE
22.04.2024,workouts-matrix-gateway,TRUE
28.05.2024,workouts-matrix-gateway,TRUE
28.05.2024,workouts-matrix-gateway,TRUE
11.06.2024,workouts-matrix-gateway,TRUE
19.06.2024,workouts-matrix-gateway,TRUE
19.06.2024,workouts-matrix-gateway,TRUE
09.07.2024,workouts-matrix-gateway,TRUE
07.08.2024,workouts-matrix-gateway,TRUE
07.08.2024,workouts-matrix-gateway,TRUE
13.08.2024,workouts-matrix-gateway,TRUE
21.08.2024,workouts-matrix-gateway,TRUE
09.09.2024,workouts-matrix-gateway,TRUE
19.12.2024,workouts-matrix-gateway,TRUE
14.04.2025,workouts-matrix-gateway,TRUE
12.05.2025,workouts-matrix-gateway,TRUE
17.06.2025,workouts-matrix-gateway,TRUE
30.06.2025,workouts-matrix-gateway,TRUE
15.07.2025,workouts-matrix-gateway,TRUE
16.07.2025,workouts-matrix-gateway,TRUE
22.08.2025,workouts-matrix-gateway,TRUE
15.09.2025,workouts-matrix-gateway,TRUE
17.09.2025,workouts-matrix-gateway,TRUE
19.09.2025,workouts-matrix-gateway,TRUE
01.10.2025,workouts-matrix-gateway,TRUE
27.10.2025,workouts-matrix-gateway,TRUE
27.10.2025,workouts-matrix-gateway,TRUE
13.11.2025,workouts-matrix-gateway,TRUE
02.02.2026,workouts-matrix-gateway,TRUE
04.02.2026,workouts-matrix-gateway,TRUE
04.02.2026,workouts-matrix-gateway,TRUE
19.02.2026,workouts-matrix-gateway,TRUE
26.02.2026,workouts-matrix-gateway,TRUE
23.03.2026,workouts-matrix-gateway,TRUE
26.03.2026,workouts-matrix-gateway,TRUE
17.04.2026,workouts-matrix-gateway,TRUE
13.05.2026,workouts-matrix-gateway,TRUE
22.05.2026,workouts-matrix-gateway,TRUE
03.06.2026,workouts-matrix-gateway,TRUE
10.06.2026,workouts-matrix-gateway,TRUE
21.07.2026,workouts-matrix-gateway,TRUE
05.08.2026,workouts-matrix-gateway,TRUE
20.08.2026,workouts-matrix-gateway,TRUE
15.01.2024,workouts,TRUE
15.01.2024,workouts,TRUE
16.01.2024,workouts,TRUE
16.01.2024,workouts,TRUE
16.01.2024,workouts,TRUE
16.01.2024,workouts,TRUE
16.01.2024,workouts,TRUE
17.01.2024,workouts,TRUE
17.01.2024,workouts,TRUE
18.01.2024,workouts,TRUE
18.01.2024,workouts,TRUE
19.01.2024,workouts,TRUE
19.01.2024,workouts,TRUE
22.01.2024,workouts,TRUE
22.01.2024,workouts,TRUE
23.01.2024,workouts,TRUE
23.01.2024,workouts,TRUE
29.01.2024,workouts,TRUE
29.01.2024,workouts,TRUE
30.01.2024,workouts,TRUE
30.01.2024,workouts,TRUE
31.01.2024,workouts,TRUE
31.01.2024,workouts,TRUE
31.01.2024,workouts,TRUE
31.01.2024,workouts,TRUE
01.02.2024,workouts,TRUE
01.02.2024,workouts,TRUE
01.02.2024,workouts,TRUE
01.02.2024,workouts,TRUE
02.02.2024,workouts,TRUE
02.02.2024,workouts,TRUE
05.02.2024,workouts,TRUE
05.02.2024,workouts,TRUE
27.02.2024,workouts,TRUE
27.02.2024,workouts,TRUE
04.03.2024,workouts,TRUE
04.03.2024,workouts,TRUE
20.03.2024,workouts,TRUE
20.03.2024,workouts,TRUE
27.03.2024,workouts,TRUE
27.03.2024,workouts,TRUE
19.04.2024,workouts,TRUE
19.04.2024,workouts,TRUE
13.05.2024,workouts,TRUE
13.05.2024,workouts,TRUE
15.05.2024,workouts,TRUE
15.05.2024,workouts,TRUE
21.05.2024,workouts,TRUE
21.05.2024,workouts,TRUE
22.05.2024,workouts,TRUE
22.05.2024,workouts,TRUE
22.05.2024,workouts,TRUE
22.05.2024,workouts,TRUE
23.05.2024,workouts,TRUE
23.05.2024,workouts,TRUE
23.05.2024,workouts,TRUE
23.05.2024,workouts,TRUE
28.05.2024,workouts,TRUE
28.05.2024,workouts,TRUE
28.05.2024,workouts,TRUE
28.05.2024,workouts,TRUE
29.05.2024,workouts,TRUE
29.05.2024,workouts,TRUE
05.06.2024,workouts,TRUE
05.06.2024,workouts,TRUE
05.06.2024,workouts,TRUE
05.06.2024,workouts,TRUE
11.06.2024,workouts,TRUE
11.06.2024,workouts,TRUE
17.06.2024,workouts,TRUE
17.06.2024,workouts,TRUE
20.06.2024,workouts,TRUE
20.06.2024,workouts,TRUE
04.07.2024,workouts,TRUE
04.07.2024,workouts,TRUE
08.07.2024,workouts,TRUE
08.07.2024,workouts,TRUE
09.07.2024,workouts,TRUE
09.07.2024,workouts,TRUE
15.07.2024,workouts,TRUE
15.07.2024,workouts,TRUE
05.08.2024,workouts,TRUE
05.08.2024,workouts,TRUE
07.08.2024,workouts,TRUE
07.08.2024,workouts,TRUE
08.08.2024,workouts,TRUE
08.08.2024,workouts,TRUE
13.08.2024,workouts,TRUE
13.08.2024,workouts,TRUE
13.08.2024,workouts,TRUE
13.08.2024,workouts,TRUE
05.09.2024,workouts,TRUE
05.09.2024,workouts,TRUE
30.09.2024,workouts,TRUE
30.09.2024,workouts,TRUE
30.09.2024,workouts,TRUE
30.09.2024,workouts,TRUE
04.11.2024,workouts,TRUE
04.11.2024,workouts,TRUE
11.11.2024,workouts,TRUE
11.11.2024,workouts,TRUE
13.11.2024,workouts,TRUE
13.11.2024,workouts,TRUE
20.11.2024,workouts,TRUE
20.11.2024,workouts,TRUE
21.11.2024,workouts,TRUE
21.11.2024,workouts,TRUE
25.11.2024,workouts,TRUE
25.11.2024,workouts,TRUE
25.11.2024,workouts,TRUE
26.11.2024,workouts,TRUE
26.11.2024,workouts,TRUE
27.11.2024,workouts,TRUE
27.11.2024,workouts,TRUE
06.01.2025,workouts,TRUE
06.01.2025,workouts,TRUE
20.01.2025,workouts,TRUE
20.01.2025,workouts,TRUE
21.01.2025,workouts,TRUE
21.01.2025,workouts,TRUE
21.01.2025,workouts,TRUE
21.01.2025,workouts,TRUE
28.01.2025,workouts,TRUE
28.01.2025,workouts,TRUE
28.01.2025,workouts,TRUE
28.01.2025,workouts,TRUE
28.01.2025,workouts,TRUE
29.01.2025,workouts,TRUE
29.01.2025,workouts,TRUE
30.01.2025,workouts,TRUE
30.01.2025,workouts,TRUE
04.02.2025,workouts,TRUE
04.02.2025,workouts,TRUE
13.02.2025,workouts,TRUE
13.02.2025,workouts,TRUE
13.02.2025,workouts,TRUE
13.02.2025,workouts,TRUE
13.02.2025,workouts,TRUE
17.02.2025,workouts,TRUE
17.02.2025,workouts,TRUE
17.02.2025,workouts,TRUE
17.02.2025,workouts,TRUE
17.02.2025,workouts,TRUE
17.02.2025,workouts,TRUE
17.02.2025,workouts,TRUE
17.02.2025,workouts,TRUE
17.02.2025,workouts,TRUE
18.02.2025,workouts,TRUE
18.02.2025,workouts,TRUE
18.02.2025,workouts,TRUE
18.02.2025,workouts,TRUE
18.02.2025,workouts,TRUE
18.02.2025,workouts,TRUE
18.02.2025,workouts,TRUE
18.02.2025,workouts,TRUE
18.02.2025,workouts,TRUE
18.02.2025,workouts,TRUE
18.02.2025,workouts,TRUE
19.02.2025,workouts,TRUE
19.02.2025,workouts,TRUE
19.02.2025,workouts,TRUE
19.02.2025,workouts,TRUE
20.02.2025,workouts,TRUE
20.02.2025,workouts,TRUE
20.02.2025,workouts,TRUE
20.02.2025,workouts,TRUE
20.02.2025,workouts,TRUE
20.02.2025,workouts,TRUE
20.02.2025,workouts,TRUE
20.02.2025,workouts,TRUE
20.02.2025,workouts,TRUE
20.02.2025,workouts,TRUE
25.02.2025,workouts,TRUE
25.02.2025,workouts,TRUE
26.02.2025,workouts,TRUE
26.02.2025,workouts,TRUE
27.02.2025,workouts,TRUE
27.02.2025,workouts,TRUE
27.02.2025,workouts,TRUE
27.02.2025,workouts,TRUE
28.02.2025,workouts,TRUE
28.02.2025,workouts,TRUE
28.02.2025,workouts,TRUE
28.02.2025,workouts,TRUE
28.02.2025,workouts,TRUE
03.03.2025,workouts,TRUE
03.03.2025,workouts,TRUE
03.03.2025,workouts,TRUE
03.03.2025,workouts,TRUE
03.03.2025,workouts,TRUE
03.03.2025,workouts,TRUE
05.03.2025,workouts,TRUE
05.03.2025,workouts,TRUE
05.03.2025,workouts,TRUE
05.03.2025,workouts,TRUE
12.03.2025,workouts,TRUE
12.03.2025,workouts,TRUE
02.04.2025,workouts,TRUE
02.04.2025,workouts,TRUE
03.04.2025,workouts,TRUE
03.04.2025,workouts,TRUE
03.04.2025,workouts,TRUE
03.04.2025,workouts,TRUE
08.04.2025,workouts,TRUE
08.04.2025,workouts,TRUE
09.04.2025,workouts,TRUE
09.04.2025,workouts,TRUE
29.04.2025,workouts,TRUE
29.04.2025,workouts,TRUE
30.04.2025,workouts,TRUE
30.04.2025,workouts,TRUE
30.04.2025,workouts,TRUE
30.04.2025,workouts,TRUE
05.05.2025,workouts,TRUE
05.05.2025,workouts,TRUE
05.05.2025,workouts,TRUE
05.05.2025,workouts,TRUE
14.05.2025,workouts,TRUE
14.05.2025,workouts,TRUE
19.05.2025,workouts,TRUE
19.05.2025,workouts,TRUE
21.05.2025,workouts,TRUE
21.05.2025,workouts,TRUE
22.05.2025,workouts,TRUE
22.05.2025,workouts,TRUE
22.05.2025,workouts,TRUE
22.05.2025,workouts,TRUE
30.05.2025,workouts,TRUE
30.05.2025,workouts,TRUE
16.06.2025,workouts,TRUE
16.06.2025,workouts,TRUE
17.06.2025,workouts,TRUE
17.06.2025,workouts,TRUE
17.06.2025,workouts,TRUE
17.06.2025,workouts,TRUE
09.07.2025,workouts,TRUE
09.07.2025,workouts,TRUE
11.07.2025,workouts,TRUE
11.07.2025,workouts,TRUE
15.07.2025,workouts,TRUE
15.07.2025,workouts,TRUE
05.08.2025,workouts,TRUE
05.08.2025,workouts,TRUE
20.08.2025,workouts,TRUE
20.08.2025,workouts,TRUE
21.08.2025,workouts,TRUE
21.08.2025,workouts,TRUE
28.08.2025,workouts,TRUE
28.08.2025,workouts,TRUE
15.09.2025,workouts,TRUE
15.09.2025,workouts,TRUE
17.09.2025,workouts,TRUE
17.09.2025,workouts,TRUE
18.09.2025,workouts,TRUE
18.09.2025,workouts,TRUE
30.09.2025,workouts,TRUE
30.09.2025,workouts,TRUE
08.10.2025,workouts,TRUE
08.10.2025,workouts,TRUE
10.10.2025,workouts,TRUE
10.10.2025,workouts,TRUE
10.10.2025,workouts,TRUE
10.10.2025,workouts,TRUE
13.10.2025,workouts,TRUE
13.10.2025,workouts,TRUE
14.10.2025,workouts,TRUE
14.10.2025,workouts,TRUE
14.10.2025,workouts,TRUE
14.10.2025,workouts,TRUE
15.10.2025,workouts,TRUE
15.10.2025,workouts,TRUE
15.10.2025,workouts,TRUE
15.10.2025,workouts,TRUE
20.10.2025,workouts,TRUE
20.10.2025,workouts,TRUE
31.10.2025,workouts,TRUE
31.10.2025,workouts,TRUE
12.11.2025,workouts,TRUE
12.11.2025,workouts,TRUE
27.11.2025,workouts,TRUE
27.11.2025,workouts,TRUE
01.12.2025,workouts,TRUE
01.12.2025,workouts,TRUE
03.12.2025,workouts,TRUE
03.12.2025,workouts,TRUE
12.12.2025,workouts,TRUE
12.12.2025,workouts,TRUE
12.12.2025,workouts,TRUE
12.12.2025,workouts,TRUE
12.12.2025,workouts,TRUE
07.01.2026,workouts,TRUE
07.01.2026,workouts,TRUE
07.01.2026,workouts,TRUE
07.01.2026,workouts,TRUE
07.01.2026,workouts,FALSE
07.01.2026,workouts,TRUE
07.01.2026,workouts,TRUE
07.01.2026,workouts,TRUE
08.01.2026,workouts,TRUE
08.01.2026,workouts,TRUE
08.01.2026,workouts,TRUE
08.01.2026,workouts,TRUE
08.01.2026,workouts,TRUE
08.01.2026,workouts,TRUE
08.01.2026,workouts,TRUE
08.01.2026,workouts,TRUE
08.01.2026,workouts,TRUE
08.01.2026,workouts,TRUE
09.01.2026,workouts,TRUE
09.01.2026,workouts,TRUE
09.01.2026,workouts,TRUE
12.01.2026,workouts,TRUE
12.01.2026,workouts,TRUE
12.01.2026,workouts,TRUE
12.01.2026,workouts,TRUE
12.01.2026,workouts,TRUE
12.01.2026,workouts,TRUE
19.01.2026,workouts,TRUE
19.01.2026,workouts,TRUE
19.01.2026,workouts,TRUE
19.01.2026,workouts,TRUE
19.01.2026,workouts,TRUE
22.01.2026,workouts,TRUE
22.01.2026,workouts,TRUE
29.01.2026,workouts,TRUE
29.01.2026,workouts,TRUE
29.01.2026,workouts,TRUE
02.02.2026,workouts,TRUE
02.02.2026,workouts,TRUE
02.02.2026,workouts,TRUE
13.02.2026,workouts,TRUE
13.02.2026,workouts,TRUE
16.02.2026,workouts,TRUE
16.02.2026,workouts,TRUE
19.02.2026,workouts,TRUE
19.02.2026,workouts,TRUE
01.03.2026,workouts,TRUE
02.03.2026,workouts,TRUE
03.03.2026,workouts,TRUE
03.03.2026,workouts,TRUE
04.03.2026,workouts,TRUE
04.03.2026,workouts,TRUE
04.03.2026,workouts,TRUE
05.03.2026,workouts,TRUE
05.03.2026,workouts,TRUE
06.03.2026,workouts,TRUE
06.03.2026,workouts,TRUE
11.03.2026,workouts,TRUE
11.03.2026,workouts,TRUE
11.03.2026,workouts,TRUE
11.03.2026,workouts,TRUE
11.03.2026,workouts,TRUE
11.03.2026,workouts,TRUE
12.03.2026,workouts,TRUE
13.03.2026,workouts,TRUE
14.03.2026,workouts,TRUE
15.03.2026,workouts,TRUE
16.03.2026,workouts,TRUE
16.03.2026,workouts,TRUE
16.03.2026,workouts,TRUE
16.03.2026,workouts,TRUE
16.03.2026,workouts,TRUE
16.03.2026,workouts,TRUE
16.03.2026,workouts,TRUE
17.03.2026,workouts,TRUE
17.03.2026,workouts,TRUE
17.03.2026,workouts,TRUE
17.03.2026,workouts,TRUE
17.03.2026,workouts,TRUE
17.03.2026,workouts,TRUE
17.03.2026,workouts,TRUE
17.03.2026,workouts,TRUE
17.03.2026,workouts,TRUE
17.03.2026,workouts,TRUE
17.03.2026,workouts,TRUE
17.03.2026,workouts,TRUE
18.03.2026,workouts,TRUE
18.03.2026,workouts,TRUE
18.03.2026,workouts,TRUE
18.03.2026,workouts,TRUE
18.03.2026,workouts,TRUE
18.03.2026,workouts,TRUE
18.03.2026,workouts,TRUE
18.03.2026,workouts,TRUE
18.03.2026,workouts,TRUE
18.03.2026,workouts,TRUE
19.03.2026,workouts,TRUE
19.03.2026,workouts,TRUE
19.03.2026,workouts,TRUE
19.03.2026,workouts,TRUE
19.03.2026,workouts,TRUE
19.03.2026,workouts,TRUE
19.03.2026,workouts,TRUE
19.03.2026,workouts,TRUE
19.03.2026,workouts,TRUE
19.03.2026,workouts,TRUE
19.03.2026,workouts,TRUE
19.03.2026,workouts,TRUE
19.03.2026,workouts,TRUE
20.03.2026,workouts,TRUE
20.03.2026,workouts,TRUE
20.03.2026,workouts,TRUE
20.03.2026,workouts,TRUE
20.03.2026,workouts,TRUE
20.03.2026,workouts,TRUE
20.03.2026,workouts,TRUE
20.03.2026,workouts,TRUE
23.03.2026,workouts,TRUE
23.03.2026,workouts,TRUE
01.04.2026,workouts,TRUE
01.04.2026,workouts,TRUE
01.04.2026,workouts,TRUE
01.04.2026,workouts,TRUE
09.04.2026,workouts,TRUE
09.04.2026,workouts,TRUE
21.04.2026,workouts,TRUE
21.04.2026,workouts,TRUE
21.04.2026,workouts,TRUE
21.04.2026,workouts,TRUE
22.04.2026,workouts,TRUE
22.04.2026,workouts,TRUE
23.04.2026,workouts,TRUE
23.04.2026,workouts,TRUE
28.04.2026,workouts,TRUE
28.04.2026,workouts,TRUE
22.05.2026,workouts,TRUE
22.05.2026,workouts,TRUE
19.06.2026,workouts,TRUE
19.06.2026,workouts,TRUE
30.06.2026,workouts,TRUE
30.06.2026,workouts,TRUE
01.07.2026,workouts,TRUE
01.07.2026,workouts,TRUE
03.07.2026,workouts,TRUE
03.07.2026,workouts,TRUE
07.07.2026,workouts,TRUE
07.07.2026,workouts,TRUE
07.07.2026,workouts,TRUE
07.07.2026,workouts,TRUE
09.07.2026,workouts,TRUE
09.07.2026,workouts,TRUE
22.07.2026,workouts,TRUE
22.07.2026,workouts,TRUE
06.08.2026,workouts,TRUE
06.08.2026,workouts,TRUE
10.08.2026,workouts,TRUE
10.08.2026,workouts,TRUE
18.08.2026,workouts,TRUE
18.08.2026,workouts,TRUE
